record_id,evt_id,evt_time,evt_longitude,evt_latitude,evt_depth,event_origin_author,mag,strike,dip,rake,rup_length,rup_width,rup_top_depth,repi,rhypo,rjb,rrup,rx,ry0,station_code,network,station,location,channel,station_longitude,station_latitude,station_elevation,station_depth,vs30,vs30measured,z1pt0,z2pt5,slope,geology,xvf,region,PGV,PGA,SA(0.010),SA(0.020),SA(0.022),SA(0.025),SA(0.029),SA(0.030),SA(0.032),SA(0.035),SA(0.036),SA(0.040),SA(0.042),SA(0.044),SA(0.045),SA(0.046),SA(0.048),SA(0.050),SA(0.055),SA(0.060),SA(0.065),SA(0.067),SA(0.070),SA(0.075),SA(0.080),SA(0.085),SA(0.090),SA(0.095),SA(0.100),SA(0.110),SA(0.120),SA(0.130),SA(0.133),SA(0.140),SA(0.150),SA(0.160),SA(0.170),SA(0.180),SA(0.190),SA(0.200),SA(0.220),SA(0.240),SA(0.250),SA(0.260),SA(0.280),SA(0.290),SA(0.300),SA(0.320),SA(0.340),SA(0.350),SA(0.360),SA(0.380),SA(0.400),SA(0.420),SA(0.440),SA(0.450),SA(0.460),SA(0.480),SA(0.500),SA(0.550),SA(0.600),SA(0.650),SA(0.667),SA(0.700),SA(0.750),SA(0.800),SA(0.850),SA(0.900),SA(0.950),SA(1.000),SA(1.100),SA(1.200),SA(1.300),SA(1.400),SA(1.500),SA(1.600),SA(1.700),SA(1.800),SA(1.900),SA(2.000),SA(2.200),SA(2.400),SA(2.500),SA(2.600),SA(2.800),SA(3.000),SA(3.200),SA(3.400),SA(3.500),SA(3.600),SA(3.800),SA(4.000),SA(4.200),SA(4.400),SA(4.600),SA(4.800),SA(5.000),SA(5.500),SA(6.000),SA(6.500),SA(7.000),SA(7.500),SA(8.000),SA(8.500),SA(9.000),SA(9.500),SA(10.000)
IT-1980-0012|IT.ALT.00.HN,IT-1980-0012,1980-11-23T18:34:53.000000Z,15.31,40.76,15.0,ING_Catalogue,6.9,315.0,60.0,-90.0,28.32,12.03,2.2,23.4,27.8,21.202862935806987,21.313051318676692,-6.963679655538678,20.02669862520212,IT.ALT.00.HN,IT,ALT,00,HN,15.3921,40.5583,357.0,0.0,1018.0,True,7.077689725628424,0.4343602997689068,0.22977543,CRETACEOUS,-14.142125106865866,3,5.193846225738525,0.0684674452200782,0.0684441182823737,0.0691708825993409,0.0695163976442549,0.070031997354755,0.069898600768715,0.070332263110986,0.070270069051167,0.0700711890553071,0.070021953220222,0.0718184390369519,0.0722967216545651,0.0725598478234437,0.0743190398604466,0.0756069887433239,0.0768172849162719,0.0766585715382136,0.0785355072619357,0.0789525281695833,0.086322901600251,0.0894432007596297,0.0970457093344665,0.1053356545036405,0.1151379234003199,0.1226912652391821,0.1251067965084434,0.1523838990969245,0.1585084825663084,0.1340374777773776,0.1104223459923817,0.1236477999974783,0.1210676510035968,0.1043633239216924,0.1274753967311981,0.146508743062366,0.1360839495348267,0.1330450007521132,0.1376720896237423,0.1429439357875853,0.1452481425816887,0.1443631695473269,0.1495437431758325,0.1586940748203333,0.1585309083861417,0.1538997930667774,0.1551107178876999,0.1312371449053318,0.1236681642931303,0.1298595131445704,0.1301606327932992,0.1244262331368721,0.1226222386568988,0.1221428857400902,0.1094266803711847,0.1127718896355607,0.1161406780134115,0.0998847153107133,0.0877977876696983,0.1005771520630959,0.126590951783073,0.0877740649961224,0.0825848658029033,0.0822459107481992,0.0639972011897437,0.0685835710869845,0.0595462277141356,0.0537603704349123,0.0539795445771226,0.0620356766488273,0.0518140370149693,0.0492365704385581,0.0497976632613278,0.0477332187609405,0.0519816525128149,0.0485094157625242,0.0408526291699704,0.035048101112342,0.0292055462191544,0.0286969470028263,0.0264202190123675,0.0207038379530689,0.018332001443472,0.0164676494568771,0.0160611959206749,0.0149656886989146,0.0147448585748999,0.0161456980024824,0.0167317116906809,0.0170399713781627,0.015997912991017,0.0139054218594846,0.012044602492019,0.0106205770168127,0.0100446295947486,0.0093428155170731,0.0086840844048777,0.0069585696324177,0.0060827535947841,0.005114451344549,0.0041641384719898,0.003275992429638,0.0025477257460242,0.0020561733975026,0.0017625837240892,0.0014947663122727,0.0012745258872872
IT-1980-0012|IT.BGI.00.HN,IT-1980-0012,1980-11-23T18:34:53.000000Z,15.31,40.76,15.0,ING_Catalogue,6.9,315.0,60.0,-90.0,28.32,12.03,2.2,21.9,26.5,4.804901037772481,5.289024017493392,-4.804901037772481,0.0,IT.BGI.00.HN,IT,BGI,00,HN,15.0681,40.8311,676.0,0.0,498.0,True,231.3142421238153,0.9841996677676552,0.17927824,CENOZOIC,-32.83873709293526,3,29.43953037261963,0.1483648346392738,0.1483661607115559,0.1497020453862479,0.1500291020492468,0.1500659713773563,0.1535729764173795,0.1545411569167879,0.1557725520753776,0.1534639791581271,0.1536711548580206,0.1582724812757227,0.1613214704803512,0.164324049747381,0.1668081944026044,0.1684845482438287,0.1741334903664799,0.1743089308045933,0.1815613996535219,0.1778987573858428,0.196035302288036,0.2080126321612776,0.2228092915230343,0.2346583315205509,0.2930855363579737,0.3382635227478877,0.3543191273541421,0.3695885848099702,0.3414152210988493,0.3785298880603633,0.4238504982104805,0.3728322060486811,0.353488118641729,0.3341230252378997,0.2995246649918864,0.3222293173579439,0.3726560315946407,0.3713853334318053,0.3641665542831236,0.3275371018660309,0.3380063273566716,0.3073723517175984,0.2672158285059156,0.2533852838872586,0.2528218444051971,0.2664809171330274,0.2396375461943994,0.206999657350049,0.2318290667309546,0.2472014345983998,0.2666961479882047,0.2937634185597797,0.2880443526144057,0.2593586590156448,0.2766420126884008,0.29887399682217,0.3108100144467944,0.3281790718360904,0.3275376389202072,0.3197679828138369,0.3014498702985719,0.3089522689849788,0.3108280308912275,0.2907036708880516,0.2746795719932474,0.2740170964159059,0.2745574410941451,0.2752091401263011,0.2748614664367023,0.2736318184404628,0.2796811140083121,0.3339711729806834,0.3256245755066195,0.2748979954474919,0.2507362113915961,0.2314327041337829,0.2110264193765584,0.1902708616483359,0.1752401341902698,0.1589799243545093,0.1445614813718139,0.1208340987364127,0.1065100690920317,0.094508954227537,0.0787162095756954,0.0658948089251831,0.0570887348013127,0.0511498307349538,0.0487668115859217,0.0480156087122077,0.0455191864511771,0.0420222915800256,0.0412244431219898,0.0394553650021592,0.0373848126815645,0.0354105416625042,0.033245633194878,0.0277087650978919,0.0231089621724452,0.0191012146463161,0.0155509299112525,0.01330313970475,0.011342992954432,0.009646715974859,0.0082922994646276,0.0071178108979519,0.0061809173786793
IT-1980-0012|IT.BNV.00.HN,IT-1980-0012,1980-11-23T18:34:53.000000Z,15.31,40.76,15.0,ING_Catalogue,6.9,315.0,60.0,-90.0,28.32,12.03,2.2,58.7,60.5,30.96499301860468,31.11675034357655,1.808204823487663,30.96499301860468,IT.BNV.00.HN,IT,BNV,00,HN,14.7973,41.1177,234.0,0.0,744.0,True,46.30230527995084,0.6217762710155219,0.042917535,PLEISTOCENE,-46.58894288818703,3,7.472743196448005,0.0504323531008509,0.0504324747468259,0.0508793663470715,0.0509701339355403,0.0511287352858613,0.0515056629400289,0.0515709324153023,0.0515626266375288,0.0522062232530597,0.0523146958212968,0.0533205053696252,0.0537895486116116,0.0540318686146953,0.053913913967115,0.0540049003274867,0.0545563170745195,0.0548914304464327,0.056011552223809,0.0552614072103239,0.0550585722250588,0.053896911539681,0.0533038037091832,0.0541829624575839,0.0618952047752548,0.0586705446039041,0.0666170389570573,0.07301071533519,0.0747897479910737,0.0799560277945483,0.0944075728293003,0.1019079779829731,0.1037735905456846,0.1142298441984253,0.1049779175537602,0.1073741541059337,0.1227591808578374,0.1274782800536336,0.1408079953456316,0.1617910810696923,0.1985376860761452,0.1816959668525811,0.1621445591008417,0.141805139697574,0.1153433097262272,0.1019348828929152,0.0960541105194355,0.0959470301338079,0.0934622365996763,0.089776898834446,0.0903883304094258,0.0867071995345373,0.0819021894269857,0.074456671262956,0.0779953212369411,0.0800567546875917,0.0809932181219813,0.0856489812039501,0.0833212757264191,0.0775138726261622,0.0738858374062177,0.0695484041373851,0.0655235522302166,0.0661340529767526,0.0742475925154666,0.0755410452062165,0.0898929545633055,0.0886693400055314,0.0826744257324482,0.0905523633966638,0.082785042316032,0.0847332756941805,0.0866858136871566,0.0791972026988913,0.0816181286227523,0.0635245959557727,0.057274778439783,0.0628361524754907,0.0689283938523803,0.0767241882606919,0.0783499314542487,0.0501186832191058,0.0474355308800601,0.0433475458640264,0.0403069422002226,0.0394297701034764,0.0324886051625934,0.0249755575510805,0.0227268178149553,0.0225140668508163,0.0207952250178265,0.0203170256054028,0.0200997988091404,0.0183415102720225,0.0170190290401815,0.0169297317479843,0.0159650573966831,0.0111321611858817,0.0076673483468381,0.0065353076280922,0.0050297400273385,0.0044266540510111,0.0031852759062574,0.0022301855313944,0.0018490127655821,0.0016229193331176,0.001472617863747
IT-1980-0012|IT.BSC.00.HN,IT-1980-0012,1980-11-23T18:34:53.000000Z,15.31,40.76,15.0,ING_Catalogue,6.9,315.0,60.0,-90.0,28.32,12.03,2.2,28.3,32.0,21.53058531009814,24.93640463041163,27.53609860792803,0.0,IT.BSC.00.HN,IT,BSC,00,HN,15.376111,41.009722,887.0,0.0,972.0,True,9.536687270737875,0.4579556011430344,0.07821079,PLEISTOCENE,-2.755443839038618,3,14.417200088500977,0.0814583280721022,0.0814555582517849,0.0815321614921631,0.0816103178402542,0.0817929908267123,0.0820859106962015,0.0821084228927557,0.0819987082765178,0.081987934194438,0.0823855700501885,0.0832149054779663,0.0829647477783035,0.0829018967868471,0.082935916145415,0.0828336006543196,0.0828279889952001,0.0828353807414151,0.0831374720289446,0.0835965988224876,0.0850591909211976,0.0842120260444141,0.0847985021758723,0.0857499435289985,0.0865832123408825,0.086731764326039,0.0872691696497693,0.087096534043578,0.0897140500814046,0.0963978762342643,0.1009723974981701,0.1296135733736281,0.1312308516911962,0.1279678218481606,0.1366108998086202,0.1274244704660112,0.1324818756363468,0.1370862314943992,0.1474770113451853,0.1696302623079511,0.1729030411214217,0.1738969196929881,0.1696565303053596,0.1513329523867507,0.1559061557445379,0.1833937715295794,0.2105509764282225,0.2350322272619374,0.2369534013011769,0.2118419284129595,0.2109985300048145,0.248349650480403,0.2343148388161161,0.2136194052334681,0.2256533230534523,0.2490458107130423,0.2640398290657038,0.2587211959463624,0.226276875619729,0.1968825353843793,0.1744014428477069,0.1424288243053389,0.1445749461619239,0.1350886784287754,0.1312342007299805,0.1539555348311677,0.1641237905100404,0.1865776045880158,0.215024949898173,0.2242829854138769,0.1886965428825492,0.1617420646723306,0.1427548743534587,0.1253143969289984,0.1156950118162579,0.1216763621034528,0.1276357149097374,0.1357007271668355,0.1437002760925242,0.1434528497214225,0.1192125338357545,0.079934330076302,0.070273268192218,0.0607178944242036,0.0624250449200829,0.0573347378211684,0.0469998226899862,0.0454900713170811,0.0439017403383132,0.0425272121432469,0.0365369368546216,0.0360940053423934,0.0381754995689075,0.032555641916411,0.0271276997756429,0.0248855130582955,0.0210061185661112,0.0151371457570864,0.010387908456342,0.0080068495390732,0.0057773490746147,0.0048089350010747,0.0041467581869721,0.0037176809092577,0.0033293600525607,0.0029609498986807,0.002616132564678
IT-1980-0012|IT.CLT.00.HN,IT-1980-0012,1980-11-23T18:34:53.000000Z,15.31,40.76,15.0,ING_Catalogue,6.9,315.0,60.0,-90.0,28.32,12.03,2.2,18.9,24.1,16.5422943596675,20.626170227185124,22.55498990206293,0.0,IT.CLT.00.HN,IT,CLT,00,HN,15.4388,40.8988,611.0,0.0,557.0,True,165.23590819781478,0.8658750763377566,0.08312482,CRETACEOUS,-0.7764296685274505,3,27.57810115814209,0.1759693379749408,0.1759886943163742,0.176790179595644,0.1773146894591775,0.1778768582989381,0.1797478907448705,0.1793545638861758,0.1810528653441014,0.1833986237488636,0.1852136154041023,0.1892971757695784,0.1876208596729792,0.1871678192976838,0.1874324681293529,0.1876764391315955,0.1884207453780395,0.1894459676807436,0.1944340542573489,0.194361830247782,0.1993180212181125,0.1963995271808866,0.1902374529561492,0.202075097117192,0.2088938802304278,0.204022866056141,0.2111325406221565,0.2175795984234618,0.2272644582168531,0.2299396152639712,0.2536063808694578,0.2785451714505161,0.3012525994965143,0.3027560955383411,0.3100113217136994,0.3223567497376972,0.3991170957574073,0.4144552691675264,0.3866616652732573,0.3764032252007687,0.4124573585844742,0.363319865732886,0.3677472311610149,0.3927667727863853,0.4421830573047756,0.4406611767022732,0.4823798367863259,0.5228894093982299,0.4982289233890842,0.4435759243089309,0.3871028735311567,0.3777631977029436,0.383800267332527,0.3893875558042399,0.3906808080961671,0.3875932062609827,0.4000370834481404,0.4310907723895645,0.4604144741386829,0.3964280919648304,0.4135247689003106,0.3814355036730143,0.3552665006063497,0.3265354400878566,0.3144919215922712,0.3682912394522177,0.3955162845182873,0.4145436021287554,0.4005770188909922,0.3865558611109982,0.4050981319430877,0.4269317207086252,0.3916038288660911,0.3229380079646599,0.2966456920249882,0.2591346339513271,0.2125485369544069,0.1779154952692135,0.1594060584242583,0.1424172853499042,0.1208645963726675,0.0973570590619781,0.10178337917538,0.1044584085368465,0.0803850565231854,0.0861596227485528,0.0829798726721032,0.0699062403678683,0.0613050355446551,0.0557030695045901,0.0513102738437681,0.0509818517600397,0.0489418751865337,0.0437783114190582,0.0377601645543893,0.0352657300053037,0.0318874948219055,0.0238853158016856,0.0224254188523127,0.0187453450906316,0.016324122325239,0.0146158891771174,0.0112953214598489,0.0100972049489566,0.010256481666042,0.0091989208433598,0.00831698180128
IT-1980-0012|IT.MRT.00.HN,IT-1980-0012,1980-11-23T18:34:53.000000Z,15.31,40.76,15.0,ING_Catalogue,6.9,315.0,60.0,-90.0,28.32,12.03,2.2,47.1,49.5,27.893021907402865,27.983841359914447,-26.72009494179984,7.930827560385141,IT.MRT.00.HN,IT,MRT,00,HN,14.7529,40.7901,164.0,0.0,452.0,True,289.3948106282166,1.0996012194163631,0.11448576,CRETACEOUS,-59.64433148752795,3,9.84309434890747,0.137911024116627,0.1379069287950387,0.1385702922864858,0.1387862333769503,0.1390889863080638,0.140468614691278,0.1405543112113267,0.1408413311161998,0.1420543853257161,0.1423526982523169,0.141994581109548,0.1415315192855454,0.1425567786390935,0.1437816178502591,0.1450610363112372,0.146710528481063,0.1476176283528405,0.1501573281944719,0.1517531847181597,0.1519317610701151,0.1503858258973921,0.1537504481265732,0.147293176171617,0.1477854326232418,0.1497475041592087,0.1560370129421088,0.1600735765404309,0.1591095770625627,0.1774677882135341,0.1871438322940204,0.203690206271993,0.2104461847121096,0.2187964975722195,0.2432333435848568,0.2847495051851764,0.3251349477608357,0.432096972209859,0.5196954815663403,0.4479150371863611,0.3579572932365151,0.3369303910724962,0.3647681325155231,0.4503535550187618,0.4381287227454198,0.3855171430275334,0.350885539561471,0.2701265852481166,0.257622126309443,0.250836051178782,0.2383516208832986,0.2422658945257658,0.2309231725369586,0.2100519672445823,0.2017566433746357,0.2001384557288732,0.2085324189527827,0.2339090961443229,0.2447035520552919,0.2154717776296273,0.2326730619563306,0.2828260485237097,0.2869952165272164,0.267953354218419,0.2394459670463824,0.3095058583610726,0.3197917454427293,0.2875669975483942,0.228547356407347,0.1738996709601118,0.1318523100561497,0.1016601419482693,0.0786887321057782,0.0547068356988763,0.0446894358830888,0.0378374345705812,0.0354249282039873,0.0365837619533027,0.0351638118624902,0.0344448643394615,0.0328965845642487,0.0314679684713918,0.0283773918597197,0.024091898080911,0.0214261387823478,0.0206905922903451,0.0180239214152953,0.0153380960737522,0.0149256285948071,0.0133917949361148,0.0109094122455833,0.0095993455685867,0.0099482021168173,0.0105184477450379,0.0105991013267562,0.00993094224354,0.0090117811990697,0.0062786694834891,0.0047283976394743,0.0037410654742739,0.0031483282474364,0.0027440575800509,0.0023359494800921,0.0020779067608011,0.0018866512458685,0.0017482266309481,0.0015987482589281
IT-1980-0012|IT.RNR.00.HN,IT-1980-0012,1980-11-23T18:34:53.000000Z,15.31,40.76,15.0,ING_Catalogue,6.9,315.0,60.0,-90.0,28.32,12.03,2.2,35.5,38.5,33.309334958727305,35.5835999701757,38.496557085348925,7.379808002595007,IT.RNR.00.HN,IT,RNR,00,HN,15.668889,40.927222,673.0,0.0,539.0,True,184.039207505826,0.8990338312567264,0.06376733,PLEISTOCENE,18.73239487610875,3,11.787506103515623,0.109028864725443,0.1090321460301761,0.1108245510028722,0.1115880276080334,0.1130078361661836,0.1174914856858768,0.1174051682858582,0.1167677876778239,0.1196965742770207,0.1195754942461136,0.1201827965680529,0.1203610532765129,0.1249992478051355,0.1278629126616432,0.127556437143455,0.1281922955560693,0.1305774960614076,0.1381653168681475,0.1593952400388726,0.1648562078176298,0.1661269360601397,0.1895576696433306,0.2097625881287644,0.2287881754232836,0.2407039898400447,0.2463124657096816,0.2603091877673783,0.2432251595340075,0.2609517174644823,0.2371586402802334,0.2495208199977716,0.254647517361225,0.2612321233218203,0.2551128694087082,0.2619381517625592,0.316396667438757,0.3230686045776549,0.3214612373016386,0.3469978223106184,0.3364950820219954,0.3109267442342802,0.2937066563730639,0.3022455438187374,0.2746169694228609,0.2833505463459541,0.2856899076558128,0.2658497154205585,0.2640037876642699,0.2555390193684038,0.2511713358473333,0.2591174552465328,0.2380950207695933,0.2267070300797859,0.2142772286125217,0.2219655848848496,0.227966858858026,0.2369999120626319,0.2394686614321421,0.2183502291185726,0.1836621814244417,0.1736878893996542,0.167256077672152,0.1722328019839195,0.1546664521335132,0.1693103246829958,0.1557003870739301,0.1473460674037904,0.1387782870493583,0.1394316236833124,0.1642612671279351,0.1606813611207045,0.1307413377951931,0.134113293623693,0.1211290655440545,0.1099541527193063,0.0776733936826224,0.0713667640882675,0.0703056604776728,0.0659980366592365,0.049441288846943,0.0496969820776116,0.0496780675618281,0.0491270471652588,0.0390293208213664,0.0337060957070386,0.0298948989136895,0.0293047536570299,0.0285200346076514,0.0269217083946705,0.0236841654647319,0.0210472621237207,0.0204504436215649,0.0165725935426433,0.0155624226960951,0.0151249139730622,0.0150280683717797,0.0107642018413166,0.0091605796617711,0.0094421097324145,0.0085781709548614,0.0080894101797676,0.0071641966922118,0.0066282086419937,0.0057083448498211,0.004755116924091,0.0041758894879425
IT-1980-0012|IT.STR.00.HN,IT-1980-0012,1980-11-23T18:34:53.000000Z,15.31,40.76,15.0,ING_Catalogue,6.9,315.0,60.0,-90.0,28.32,12.03,2.2,33.3,36.5,8.30213162453569,13.155996567939548,13.031648595049823,4.456619292486524,IT.STR.00.HN,IT,STR,00,HN,15.1163,41.0212,586.0,0.0,382.0,True,377.4602734820957,1.3330090411798186,0.13013683,CRETACEOUS,-23.5122996887743,3,51.678855895996094,0.2804038471542588,0.2804481669548952,0.2829050779669541,0.2827805772700837,0.2884970071779279,0.2842445065690694,0.2843639060069614,0.2860023147444952,0.2919565890228853,0.2935186608416127,0.3019412443341819,0.3104932135381312,0.3052265311941109,0.3083657809673402,0.3149070199206398,0.3276076924931193,0.3356355215577796,0.3323775955483614,0.3411438973267771,0.3511884945458605,0.3458808948844221,0.3631415720051021,0.393252429394344,0.3852397364899225,0.3839966198581118,0.4278893884299061,0.4508502278251732,0.4362108302458649,0.498157427592462,0.5944249201763198,0.7317999875236778,0.7141569592741274,0.6588932462973062,0.6146210571727867,0.6946731442565971,0.8270723930468619,0.8560979448057785,0.8634072863084195,0.922257453114524,0.8526312103622999,0.6855337756163516,0.6984658583671514,0.6699968665576074,0.7408321860392705,0.7698592973697178,0.8734280463326063,0.9246653032729067,0.9095049669707728,0.8852232548341097,0.8514897024859098,0.7971343999943173,0.7425219307607298,0.6960118052175336,0.6694898036044968,0.6640501770266588,0.6582626600199978,0.6013772021444033,0.5718990202369854,0.5018931080342072,0.5408751569614496,0.4776555968783414,0.4440161560375066,0.3995669110429256,0.3727667566468905,0.3754455890847442,0.3750797992910646,0.3586633199471589,0.3388373733318153,0.3257038992058927,0.3355599579975543,0.3428275817859067,0.3462802062554099,0.3322505732232869,0.3141858595056618,0.2985569132368816,0.2958739194882999,0.3086728315844739,0.2933844201586902,0.2727280129714473,0.2792092347700858,0.288438264361308,0.2936065507540266,0.2910243812160906,0.2771581342131839,0.2391559328465062,0.2164483277358256,0.1948450925473076,0.1833472666893022,0.1718435502140985,0.1488545903580332,0.126754934273111,0.1148219328585681,0.1049254480349556,0.09520723098628,0.0860031141527791,0.0774982452121456,0.0593649877877127,0.0483624697839623,0.0381481165561901,0.0292259747359903,0.0236911261414694,0.0213860275980065,0.0190972684856253,0.0167141415250725,0.0144602894696746,0.0128689198109101
IT-2009-0009|IT.ANT.00.HN,IT-2009-0009,2009-04-06T01:32:40.000000Z,13.38,42.342,8.3,INGV-CNT_Seismic_Bulletin,6.1,133.0,54.0,-102.0,18.03,13.0,0.5,26.2,27.5,20.756316337608965,23.27857849406263,17.60813945424153,18.206706706772582,IT.ANT.00.HN,IT,ANT,00,HN,13.0786,42.4182,564.0,0.0,912.0,True,14.24393848987804,0.49258307684562,0.03840868,JURASSIC-TRIASSIC,-144.85783581455297,3,2.031956911087036,0.024140140967775,0.0241427933783754,0.0242262312114932,0.0242488939998732,0.0242804199605828,0.0243366447580674,0.024361451720499,0.0243812314876051,0.0245351454673915,0.0245971255041972,0.0245416880327892,0.0247008569307299,0.0250245755031427,0.0251670826454762,0.0252909572825414,0.0255917676872684,0.0255813663275651,0.0248665053087516,0.025482521670693,0.0253664577475072,0.0254863266613933,0.0256950753258353,0.0264334534509378,0.0261920836628109,0.0268222834920144,0.0265970926298795,0.0267527844537944,0.0283439835393575,0.0312175987525331,0.0345412144656819,0.0357999651300085,0.0367026392795017,0.0395490162248916,0.0383038881663856,0.0420552355212509,0.0443250870273382,0.0484486986909603,0.0482709916682547,0.0548210154826382,0.0473264031768936,0.0493495068071498,0.050967903452139,0.0529671871326572,0.0484246314794614,0.049162970049533,0.0504021982545884,0.0524763717959422,0.0503429547961611,0.0537765773049854,0.0611239468957074,0.0696349270308877,0.0814466765508215,0.0833770857900709,0.0853693922986808,0.0890990914816583,0.0852064277739008,0.0772767904910059,0.0855837138344778,0.0803490977749724,0.0721499739080155,0.0502370201550556,0.0484904318104661,0.0523075873559553,0.0456354477116354,0.0437483356911336,0.0423439423327142,0.0396569728286471,0.0332798455491075,0.0274811444441081,0.0228779441856489,0.0175329520367941,0.0153996852111861,0.0142142293632436,0.0125706408841835,0.013727890979265,0.0131130077945512,0.0128535486378513,0.0113698885951662,0.0111945057292308,0.0102439527886744,0.0075695541972985,0.0060772529427605,0.0057506362196668,0.0054349526342408,0.0045395441299295,0.0038846907738245,0.0034956706223948,0.0033083975382484,0.0031029138142429,0.0029086944285626,0.0026174545788028,0.0024271938124873,0.0021591957386842,0.0020262475383457,0.0018502293315715,0.0016778284486109,0.0012423804265019,0.0009357904879525,0.000657759827859,0.0005855917970724,0.0004894180340085,0.0004083976668934,0.0003678382735815,0.0003231742817712,0.0002829383753931,0.0002480849221866
IT-2009-0009|IT.AQA.00.HN,IT-2009-0009,2009-04-06T01:32:40.000000Z,13.38,42.342,8.3,INGV-CNT_Seismic_Bulletin,6.1,133.0,54.0,-102.0,18.03,13.0,0.5,5.0,9.7,0.0,5.570993659414341,6.520218950652607,0.0,IT.AQA.00.HN,IT,AQA,00,HN,13.3393,42.3755,693.0,0.0,549.0,True,173.43134801284884,0.8803245637307024,0.009873427,CRETACEOUS,-125.7078112968494,3,29.757885932922363,0.4149206070018097,0.4150110695534466,0.4277096216588518,0.430361858282055,0.4352334122496918,0.4574730553411794,0.4620089702371803,0.4820817358404154,0.5039293915350413,0.4873990522587604,0.5472772759604517,0.6238494301868773,0.6653444639643851,0.697519151024337,0.7523588746361914,0.8496887757998112,0.9362827026453744,1.3604378511201822,1.261420884381419,1.1068973971176816,1.1367102958374762,1.2157250546860356,1.2849087170687656,1.284847737464705,1.169059991220523,0.9650892539992066,0.9092023219348884,0.893638466281203,1.1245668865693446,1.2977761973952044,1.330823271825228,1.3534118464672855,1.3417533684780605,1.0407000803397133,0.8114441673220112,0.770168950342658,0.8401875846644858,0.8116963750883432,0.772571455350283,0.9231557667711118,0.9084732525769756,0.9012816180403604,0.9464930029491418,0.9830171917857444,0.92581342167411,0.8212393154064276,0.6575855715384894,0.6143914167129767,0.6061659611072119,0.6272237244323766,0.7596364290666228,0.9101434654817784,1.0055492295596518,1.0250175893030689,1.012951999733773,0.9860799411626956,0.8958697049120199,0.8063593787654948,0.6127347664768399,0.5171163506975502,0.4838424469138707,0.4700556733907148,0.4477750375708705,0.4119051734547995,0.3925295825426275,0.3993299776346319,0.3553363595568396,0.3247638233252723,0.2957579097082057,0.2377515411733863,0.205560293364013,0.1707249286097266,0.1474650935428257,0.128607820327002,0.1210761132726097,0.1115392887873295,0.0988744525223151,0.0890060689104923,0.0822525930786409,0.0698774695340783,0.0590881704635264,0.0542998324479109,0.0499168405563809,0.0435743262598711,0.0384598622256046,0.032733411341762,0.0276223285017889,0.0253244428107672,0.0233822355477428,0.0216501600891009,0.0197016103735987,0.0177064168504763,0.0158200273584932,0.0140858660953447,0.0125344832521502,0.0111536094509419,0.0083846338888041,0.0063396125957739,0.0052205328208988,0.0043696523631053,0.0037703552203641,0.0033036178587956,0.0029090689325914,0.0025730391569122,0.0022852432679564,0.0020392452896167
IT-2009-0009|IT.AQG.00.HN,IT-2009-0009,2009-04-06T01:32:40.000000Z,13.38,42.342,8.3,INGV-CNT_Seismic_Bulletin,6.1,133.0,54.0,-102.0,18.03,13.0,0.5,5.0,9.7,0.0,5.807371559285667,6.812385830791048,0.0,IT.AQG.00.HN,IT,AQG,00,HN,13.337026,42.373474,721.0,0.0,696.0,True,65.13993326942776,0.6710712174035732,0.046878174,HOLOCENE,-125.94954594398588,3,32.886159896850586,0.4293864770852241,0.4288438592846325,0.5022539305060787,0.5476843185153886,0.5655595194373827,0.6445787956522413,0.6538013760762504,0.6472226821489949,0.6802670180699069,0.6704035401196433,0.7619302155179569,0.7587465432276359,0.7742557199011231,0.7783583750795132,0.7544677604932762,0.8337340749088308,0.8501353164146412,0.8321347306845575,0.6986427232207305,0.7010717205495899,0.7537700758321078,0.7347435153746855,0.7956477473746217,0.7103055550546457,0.648655266279106,0.6659227280841826,0.7200484934274857,0.785699041510603,0.6331588520168475,0.657973108422352,0.7165892173787779,0.6996354730454819,0.7596835258030522,0.8168332674610258,0.7213919677762504,0.6193402176574327,0.6822147225864,0.8380510537427203,0.8637686087298363,0.9322373915316308,0.8685127449242099,0.8467951963113135,0.7761000957355876,0.9052318368158278,0.9441740122432074,0.9222806985436308,0.8406107065092842,0.7310061762689661,0.7342168658404032,0.7237515394300577,0.652640527469177,0.6255319387134647,0.6586264707242131,0.6378031752244563,0.6168443088283587,0.6257075517584149,0.6216947436451276,0.6440016355033047,0.6413504600189399,0.5582575473603943,0.5669607941791264,0.5694750361609067,0.5692148919817369,0.581796000951408,0.610268481601583,0.616025847253142,0.5724372526285207,0.5120711653680028,0.4550194918019719,0.3560196381183882,0.2918359388476154,0.2485370445976366,0.212950795846628,0.1807536224562458,0.1525693111145042,0.1302068371492014,0.1156218797949847,0.103827653538883,0.0960410920770976,0.0819419967043893,0.069803109912951,0.0644327710129124,0.0594586266260741,0.0507006066697995,0.0434536088242389,0.0373356639094886,0.0322909428415714,0.0300709077275532,0.0280076341791387,0.0244795829375375,0.0214823995036056,0.0189260506939205,0.0167749259815362,0.014963989725126,0.0133694681853921,0.0120123793484121,0.0094055285149471,0.0075272094783758,0.0061313411365361,0.0050751621964331,0.0042683062174842,0.0036248093876627,0.0031166171877386,0.0027302342840923,0.0024467979195441,0.0021999038568664
IT-2009-0009|IT.AQK.00.HN,IT-2009-0009,2009-04-06T01:32:40.000000Z,13.38,42.342,8.3,INGV-CNT_Seismic_Bulletin,6.1,133.0,54.0,-102.0,18.03,13.0,0.5,1.8,8.5,0.0,4.788867112213895,5.549882577786065,0.0,IT.AQK.00.HN,IT,AQK,00,HN,13.400949,42.344967,726.0,0.0,705.0,True,61.11828955243705,0.661279763130525,0.04753461,PLEISTOCENE,-121.77430129881512,3,33.960920333862305,0.3413063730789503,0.3414113134580029,0.3722797633503547,0.3862573951100027,0.3932923470466544,0.4151900251861232,0.4428491956988173,0.4663911262556525,0.5820764901986121,0.5362286750796099,0.5882869656541811,0.6593811264569004,0.6472406360703015,0.6442103233619554,0.6646145187500074,0.6803161321658764,0.7314662603500676,0.5811043998217419,0.6719382674985029,0.6086165096906273,0.6219230893856852,0.6511201896752128,0.5880482536197655,0.6277731664924582,0.585190699528728,0.5809246933168535,0.6569541109066621,0.688647143058286,0.6068125156915315,0.6964740993569188,0.7837543632936605,0.8391231005716725,1.0180930822524557,0.9926570378029494,0.9485029729116624,0.8392702650459163,0.6661647520878556,0.5835824002738926,0.5104325933741906,0.5846660521289879,0.6629126544314679,0.6848409917784712,0.6430687308736107,0.6299384934076728,0.6284322117183077,0.6189028906937296,0.5845322104223337,0.5437287725356739,0.5273368419220941,0.5125005464013653,0.4899735438684656,0.5276150096569004,0.5843423584054577,0.542994431420082,0.5024582081035862,0.4823025978753857,0.4239383924759726,0.3884892180263689,0.4283770077634682,0.4786996029810795,0.5183427185305209,0.5120719878147111,0.5225043030799745,0.4303814143277508,0.4322083995126967,0.4278855831625537,0.3549112639030526,0.366304621010261,0.4138107649185493,0.3680332587930121,0.3674637239762238,0.3559988471314196,0.3450489826246924,0.3344237728720106,0.3494927624448544,0.3120949272318437,0.285811484340288,0.2586369983567181,0.2300421712027304,0.1778634800436866,0.134858159975297,0.1197163529773436,0.105010818632627,0.0854147226946768,0.0717187980424954,0.0621317859241702,0.0544811454778365,0.0510474696561429,0.0478546778591075,0.0421302047772428,0.0371929635715393,0.0329343381765808,0.0292694265577301,0.0260932652659222,0.0233391371058369,0.0209563852479753,0.0162335707092493,0.0128337306431743,0.0103256653889207,0.0084617868981486,0.0073897617123309,0.0064875095345985,0.0057178129631855,0.0050704783006609,0.0045174744545051,0.0040420802486322
IT-2009-0009|IT.AQV.00.HN,IT-2009-0009,2009-04-06T01:32:40.000000Z,13.38,42.342,8.3,INGV-CNT_Seismic_Bulletin,6.1,133.0,54.0,-102.0,18.03,13.0,0.5,4.9,9.6,0.0,5.249925548796239,6.12323133447085,0.0,IT.AQV.00.HN,IT,AQV,00,HN,13.343888,42.377222,692.0,0.0,474.0,True,261.1957921725306,1.0414133948168094,0.08494014,CRETACEOUS,-125.29268581584245,3,40.5910758972168,0.554069501188288,0.5542283260466101,0.5669297608657184,0.565486709967685,0.5880770654901687,0.5999525774406613,0.5882786291793238,0.6051749949939051,0.6022199405722155,0.6584019231927687,0.6869452907138531,0.7074495076019984,0.7110144559701214,0.7359283237881311,0.770672026340012,0.8434718941750142,0.8623734158361531,0.90272914519149,1.0641822143946151,1.0602010384917984,1.02993114018818,0.9841012554118728,1.0652359840466916,1.2225373438201874,1.0505039278319943,1.22086233860196,1.159870973027815,1.2152145562009091,1.5485952297120829,1.2482289645836333,1.1251012427313862,1.0249679815001342,1.1231741969871138,1.2994178415674422,1.2243159840109432,1.154650275749224,1.1180162391306532,1.22021118604876,1.1771629780689492,1.0142344636527223,1.043377901683552,1.0763575024410228,1.0742038732220474,1.0669567384765828,1.066519541638549,1.0605949527485865,1.0360942596253304,1.1322895263702155,1.1794541442442985,1.2245362888278364,1.2802068958121546,1.2917536645307033,1.2735851186103655,1.2481245678312394,1.2399334932014368,1.2258193243205564,1.1793039481103156,1.1327178900170412,0.9809026551153632,0.9182838780688644,0.8125355087337881,0.7612244105251487,0.6740348521375008,0.599611911331609,0.5379245614277539,0.479108013044644,0.4618497359144641,0.4396666385196184,0.406688431919484,0.3314000055589416,0.2633274701011644,0.2305636701010672,0.1952687468835432,0.1697335237389562,0.1531417551668581,0.1379341450539792,0.1229909718897186,0.1080958269851214,0.0937635010824082,0.0785528644323924,0.0663079109464071,0.0609055084900735,0.0559653144587956,0.0487188983929676,0.0439413695343349,0.0400028889185592,0.034175610928807,0.0310536748612503,0.0286681137958039,0.0244717880890683,0.0212736113267123,0.0191657089990544,0.0175408369184177,0.0159560734022268,0.0143880527526263,0.0129269691394127,0.0100553344111977,0.0080308109465482,0.0065137548840449,0.0054400893711807,0.0046607478741463,0.0040425151178419,0.0035140807753895,0.0030808972222468,0.002723817702184,0.0024240508904881
IT-2009-0009|IT.AVZ.00.HN,IT-2009-0009,2009-04-06T01:32:40.000000Z,13.38,42.342,8.3,INGV-CNT_Seismic_Bulletin,6.1,133.0,54.0,-102.0,18.03,13.0,0.5,35.1,36.1,26.495749834060085,28.677422136304603,29.96526901037284,14.22875832053571,IT.AVZ.00.HN,IT,AVZ,00,HN,13.4259,42.0274,746.0,0.0,199.0,True,509.6140124190109,2.8107722861525355,0.018701343,HOLOCENE,-129.51152527642043,3,10.940889358520508,0.0607827809217838,0.0607808695924823,0.0608751017913682,0.0609092798162159,0.0609668887951218,0.0609488825576835,0.0609967181199512,0.0610989682117133,0.0611623932676088,0.0611530024041962,0.0611983184365036,0.0611982868294655,0.0615182911073793,0.0618471604197744,0.0620104262539103,0.0620192534467698,0.062245285894084,0.0628830407270142,0.0623909300698008,0.0665376170392377,0.0681991584672852,0.0688528466087151,0.0712495738897706,0.0732686068275435,0.0714919063190312,0.0713465613772513,0.0722195592976123,0.0707185749953623,0.0747896082574317,0.084437257067705,0.0973891403998106,0.098894086456057,0.0958457729841045,0.1062234019621899,0.1167569019794691,0.1191655107599649,0.1223518730690029,0.1266141899018194,0.1371191240860093,0.1214408704247493,0.1464360164391832,0.1363931790476116,0.1278604324141071,0.13883519423477,0.1446022506241866,0.1499284786995506,0.1559830714393657,0.1581066633757477,0.1514794627609016,0.1355619327089524,0.1326104500320008,0.1485227806426772,0.1417428091069405,0.1604234374790908,0.1670830333034387,0.1723996293552525,0.1862366221598941,0.1889438240139446,0.1664412702642857,0.1244849506866752,0.1196045908329728,0.1264497364220031,0.1431866756188233,0.1272868187800181,0.0892863823917488,0.0844722891778297,0.0850025911411802,0.0920468730931274,0.0917339765162147,0.1151455346311364,0.1468749122700477,0.1797763400789531,0.1818962101700692,0.160501420731508,0.1276167584174986,0.1049734461817613,0.0842037291478228,0.0677519533002188,0.0565624355021701,0.0461015326477302,0.0401669367412035,0.0381058779578007,0.0364424975932365,0.0342559183645346,0.0312609378962609,0.0245787848552093,0.0205522761059993,0.0195315586315967,0.018806435143764,0.0169319915156501,0.0157615991757163,0.01417425990059,0.0130261012589248,0.0127082135812233,0.0125815673399279,0.0119002662948662,0.0096406105781784,0.008009769201424,0.0071068033001017,0.0059309383946465,0.0047528165802098,0.0039228101166869,0.003487778558164,0.0030884909505763,0.002860544480058,0.0026462651706718
IT-2009-0009|IT.CLN.00.HN,IT-2009-0009,2009-04-06T01:32:40.000000Z,13.38,42.342,8.3,INGV-CNT_Seismic_Bulletin,6.1,133.0,54.0,-102.0,18.03,13.0,0.5,30.8,31.9,19.85745646966096,22.6390840547887,19.92560759872846,15.57842176763754,IT.CLN.00.HN,IT,CLN,00,HN,13.5207,42.0852,801.0,0.0,953.0,False,10.812814995823992,0.4684155499568826,0.16110203,CRETACEOUS,-120.22169841659635,3,6.177994251251221,0.0855731279001167,0.0855145441960184,0.0878935679754922,0.0876892046176179,0.0896665367077451,0.0954018859648861,0.0970115498465381,0.0950851197762639,0.0959024802077435,0.1026122049556864,0.1173579748473431,0.1131750920366765,0.1139992240054202,0.1153908716172309,0.1159543006952156,0.1120910965279939,0.1150976256249566,0.1054994290650171,0.1177905580049313,0.1476918581580149,0.1484529238082801,0.1363369547880072,0.1199208979406094,0.11988367315575,0.1284062528654652,0.1416469270022795,0.1740309631851948,0.1903916195341904,0.1897335307658712,0.1691721593521105,0.1693300358228593,0.1760620701811021,0.1857420363793987,0.2000552440685037,0.173035694523392,0.1434699191914087,0.1459706481728104,0.1536173186877203,0.1775218403874532,0.2357266223211218,0.2328696940505441,0.2385915872973729,0.2556846107935511,0.2247951498590615,0.1979341666324782,0.1822234294898666,0.1513490404622685,0.1414485815157448,0.1397631830367166,0.1334529150283248,0.1066057521629156,0.0961825096714278,0.0841676256463706,0.0861753621182499,0.0847515765158993,0.0833161643919806,0.0794156047959165,0.0721817616898282,0.071833533200234,0.0687807034039937,0.0648959159065434,0.0660840876998927,0.0684473940880213,0.0728876623617722,0.0764862700505769,0.0754109714511162,0.0701814934398426,0.0667125836037396,0.0646209452272347,0.0598473220007921,0.0523318073030772,0.0432798969118687,0.0378095150073041,0.0334569102371771,0.0286235202730237,0.0241310889133774,0.0223071528624014,0.0200424393298836,0.0198996654999202,0.0179640492511628,0.0166630821914565,0.0156228700536741,0.0146003289334579,0.0139343283168081,0.0127313821817447,0.0112282261553071,0.0105534887148822,0.0099824602617513,0.009500054064764,0.0090870672548944,0.0089379929447733,0.0090649225720452,0.0089927264259558,0.0088467116014268,0.0084791867876143,0.0080230013366476,0.0069876368060753,0.0057188009669685,0.0046596490544869,0.0040175016829592,0.0035411969908695,0.0030840813071593,0.0026702288773506,0.0022986652552624,0.001974796647104,0.0016975729271456
IT-2009-0009|IT.CSO1.00.HN,IT-2009-0009,2009-04-06T01:32:40.000000Z,13.38,42.342,8.3,INGV-CNT_Seismic_Bulletin,6.1,133.0,54.0,-102.0,18.03,13.0,0.5,36.0,37.0,35.32102283609146,36.97638763765447,42.96696381270256,0.0,IT.CSO1.00.HN,IT,CSO1,00,HN,13.088044,42.100933,700.0,0.0,764.0,False,40.144597536005925,0.60319089867454,0.017795675,CENOZOIC,-149.98359031194127,3,1.8234605193138125,0.0179808469701746,0.0179826734285491,0.0180599465816373,0.0180899238977354,0.0181129581497494,0.0181818519358062,0.0181934415279036,0.0182473133788251,0.0182756868102936,0.0182841875669491,0.0182503391579645,0.0183368000989199,0.0182966248262699,0.0183295541920737,0.0184498357881622,0.0187384438631683,0.0190598134359869,0.0196887761332276,0.020163191239434,0.0196917140589862,0.0201224841298586,0.0205754525439801,0.0212116176031221,0.0228162699008337,0.0241284538414493,0.0267350513089122,0.0272432525984292,0.0300790036140019,0.0297683033787641,0.0319923466910562,0.0294660964080818,0.0298250146763544,0.0326051688011242,0.033588680776147,0.0361638525575686,0.0407802423627673,0.044125692026557,0.0391453150316926,0.0407471412014946,0.040396383464609,0.0429387180155663,0.0415831455151826,0.0415950894035773,0.0380032704680562,0.0414578320248364,0.0422067618155892,0.0381563603952572,0.0431154968249313,0.0452002351799001,0.0458325955267741,0.0462002925062509,0.0440463907122187,0.0363426064529444,0.0371241796622258,0.0396286017686868,0.042922740854655,0.0434921729266842,0.0453540434643584,0.0494261726057513,0.0462817738497256,0.0401641705774304,0.0370620789168632,0.0316049789109188,0.0320028085851934,0.0269398386013753,0.0251617756019332,0.0297617103080442,0.0282733488935524,0.0264545300725157,0.0306651446349219,0.0244683219034733,0.0207099797226133,0.0168946807187168,0.017367472334177,0.0146929758876073,0.0120185283905455,0.0102385645432709,0.0098907923284179,0.00922243947483,0.0067231545546728,0.0056188584497279,0.0054177010873243,0.0048504146569528,0.0045527664819454,0.0038813350424375,0.0037562541133935,0.0041889775749,0.0043034720051713,0.0045118867525428,0.0048541279237888,0.0049464027384532,0.0045270124783618,0.0040939902776926,0.0036584430258787,0.0031832986258338,0.0027058932002992,0.0017935859289298,0.0014192947245853,0.0013028316431287,0.0012042989483772,0.0011242447035883,0.0011167066277612,0.0010763506272705,0.0010557434505766,0.0010252617959785,0.0009613708010863
IT-2009-0009|IT.FMG.00.HN,IT-2009-0009,2009-04-06T01:32:40.000000Z,13.38,42.342,8.3,INGV-CNT_Seismic_Bulletin,6.1,133.0,54.0,-102.0,18.03,13.0,0.5,23.2,24.6,20.566653950981102,23.313079622322867,27.70247670032908,4.5313263133893935,IT.FMG.00.HN,IT,FMG,00,HN,13.11722,42.268028,1071.0,0.0,790.0,True,33.357413478165455,0.5805347081089803,0.3425955,CRETACEOUS,-146.56317509614212,3,2.180450201034546,0.0245530304589755,0.0245534154592715,0.0248306392488818,0.0248461033609515,0.0250782295809382,0.0255494720511766,0.0257826564308061,0.026204111971467,0.0262451636796233,0.026756000069778,0.029557341880021,0.0290113921660158,0.0293777882750018,0.029519133764142,0.029333020474613,0.0291529268489311,0.0291385089638539,0.0346863773236213,0.037376209977443,0.039228812802226,0.0420787503942412,0.0436975518247563,0.0390964864964499,0.0404427257821208,0.0446522679326929,0.0445694915155648,0.0460685071454442,0.0525868961389175,0.0613858836158549,0.0597414839553575,0.0636333055610009,0.0635154352555344,0.0613110994935864,0.050953758316368,0.0540900708756749,0.0529304615362832,0.0488292346475311,0.0556763333682965,0.0573281315856785,0.0500561508686199,0.043782766946811,0.0463522463294215,0.0473057885082543,0.0509251710696729,0.053996055073323,0.0526116055842694,0.0556817498670092,0.0611202280836494,0.0634765614942222,0.0629937242590048,0.0591682826417785,0.0522254236539197,0.0420559408979158,0.0383530931790141,0.0373475927150295,0.036917636497649,0.0408464002632768,0.0433319515218351,0.0543863709246887,0.0699077677423926,0.061017332669383,0.05459281260711,0.0484350618433586,0.0411059776392737,0.0434543255841631,0.0360424232446156,0.0329492227804232,0.03532380489878,0.0354454013664907,0.0251710664309808,0.0210639834597306,0.0219944156331854,0.0206554221236576,0.0187325029698414,0.0174860487431545,0.0158937689207289,0.0148815780204461,0.0131853072183004,0.0113126181551144,0.0099161996485125,0.0084277083694178,0.0079270904758098,0.0070709330879029,0.0060350183721526,0.0054692351642145,0.0057526237103253,0.0056845152501561,0.0055913828947723,0.0056203535811635,0.0054782405702317,0.0051210217421843,0.0048065729089539,0.0044731958758722,0.0040242995753107,0.0035276454360849,0.0032079115169239,0.0023795554142293,0.0016335069315619,0.0014069156498988,0.0012462840054334,0.0011188122781654,0.0009693600688059,0.0008538830055557,0.000735108895202,0.0006501037376611,0.0005739997390046
IT-2009-0009|IT.GSA.00.HN,IT-2009-0009,2009-04-06T01:32:40.000000Z,13.38,42.342,8.3,INGV-CNT_Seismic_Bulletin,6.1,133.0,54.0,-102.0,18.03,13.0,0.5,14.4,16.6,7.242226725403031,7.2596164443503,-7.242226725403031,0.0,IT.GSA.00.HN,IT,GSA,00,HN,13.519362,42.420689,1062.0,0.0,492.0,True,238.6641381957344,0.9979424679598148,0.085941836,CRETACEOUS,-110.11021354487998,3,8.479114055633545,0.1536670135228709,0.153659086085853,0.156232179035025,0.1568496865124979,0.1582466247030733,0.174678242697977,0.1741906047122596,0.1799657701257839,0.2017052861612844,0.2127041730784633,0.2844237274663848,0.3176314084486286,0.3527899359899416,0.343067066129851,0.3169984449971409,0.299725078516555,0.3014877829516885,0.335270308164274,0.3451719616687843,0.4707197855226184,0.445635027316041,0.3942660370592579,0.4629462383904166,0.4874420716263757,0.5208493155777781,0.5511578574095805,0.5604484380624533,0.5535896617299982,0.5302282208190922,0.5338331108661059,0.4513094498205808,0.434246651819656,0.4164062872545633,0.4721906021296388,0.4206164145189357,0.4040725100350293,0.4159596704740742,0.3875091685103426,0.3924772679967118,0.4454006084335408,0.4582584288105755,0.422267072259175,0.4475351675490147,0.4619746406399603,0.4955036432861756,0.486699082798583,0.4553941522187663,0.4209174603908885,0.3749986340856636,0.3502427512164488,0.2987086272628351,0.2482699375364705,0.2149347953777061,0.2011393281590389,0.2062757808807953,0.2015593307702943,0.1873758456092994,0.1893576944344218,0.1445486929714848,0.1166997430477824,0.0956796108479248,0.0950765540800109,0.0958859744312018,0.0950086561217773,0.0808436222160705,0.0797979773289234,0.0764954692323086,0.0832251456718632,0.0860269246057566,0.0635856982196594,0.050920823260606,0.0394610148920552,0.0362749294016628,0.0358496656878468,0.0330613330547061,0.034736469641008,0.0414912646720062,0.045670837746129,0.0458698604195208,0.0436361992042526,0.0375987846406915,0.0344936706141969,0.0319055165441279,0.0299140960187168,0.0271066276483441,0.0244583071128876,0.0208973305418538,0.0190580567531619,0.0174418051523922,0.0158677702296155,0.0143475876373567,0.0120215389847702,0.0106259023697374,0.0090627169870441,0.0076287719611174,0.0066090280539247,0.0055208468093405,0.0044816285941555,0.0035817082970993,0.0028589069047886,0.0022911839349778,0.0018987752933286,0.0017637889162946,0.0016227540450748,0.0014002960887487,0.0012727017764147
IT-2009-0009|IT.GSG.00.HN,IT-2009-0009,2009-04-06T01:32:40.000000Z,13.38,42.342,8.3,INGV-CNT_Seismic_Bulletin,6.1,133.0,54.0,-102.0,18.03,13.0,0.5,19.2,20.8,12.151758479171184,12.16180670086212,-12.151758479171184,0.0,IT.GSG.00.HN,IT,GSG,00,HN,13.55,42.46,1200.0,200.0,570.0,False,152.4880258645907,0.8433206742703931,0.21504244,JURASSIC-TRIASSIC,-106.49528965425012,3,2.9523580074310303,0.0223473637593664,0.022349185887924,0.0227994759117458,0.0231372794073053,0.023574831616142,0.0249587305439261,0.0259138271662992,0.0263768667837846,0.0286340524999542,0.0280276869299528,0.0272538665236977,0.0277530155590526,0.0294394464630087,0.0304396337820544,0.031717756787721,0.0315579928708877,0.0351588994742977,0.0372022385718625,0.0423024728894236,0.0489340494745231,0.0485382223259373,0.0510182538183641,0.0565130694155801,0.0545493945969551,0.05364312225271,0.049464498969098,0.0519075561919605,0.0536401146747388,0.0570525499712041,0.0568484398676311,0.0611034868627082,0.0580480016119221,0.0528057999299954,0.0575421792135362,0.0600708877933565,0.0601974467401806,0.0645139916869706,0.0562853695496886,0.0494439619842769,0.0613375719037338,0.0518775818520343,0.0481196172337835,0.0542372320953181,0.0712463579774871,0.0666434656905208,0.0584225721764382,0.0478388351115457,0.0447628184942038,0.0461990861762311,0.0445883060106684,0.0464212261910863,0.0373795355810646,0.0327641269175647,0.031688511229206,0.0330336425595386,0.0333514013165637,0.0342194230500438,0.0347946990346562,0.0326840262641385,0.0367715030066578,0.0326007672120405,0.0317350241160813,0.0308129487516318,0.0356962544420122,0.030632453967847,0.0238835364570173,0.0255591862322894,0.0281990361206918,0.0323537115962528,0.0221395064425066,0.021179015811676,0.0205615559741698,0.016465778922504,0.0122837226464046,0.0108803010645236,0.0105505673107605,0.0101877625760329,0.0111110600222776,0.0116169439176238,0.0140088627218998,0.014031060561181,0.0133587776079826,0.0131473167801143,0.0131150981305719,0.0129086137364281,0.012472732811316,0.0119588022395049,0.0116887645109055,0.0115179726893083,0.0111039344212238,0.0101693395966334,0.0091496001677841,0.0084676061143462,0.0078052716377881,0.0069011628082754,0.0059166556132561,0.0042755939936866,0.0031899488176426,0.0025122391987174,0.0021241873402212,0.0018210694980515,0.0015306656452397,0.0012595289963744,0.0010496789070534,0.0009924360340599,0.0009288119209543
IT-2009-0009|IT.LSS.00.HN,IT-2009-0009,2009-04-06T01:32:40.000000Z,13.38,42.342,8.3,INGV-CNT_Seismic_Bulletin,6.1,133.0,54.0,-102.0,18.03,13.0,0.5,41.5,42.3,35.68599275573621,36.80834825812381,12.280740300126263,35.38314026589177,IT.LSS.00.HN,IT,LSS,00,HN,12.968894,42.558243,1065.0,0.0,1091.0,True,4.486893456743965,0.4012749668506027,0.25341207,CRETACEOUS,-147.96228695171268,3,0.7380232214927673,0.0082295388762063,0.0082274904224178,0.0083848848894837,0.0084740559073771,0.0084855150805552,0.0088161139864102,0.0087927325234692,0.0093491773820845,0.0096695205777744,0.0098004885027014,0.009903359781332,0.0104261554706282,0.0108548435174938,0.0113994130444054,0.0115829090809575,0.0119179482457837,0.0126870903846003,0.0126493391584287,0.0125848127904328,0.0133926612336657,0.0142819741198946,0.0166762861135044,0.018498187828293,0.0171954008837644,0.019361534569561,0.0213376460685449,0.0227225846420459,0.0210743476155417,0.0223415355774583,0.0199236619031794,0.0184899748079283,0.018769377637824,0.0176559941014816,0.0224470020669764,0.020456476994968,0.0186782501661668,0.0196271212184637,0.0198389695831753,0.0195905275211142,0.0256619577139032,0.0224509645395833,0.0199126805285658,0.018734448253447,0.0196874754932695,0.0194471315046896,0.0223389113530351,0.0214526984224174,0.021288126095853,0.0235732902822315,0.0254493461594018,0.0253735459553263,0.0222022136158469,0.0195979785210097,0.0197695828003509,0.0206830358419725,0.0224657103811075,0.0251696486176512,0.0227404799417926,0.0163256728823225,0.014614996060547,0.0159039332076393,0.0159876890895832,0.0160145411278163,0.0146222432913181,0.016381979704338,0.016746310240569,0.0157065323598534,0.0153647046285227,0.0138983447987255,0.0127050447155734,0.0117895110101315,0.0081685720723655,0.0074754130444246,0.0065732006603545,0.0052869256130113,0.0045468807048849,0.0042281037359796,0.0036183784012715,0.00332194123209,0.0033016346740114,0.0031243233581502,0.0028230054001376,0.0027336104530001,0.0026862452833628,0.0028942620504423,0.0025127269106541,0.0020070878839274,0.0018554894041675,0.0018294799247689,0.0019629529578683,0.0017374581682137,0.0013787965342838,0.0012609964972147,0.0010313355417566,0.0009063694043281,0.0008327782210525,0.0007359764993402,0.0005717334594374,0.000417399061704,0.0003354375082186,0.0003105957506996,0.0002684411277853,0.000228714667707,0.000177401210747,0.0001605812130387,0.0001491438390831
IT-2009-0009|IT.MTR.00.HN,IT-2009-0009,2009-04-06T01:32:40.000000Z,13.38,42.342,8.3,INGV-CNT_Seismic_Bulletin,6.1,133.0,54.0,-102.0,18.03,13.0,0.5,23.1,24.5,16.2155438030132,16.222614611444406,-0.2873174619778018,16.213002531773636,IT.MTR.00.HN,IT,MTR,00,HN,13.2448,42.524,974.0,0.0,689.0,True,68.44046507327474,0.6788765265115573,0.03164701,CENOZOIC,-128.59242949984443,3,3.469903826713562,0.0523573768790262,0.0523890518591828,0.0535250347466202,0.0535525351891763,0.0552395649756389,0.0570154901125875,0.0575748725001883,0.0594635888188107,0.0601152450980496,0.0591107591465311,0.0712758795320969,0.0720595219204647,0.0679388180592519,0.067637742985094,0.067991618894367,0.0691179433779066,0.0798428866345008,0.103327736938331,0.105586525414826,0.1183935904317339,0.1225060271798105,0.1291306679485945,0.1336743577490198,0.1589150696901282,0.176054676213097,0.1467662420805778,0.1308879270924187,0.1263079603287097,0.1257669573756826,0.099095421234773,0.1078633804716527,0.1085289765512288,0.1022190744691175,0.1069083431862208,0.1256419923465925,0.1363028995315658,0.137990875334429,0.1392126186435568,0.14614608674791,0.132346722578904,0.1598606994988646,0.1630283709695385,0.172114174292159,0.1755029964339983,0.1572700208700977,0.1314231698384136,0.1167906865078054,0.1230449870516009,0.1257156224038396,0.1367048029124293,0.142341336813623,0.1416949720123179,0.1150310914539985,0.0898173943633357,0.0840662543622936,0.0777993482952155,0.0804210357362639,0.0737968140048982,0.0734685407888088,0.0726556367705452,0.0660302817699419,0.0656315466925345,0.0705288062668635,0.0751890151021517,0.0766144275508338,0.0663036914948346,0.0543810751899065,0.0565392955461042,0.0548110551405489,0.0531751956016652,0.0328588302716086,0.0252725466096588,0.0220523462193602,0.0233320082966142,0.0189957445437504,0.0185192375254623,0.0193925697139918,0.0189586625175644,0.0180785045272529,0.0163933536476172,0.0147842009111435,0.0132451905360161,0.01217244489031,0.0097804288402198,0.0077340760336623,0.0068069186837891,0.0059922759392907,0.0057196384422329,0.0056250702605505,0.0054965144770928,0.0050404170494351,0.0047355411038409,0.0045481798509487,0.0040186892240846,0.0036022403410681,0.0031874011269217,0.0024846303965191,0.0019124007181186,0.0014601664364338,0.0010832415474897,0.0008458340149799,0.0007381234835119,0.000638947286747,0.0005496661968188,0.0004735796629708,0.0004096179622964
IT-2009-0009|IT.ORC.00.HN,IT-2009-0009,2009-04-06T01:32:40.000000Z,13.38,42.342,8.3,INGV-CNT_Seismic_Bulletin,6.1,133.0,54.0,-102.0,18.03,13.0,0.5,48.3,49.0,36.65949106682476,38.25502521331434,23.737154218790103,32.90638614777978,IT.ORC.00.HN,IT,ORC,00,HN,13.6423,41.9536,733.0,0.0,767.0,True,39.29475087090916,0.6004926359322782,0.007360887,HOLOCENE,-114.55506048269233,3,4.812947988510132,0.0514918974889498,0.0514836934445795,0.0518957144463796,0.0521168467065018,0.0520936146146943,0.0532056919870571,0.054109235353308,0.0550149439649313,0.0559653659956083,0.056094657862462,0.0550265918933009,0.0565819989426453,0.0581090898964904,0.0590284432992405,0.0594121129200594,0.0593778551572325,0.0591141254468849,0.0566416674544912,0.0569555620610643,0.0556886778298144,0.0555460490966934,0.0585605683072684,0.0647974889455911,0.0652475200518993,0.0599026368928083,0.0611791817543456,0.0621956605791098,0.0617494306678583,0.0660854443867897,0.0701273031912574,0.0779301420049696,0.0807154380647427,0.087580659035237,0.0922739258839233,0.0875373246768743,0.086346887206721,0.1066390980332815,0.1270639535275926,0.1366130136347516,0.162771822106688,0.1790771431509967,0.1774118352807703,0.1649380612236537,0.1450663963758507,0.1428643584388163,0.1434411696052944,0.1358369550933275,0.1310947865608211,0.1220098806793851,0.1099178307355301,0.0967266307644821,0.0839930358805757,0.0790653703077545,0.0780590465155792,0.0801331772708073,0.0828842136238524,0.0882307997461176,0.0939021597635899,0.1037238237669301,0.1160477193459822,0.1205901608892634,0.1242440867165037,0.1326838746889754,0.1377277300197044,0.1279036218434689,0.1104465278202473,0.088620454701694,0.072670702781663,0.0712107387976882,0.057774075072089,0.0519697028659277,0.0409029765965577,0.0305231598994798,0.028588775795837,0.0237837674348593,0.0197525626704191,0.016990398777564,0.0148361931121863,0.0134825871769725,0.0128050368504704,0.0117225959945993,0.0103635640019681,0.0094677267902394,0.0078434903873666,0.0071009916396822,0.0063588691399184,0.0064400811445856,0.0065053440072442,0.006580376321476,0.0063625226659326,0.0054625716863335,0.0049046416083956,0.0041304577632273,0.0038348928157969,0.003567175905168,0.0033869531631544,0.0027818991869346,0.0025583126024566,0.0021632354240047,0.00193046755536,0.0015768268051884,0.0012701244235123,0.0011017636549693,0.0009878245625999,0.0008982908879692,0.0008070470175313
IT-2012-0011|IT.BON0.00.HN,IT-2012-0011,2012-05-29T07:00:02.000000Z,11.0657,44.8417,8.07,INGV-CNT_Seismic_Bulletin,6.0,95.0,60.0,90.0,14.34,4.08,3.71,28.3,29.4,20.24943240108279,20.58235694027027,-2.1507271857230505,20.139656473907596,IT.BON0.00.HN,IT,BON0,00,HN,11.418,44.886,65.0,0.0,219.0,False,503.4903270002324,2.5191006202388566,0.00093338196,HOLOCENE,150.0,2,2.685876846313477,0.0306459451104288,0.0306531616749783,0.0313238062623521,0.0317011002424555,0.0321432695918573,0.0323308023746714,0.0323954541067802,0.0327471631871695,0.033746966646042,0.0341882831291474,0.0362324852399081,0.0371305367272066,0.0367265366883394,0.0366938247736898,0.0373020409452814,0.0367582370259733,0.0361280870135186,0.0384108877842545,0.044442990458383,0.0472550165294878,0.0517269194348937,0.0525649781090475,0.0625471701745196,0.0682925649233675,0.0666875103023121,0.069882263923956,0.0867258713686007,0.0831904721083389,0.0834395627451927,0.0924768250681218,0.0963533513398236,0.093248400803451,0.100925965556999,0.1101786888465943,0.1143825767083482,0.1113314755315483,0.1111983308492416,0.1028544888511572,0.0897540454249694,0.0910029862058411,0.0820216694528978,0.0697644110335557,0.0720448374766277,0.0688888249824346,0.0632556676412171,0.0683945938782959,0.0722797191866087,0.0559929161715114,0.0570009724410104,0.0546049381357951,0.0505271125157717,0.0488935651048783,0.0508062791981887,0.0502248762057742,0.0515076694086567,0.0551461770845542,0.0648446071955521,0.0641178870702385,0.0454426636915622,0.0400341253589399,0.0359047248843102,0.0321829232443902,0.0320700238168491,0.0326856124683715,0.0285401809210252,0.0246648243628083,0.0201319979314398,0.0167611797081509,0.014273550365774,0.0105928340680502,0.0111629086564705,0.0114422902686761,0.0111339125539796,0.0115815422122291,0.0112778999238263,0.0114226450102749,0.0123022378723417,0.0144829431866803,0.0136413735466211,0.0138939839490296,0.0139018430758782,0.0135025600730784,0.0130711029481299,0.0118251873532666,0.0116472597947024,0.0097287152289389,0.0085888865232099,0.0080528557713646,0.0074485170816527,0.0066497063304731,0.0057282181768277,0.0050869364137803,0.0045565945278008,0.0040382253204929,0.0034681313194855,0.0029543709491996,0.0026779253703471,0.0024242901467425,0.0019912532951799,0.0016428791354934,0.0017045276021703,0.0015646140115209,0.001252408017804,0.0010300761062793,0.0009250299889194,0.0008391806149468
IT-2012-0011|IT.CAS0.00.HN,IT-2012-0011,2012-05-29T07:00:02.000000Z,11.0657,44.8417,8.07,INGV-CNT_Seismic_Bulletin,6.0,95.0,60.0,90.0,14.34,4.08,3.71,28.1,29.2,19.694856162664816,20.036486178041773,-16.76787203445452,10.368259380625767,IT.CAS0.00.HN,IT,CAS0,00,HN,11.311,45.025,65.0,0.0,300.0,False,458.778710889146,1.7574657366247668,0.0009348281,HOLOCENE,150.0,1,6.822659730911255,0.0556987831244206,0.055697859205852,0.0560259381801868,0.0560376291802782,0.0563007488363112,0.0562016757227086,0.0562137999663275,0.0565176694882627,0.0570390865977525,0.056989535263955,0.0570138684579908,0.0573369842056961,0.0578937541790747,0.0582268727581788,0.0588204108831909,0.0602545121047467,0.0608182300501604,0.0657542978562684,0.0682376568437605,0.0719524585930592,0.0701656620058713,0.0711626409551933,0.0796388020289983,0.0833504046927419,0.0854745793341397,0.0889139130873484,0.0933346431867439,0.0975402127574038,0.1029269176797865,0.0898317967706675,0.0844601976654122,0.0813304158777794,0.0780599851670302,0.0770601225479542,0.0871847845603386,0.0931920887211501,0.0981757718566256,0.100672349642787,0.0962629020970102,0.1234308179754242,0.1241394796483578,0.1408612644176943,0.1578659264691176,0.1734035953745873,0.1747900250504537,0.1709124390899942,0.1512524306237144,0.1812645971088093,0.1756231231028099,0.175208278631259,0.1760942652469918,0.1633654184712017,0.1659306812558597,0.1790485076071522,0.1832312455638077,0.1850628979541349,0.1816328894198257,0.1656846547407255,0.1651157602172576,0.1931644077579167,0.176735331597696,0.1626712055731469,0.1279658285569434,0.1040344295047272,0.088667926618476,0.0762455794794535,0.0674883344665412,0.0662572695673322,0.0634094545761032,0.0568729580244218,0.0489788607845013,0.0466232180832005,0.0467621088802565,0.0483897300099355,0.0473427431426387,0.0452373647711073,0.0402244833437997,0.0373143174274007,0.0364424977711346,0.0351291654429403,0.0375441733738342,0.0397757564871498,0.0374497402384682,0.028188977436381,0.0210944110232647,0.0195333572813797,0.0194943183002965,0.0188494275408739,0.0179547353648286,0.0187193547820358,0.0203293970684993,0.0196842424076888,0.0177104635371675,0.0166530914853495,0.0164338903778077,0.0165333852159554,0.0143521183145435,0.0116093419806392,0.0094424632842422,0.0072588084055857,0.0059445700600746,0.0048257255693479,0.0044006622064264,0.0034959280792965,0.0027008687933955,0.002132062851851
IT-2012-0011|IT.CNT.00.HN,IT-2012-0011,2012-05-29T07:00:02.000000Z,11.0657,44.8417,8.07,INGV-CNT_Seismic_Bulletin,6.0,95.0,60.0,90.0,14.34,4.08,3.71,21.9,23.3,18.69351637278982,20.039183989439618,16.80425440128738,11.432744284629653,IT.CNT.00.HN,IT,CNT,00,HN,11.2866,44.7234,71.0,0.0,174.0,True,515.1632689658679,3.2773682505660906,0.0016118189,HOLOCENE,150.0,2,15.477868556976318,0.2289508506967569,0.2289492406294339,0.2293393519152871,0.2296584444182837,0.2310179874807444,0.2320296018014879,0.2320319523186515,0.2320293297233944,0.2367491422933125,0.2350279882938752,0.235516648442299,0.2384395152816902,0.234011948825837,0.2344064231390449,0.2360589445446492,0.2451481115620081,0.2513341644020613,0.2512153377226518,0.2630932836727128,0.278107376329456,0.2754750511026698,0.2596558967401868,0.2607216563161884,0.3258869726594888,0.3286094353210802,0.3473965053941553,0.375623179661021,0.3539687429359104,0.3475254350841647,0.3632773750301656,0.4033812443118246,0.4204154633266286,0.4582122982126265,0.5234223997857492,0.5345900630535582,0.4968962220698406,0.4514272586169468,0.4402179198720294,0.4352963995480826,0.4642731443972846,0.4795062047341885,0.4929354349222298,0.5663553303120386,0.7265973765335884,0.8037880130172833,0.9139909797486868,0.9876246549162714,0.9473478890213988,0.8815596554459285,0.7976858917196219,0.7983470869542517,0.6944022805793477,0.6381372417587214,0.6269526282827171,0.6304246473383486,0.6359614750432708,0.6360245946110414,0.6168766129823047,0.5331487904897271,0.4104105785955149,0.3199236519694657,0.3014677708935968,0.2520133278612629,0.2112520918629441,0.1935920684815537,0.1705066891158491,0.1651502862549436,0.1651247863525198,0.1595496723852074,0.1409485737710082,0.1345790847993238,0.1223190724221858,0.1016377136267,0.0868592438415813,0.0718256288001783,0.0657340097098027,0.0606379484349986,0.0552244744860367,0.0503068342570269,0.0427113607194319,0.0341027601319349,0.0314644148923827,0.0291462440220041,0.0247354444079422,0.0208160197992377,0.0174984831001572,0.0147841465865167,0.0138011065180155,0.0129919105894796,0.0113879196860028,0.0098928006531408,0.0094490432495216,0.0092613906120364,0.0086407350320401,0.0084258750444654,0.0079044226904911,0.0072808305602039,0.0071728929530169,0.0062195559572041,0.0055898169497493,0.0050519120186958,0.0045307985740637,0.0038071532669053,0.0031011697750429,0.0025145562433109,0.0020838309574076
IT-2012-0011|IT.CRP.00.HN,IT-2012-0011,2012-05-29T07:00:02.000000Z,11.0657,44.8417,8.07,INGV-CNT_Seismic_Bulletin,6.0,95.0,60.0,90.0,14.34,4.08,3.71,16.8,18.6,13.43566702726847,15.239805685271431,13.185492507627444,7.503003781100434,IT.CRP.00.HN,IT,CRP,00,HN,10.8703,44.7823,89.0,0.0,223.0,False,502.0622027319948,2.467475327897127,0.0015203492,HOLOCENE,150.0,2,8.931107997894287,0.1340808489044862,0.1340964810123517,0.1385347294259802,0.1396550876350263,0.1434859064155157,0.1582804961332106,0.1632391157296715,0.1690430380328736,0.1647932524595946,0.1627538865127148,0.1705760336397807,0.1874103595364523,0.2046299360868214,0.2119785431350878,0.2175857445052833,0.2293619496223417,0.2346623045113511,0.2646906486300308,0.2633210480526712,0.269205936029707,0.2726735905165459,0.2900474307893876,0.275253363075292,0.32002162777058,0.2868917920202394,0.3065683023698532,0.3410775276100597,0.3565373108050021,0.3939938799963796,0.3827063967220643,0.3415361723754072,0.3596048508657112,0.3908073118814105,0.345745579919251,0.3187724955438436,0.3423675754956135,0.3451832076324176,0.3416629703913494,0.3208557010421649,0.2684634863351396,0.2519698195226402,0.2481806195024244,0.2837050462104238,0.214049415302817,0.1977232180757068,0.1909243673727049,0.1938652355504145,0.2027984904214706,0.2043973309257286,0.2021331268620479,0.1980989717009382,0.1829431805122625,0.1967305026101521,0.198950750216596,0.2045068369303755,0.2085400848849489,0.2133714433222228,0.2216315406890273,0.1933445004926201,0.1600982814750945,0.135334748399522,0.1269866516562939,0.1229296161688159,0.1258751014761923,0.1408764044731349,0.1348451636922275,0.1249308284371424,0.1083044553702592,0.0920745388895539,0.0842882696257557,0.0982346456980121,0.0712554970361199,0.0696001093928996,0.0585802872112679,0.0554895448333966,0.0484394676798378,0.0453067398158513,0.0431414140870528,0.0414489188717219,0.0366611419041668,0.0320668341300178,0.0270892095672173,0.0240471761093344,0.0188865954939007,0.0153057254006885,0.0167575786847033,0.0188389814249217,0.0188090552269338,0.017788043885907,0.014039792106137,0.0103910102880174,0.0080362523537439,0.0067832924247938,0.006416725992087,0.005783443088188,0.0063222354663928,0.0050843613815291,0.0045332918912457,0.0041109751651429,0.0038646558895207,0.0035378611068879,0.0033232724077379,0.0027561948701185,0.0024542897804643,0.0021182598221613,0.0018097604836426
IT-2012-0011|IT.FER0.00.HN,IT-2012-0011,2012-05-29T07:00:02.000000Z,11.0657,44.8417,8.07,INGV-CNT_Seismic_Bulletin,6.0,95.0,60.0,90.0,14.34,4.08,3.71,44.0,44.7,36.578931035211376,36.78542978170741,1.3482651751251649,36.578931035211376,IT.FER0.00.HN,IT,FER0,00,HN,11.6216,44.8408,56.0,0.0,224.0,False,501.6939737526421,2.454877634633618,0.0018656851,HOLOCENE,150.0,2,1.873713493347168,0.0140931550825058,0.0140926252770934,0.0141948101627487,0.0142245824742732,0.0143259457973453,0.0143820222214843,0.0144293309820314,0.0145136901196147,0.0146210003725686,0.0146811593399318,0.0149982595473267,0.0150638049804368,0.014935195484292,0.0150933076795815,0.0155064973948336,0.016205740159628,0.0167221715383288,0.0169099766180629,0.0173395075166282,0.0182247525221288,0.0186933919860521,0.0200243002630351,0.0223675083771386,0.0262945694253182,0.028002906553305,0.0294347354162822,0.0278226465283967,0.0261744132276296,0.0285110424158804,0.027476409717745,0.0310091106327619,0.0316515150308547,0.0353571050972354,0.0405281989908885,0.0415739996169373,0.0368831146213428,0.0305252419655322,0.0291625407148936,0.0265614254977391,0.0399676137536929,0.0403316220374575,0.0400310701142209,0.0388874625202836,0.0390560874051662,0.0386628267419897,0.0376217043328312,0.035031686475704,0.0391321735857194,0.0427011389324332,0.0452741847307323,0.0432290443304092,0.0419970767784491,0.039500435566495,0.0372519389637817,0.0370277208407631,0.0358326661230815,0.0299358210643087,0.0286325143080958,0.031970294680714,0.0236600631729994,0.0206791278177238,0.0205189754896831,0.0191639164632194,0.018965554101282,0.0178987844295432,0.0184201919603274,0.0155566706610813,0.0146577934471015,0.0147759447540033,0.0180566266973081,0.0172568602607906,0.0149826467239174,0.0140346275051897,0.0148561890312589,0.0134312293849976,0.0127835632328988,0.0128921262998596,0.0128915235743854,0.0127202747495972,0.012891277676392,0.01194418145642,0.0109344058839679,0.0097403933190963,0.0070169629448544,0.0057952045128947,0.0051868817644061,0.0046565326779161,0.0047182665201535,0.0045985905303446,0.0040920449688351,0.0038134417697103,0.0039786206748859,0.0040254090694597,0.0038415319973415,0.0035246440681102,0.0031886823762768,0.0027108326238668,0.0020876778010201,0.001494378840023,0.0010974987525281,0.0008515432530372,0.0007183406244675,0.0006555246567413,0.0006248256720897,0.0005795043636673,0.0005264146225763
IT-2012-0011|IT.FIN0.00.HN,IT-2012-0011,2012-05-29T07:00:02.000000Z,11.0657,44.8417,8.07,INGV-CNT_Seismic_Bulletin,6.0,95.0,60.0,90.0,14.34,4.08,3.71,17.5,19.3,10.82095911152809,12.135923625540066,5.0324755301699495,10.392238503400812,IT.FIN0.00.HN,IT,FIN0,00,HN,11.2867,44.8297,61.0,0.0,208.0,False,507.0607800176178,2.672077973163238,0.0016145066,HOLOCENE,150.0,2,17.177413940429688,0.2131090810249773,0.2130959558423518,0.2139572065716415,0.2140278423835805,0.2145767603437526,0.2155580345942735,0.2156814916357766,0.2164429670020367,0.2190451311380386,0.2166223997801532,0.2196399896808125,0.218744007883316,0.2225119684053424,0.2211884923431478,0.2184180650201848,0.2225782032306028,0.2291682271237839,0.2435423528081073,0.2481538480656762,0.2474525139993634,0.2489721091151572,0.2764336455319136,0.2949213051106094,0.2714139398403262,0.2738083595886355,0.2949383150869165,0.3451022183622619,0.3900732519082441,0.3736879313577524,0.3820371473547228,0.4176074168164457,0.4354054216535392,0.4837440727991762,0.4786978094721691,0.4292440219620103,0.4549220690578937,0.4742860688180539,0.5088010477654183,0.5811415889642174,0.575020900588639,0.6113363027793397,0.6179891553916569,0.5957496506309743,0.4664644015688351,0.4367172845615356,0.4105552233718512,0.4381634477910341,0.4383181616612031,0.4287871939300858,0.4204636519419475,0.4468608844597431,0.479803455381165,0.4963870871570447,0.4979417737525913,0.4926362366336905,0.4851468772827288,0.4677479486223738,0.449065699589472,0.406316559759906,0.3703841108729918,0.3330885849450136,0.3158776835845485,0.2818133259595844,0.241427843476804,0.2116988182632751,0.185995556549776,0.1649608697950622,0.1465938223539256,0.1298910981744945,0.1175377179736321,0.1064208151295193,0.0831970400661989,0.0800220146140382,0.0735633006914173,0.0592231927859785,0.0551794712501675,0.0599276811000828,0.0645683370638574,0.0598593725328474,0.0441021263699922,0.0371660698198972,0.0372785050038554,0.0360662698208901,0.0296341910294051,0.0285101396944986,0.0243909593402984,0.0194724106476378,0.0183660788157629,0.0169748220035785,0.0151648795054724,0.0131195573948641,0.0124797772760741,0.0116827639616153,0.01088396059006,0.0098868806736581,0.0089568738425764,0.0081058372024074,0.0070384268786571,0.0063857810312381,0.0054154187383154,0.0044841884378209,0.003627543215556,0.0030014703716188,0.002473324052229,0.0021173328268135,0.0018243265140925
IT-2012-0011|IT.MBG0.00.HN,IT-2012-0011,2012-05-29T07:00:02.000000Z,11.0657,44.8417,8.07,INGV-CNT_Seismic_Bulletin,6.0,95.0,60.0,90.0,14.34,4.08,3.71,39.5,40.3,33.766011368659875,34.51745578380584,15.484535855809154,30.943847996402432,IT.MBG0.00.HN,IT,MBG0,00,HN,11.534,44.719,63.0,0.0,234.0,False,497.7577331447509,2.335235269896549,0.00053959235,HOLOCENE,150.0,2,2.1154916286468506,0.018822364522971,0.0188221519835353,0.0189362272234358,0.0189645334817729,0.0190378816668619,0.0190573985487002,0.0190787050704632,0.0191666385516926,0.019329670710509,0.0193794777154451,0.0193208436989736,0.0192356394583008,0.0190677055433117,0.0191830693925871,0.0193509785990903,0.0195312774189173,0.0195752331308757,0.0197335505966528,0.0202434817698193,0.0208478148395568,0.0211221962208533,0.0216890879829499,0.0222825502269786,0.0239551649354824,0.0238421969265179,0.0265778354975966,0.0248148008999191,0.0242400788599088,0.0282424938762168,0.032910400608458,0.0351685273612409,0.0338440731501174,0.037185921529151,0.0363747699613253,0.0342147254117168,0.033210932634982,0.0337747211080184,0.0371369239473841,0.0382405908665024,0.0308431216035819,0.029352774837247,0.034063192993642,0.0411326678032349,0.0447069279504741,0.0411557825844422,0.0401976322093133,0.041845456103213,0.0459372151544811,0.0434992033280866,0.0439641831460974,0.0480135565664584,0.0493491761723793,0.0512997558011834,0.0481255631343429,0.0474320810256092,0.046717532566652,0.0420486894873201,0.0423903920050758,0.044216835003157,0.0385524936790922,0.0297998990249149,0.0274760774220466,0.0278884485801879,0.0281717196266969,0.0290152310293346,0.03203748142378,0.0278813907298907,0.0232181242538258,0.0191254515214832,0.0234209902675707,0.0261929559846148,0.0234295428028479,0.0274070012098992,0.0268866060403436,0.0219454611452183,0.0175556437224093,0.0146986754240854,0.0178179678261485,0.0181756670440297,0.0158919257247979,0.0147133833983841,0.0120513089935412,0.0099399939543948,0.009385095026208,0.0092159548715881,0.0078250274595887,0.0075520360405886,0.0075279136128064,0.0070888795585466,0.0068174294218055,0.0066786121628972,0.0071704970667676,0.007114797984593,0.006796772861817,0.006658764434834,0.0066072919277257,0.0045611559555141,0.0030821347188348,0.0021155914054744,0.0018360448855747,0.0017273728434159,0.0015037213739049,0.0013786196670763,0.0011493549378611,0.0010741948406129,0.0009995324649694
IT-2012-0011|IT.MDN.00.HN,IT-2012-0011,2012-05-29T07:00:02.000000Z,11.0657,44.8417,8.07,INGV-CNT_Seismic_Bulletin,6.0,95.0,60.0,90.0,14.34,4.08,3.71,25.8,27.1,26.52430478954356,27.48032650154177,28.15220209306897,4.657509121590241,IT.MDN.00.HN,IT,MDN,00,HN,10.8899,44.646,80.0,0.0,213.0,True,505.5012787499927,2.6004428629551164,0.0022183945,HOLOCENE,150.0,2,3.2149782180786133,0.0434477006039209,0.0434471354699133,0.0435681331966744,0.0436008883506144,0.0436237324260805,0.0436785331456004,0.0437008692685737,0.0438004965079163,0.0439125814423703,0.0439691096767981,0.0440523323082741,0.0443636186784839,0.0445091686692756,0.0446064143368029,0.0451906119742134,0.0465372321576318,0.0458684501615762,0.0479001736660841,0.0501913488572332,0.0508897849501857,0.051289659257155,0.0504021352519852,0.0477301830484782,0.0485042928069629,0.051337754563711,0.0536186392931942,0.0581555492283663,0.0607792936305809,0.0699632784940391,0.0886269449235789,0.107391723218431,0.1115294887868887,0.1167770127127702,0.1099715444120009,0.1200724120121601,0.1242687397221668,0.1229587258946113,0.115315619505616,0.11819677471534,0.1036714489916189,0.089378081713824,0.0858444911322375,0.074162076797331,0.088109488703703,0.0874060945862784,0.091426423388798,0.0952365802786706,0.1110679711402883,0.1099306803809187,0.1166650242491432,0.115944367671172,0.1066139323430441,0.1007291421680665,0.0903258222355155,0.0905200998709939,0.0903961475126382,0.0782349160219172,0.0769879713797058,0.0612197232857293,0.0816253228890146,0.1099351329677674,0.1138484049082803,0.1065268706321651,0.0845153417871104,0.0630763943660502,0.0510420919240528,0.038210367749633,0.0375542220569452,0.039504030226469,0.0453921427531034,0.039951890143523,0.0350287697004704,0.0289329072971046,0.0248560860573777,0.025471920478366,0.028115221856363,0.0286466135295546,0.0272341870878994,0.0271281667048125,0.0243084663056305,0.0217021199137373,0.0198871746539092,0.0179911689615585,0.0132172876455662,0.0116091745527426,0.0096083103362562,0.007643485998535,0.0075225554088581,0.0078865199988325,0.0087325758678246,0.0082294380943923,0.0082709563375984,0.0077274506840673,0.0076734820559167,0.0069341293309694,0.0059148228956123,0.0049234589345607,0.0038177121275506,0.0040478746474643,0.0035113841860156,0.0029706593503855,0.0028846802062232,0.0026708489215943,0.0022372302155621,0.0020791772223147,0.0018257536065598
IT-2012-0011|IT.MOG0.00.HN,IT-2012-0011,2012-05-29T07:00:02.000000Z,11.0657,44.8417,8.07,INGV-CNT_Seismic_Bulletin,6.0,95.0,60.0,90.0,14.34,4.08,3.71,15.8,17.7,6.752850442363727,7.703150942816114,-3.681520574761045,5.66104164352036,IT.MOG0.00.HN,IT,MOG0,00,HN,10.912,44.932,92.0,0.0,274.0,False,476.98318051272486,1.949516603672769,0.0010791847,HOLOCENE,150.0,2,23.97942447662353,0.2244473789763156,0.224466325348701,0.2251194731136306,0.2259511352423107,0.2264421552440803,0.2273207400870325,0.2267893246752646,0.2276637710330286,0.2272776253253663,0.2290286435572975,0.2278074484371125,0.2287632949080971,0.2299454952835822,0.232466522974891,0.2351829812404577,0.2412203911066132,0.238411029024811,0.2400483701514804,0.2365289110051189,0.2344822063143867,0.2358268089105193,0.2505226253398396,0.2559430840171983,0.2675196014988465,0.287945850708951,0.2964856624507435,0.2976374319607544,0.305848803443713,0.3494054228326763,0.4007982680595414,0.3965161066044073,0.4019788548256818,0.4456408837482765,0.5396086276076885,0.5053708002039818,0.5153486899202283,0.4766406033986219,0.5368609498107368,0.5391660387213281,0.5080621901585436,0.5473188107983998,0.4971878335672368,0.5080809558813829,0.5078897066785089,0.509488857436846,0.5071775419910353,0.4557300799133676,0.4274838332209776,0.4294251644993556,0.4556355352004461,0.4817766980882182,0.5493253182640218,0.5972452063711313,0.6256710168878372,0.6321585994701834,0.6347819992888987,0.6361384620123224,0.6258893667015956,0.5752859291064736,0.4866790261975905,0.5021926115609889,0.5062717704590997,0.4980658769243097,0.4592785938694919,0.4006776653416011,0.3440082153018751,0.3003051791993322,0.2690725665215232,0.2301791971414415,0.173264516053584,0.1823999744233485,0.1887805134994935,0.2086829004029738,0.2092790407974314,0.1899681618145042,0.1622820493325956,0.1425038227779123,0.1235282124925214,0.1062453564065114,0.0832105242323041,0.0628563837225965,0.05441356848051,0.0472926125084675,0.0364539695954927,0.0290015266386362,0.0237045772675368,0.0220315713161995,0.0207853199850658,0.019377860362967,0.0169122038375834,0.0159612956931987,0.0161012507198116,0.0154249950066153,0.0139367526294502,0.0131456914176272,0.0121444905705659,0.0099451116650682,0.0077372858880992,0.0063233011215617,0.0048697168073202,0.004231375399013,0.0037891325543824,0.0034095286709555,0.0030641702872972,0.002763765471233,0.0024924656438096
IT-2012-0011|IT.MRN.00.HN,IT-2012-0011,2012-05-29T07:00:02.000000Z,11.0657,44.8417,8.07,INGV-CNT_Seismic_Bulletin,6.0,95.0,60.0,90.0,14.34,4.08,3.71,4.1,9.0,0.0,3.918396822683731,1.2493418566915813,0.0,IT.MRN.00.HN,IT,MRN,00,HN,11.0617,44.8782,15.0,0.0,208.0,True,507.0607800176178,2.672077973163238,0.0015229891,HOLOCENE,150.0,2,42.6843376159668,0.2556461812434435,0.2557209175004428,0.2657935772630501,0.271691202321801,0.2745618894049336,0.3019228018364063,0.3075881564286326,0.3154645002336728,0.3210234070298963,0.3337164566790797,0.3921466038949524,0.4011016000314508,0.4291062085095095,0.4384139141012115,0.4336503687209541,0.4384212978551351,0.4753736632908993,0.4877799699880709,0.4905985017384224,0.507574953610082,0.4713004121974533,0.4371131440209152,0.4480742289592979,0.4514346996596636,0.4408722448140698,0.4932755323674901,0.514634062370183,0.6001140198525924,0.7735727650322326,0.7409120646603216,0.5795857549733671,0.5905816314414448,0.6319297794645454,0.6576012984895232,0.7153158608202932,0.7549133227779753,0.8129721987776503,0.8219442503890296,0.7986876186932037,0.62059186336275,0.7026850619655176,0.7351504179271523,0.7549481064055228,0.6780336328080133,0.6365123124609321,0.5995168232384395,0.587981562112534,0.5670221239067444,0.5734460147835663,0.5612528478206835,0.554513884172537,0.5562024477421255,0.5140748278624591,0.5618116316694449,0.5621823540175093,0.544912150534849,0.5122521287339964,0.4820106839099726,0.4806068441148179,0.6608278143472787,0.656987406707656,0.6308884656854172,0.5241053005970516,0.3753708591356134,0.29278150808826,0.2607310221085988,0.2655323981108375,0.2928929283743191,0.3008796192544612,0.2820121308323397,0.3038350798247878,0.3148817212321821,0.3121698809758197,0.3149897542439174,0.3188228577559939,0.3275267883222791,0.3224360331285564,0.3073432890989606,0.2845271724801989,0.2379422825026025,0.2053724375042969,0.1895143246130946,0.1734498816420359,0.142086709530288,0.121619109601031,0.1049108512868032,0.0893099932225284,0.0820987082089298,0.0752363625597799,0.0649535390024692,0.0595307014972268,0.0544975528740212,0.0499084684480076,0.0457040063193012,0.0418291624790296,0.0382660272959526,0.03077741101625,0.0250731686469448,0.0205982148767467,0.0170379269737432,0.0142385195653684,0.0120485287288804,0.010311031125237,0.0088920371071148,0.0077092839078968,0.0067129870205655
IT-2012-0011|IT.NVL.00.HN,IT-2012-0011,2012-05-29T07:00:02.000000Z,11.0657,44.8417,8.07,INGV-CNT_Seismic_Bulletin,6.0,95.0,60.0,90.0,14.34,4.08,3.71,26.4,27.6,19.72545597823658,20.696203831248223,7.390628110760613,18.98590099934464,IT.NVL.00.HN,IT,NVL,00,HN,10.7315,44.843,22.0,0.0,190.0,True,511.8597850015958,2.963599158005915,0.0022886156,HOLOCENE,150.0,2,2.5392847061157227,0.0518312239452051,0.0518527579028485,0.0525079523018681,0.0528486992426617,0.0532587094545089,0.0529228469807683,0.0529996149809363,0.0542492668194291,0.0536996701023092,0.0535050872053076,0.0536236206943008,0.0527905083791676,0.0542897449754393,0.0545539331175395,0.0545927004305599,0.0559432079215529,0.0585968824026793,0.0604786347069013,0.0639250948520385,0.0657979073156037,0.065940149939111,0.069309348397079,0.0748087161750927,0.0764283548857249,0.078094715279692,0.0818281500720074,0.0879901950472848,0.1018268232714392,0.1326846057773569,0.1376648395050071,0.1380149152597932,0.1518784681653653,0.1694387468503292,0.1937173898483979,0.1988155811545894,0.1702436302656978,0.1672855079813194,0.1663971375901798,0.16202959655596,0.1490584455423068,0.1591547426981601,0.1751107229418985,0.1802902074472336,0.1587947868031284,0.1605131608168338,0.1611355779187123,0.1522747810983575,0.1367697742280122,0.1365472128202886,0.1335983173748848,0.1266478894560569,0.1102229408732782,0.1002059099389977,0.0761773120863808,0.0737663924847041,0.0743539797827399,0.0767384408802184,0.0782482868161991,0.0631447270035338,0.0567169183312961,0.0650262864673762,0.0655913945289379,0.0674209600144228,0.0647095290319297,0.0547942950763737,0.0485687086921829,0.0437697413935354,0.0415291176615433,0.0394136729550165,0.0359974419361155,0.0270170263226653,0.0223903110773344,0.0222790503138119,0.0207223398465085,0.0214082031801787,0.0205748587356887,0.0185168060849675,0.0139747804073998,0.0116810171849635,0.0097057277612065,0.0091360470265881,0.0084284681138421,0.0079609070815578,0.0072762369221507,0.0069965704704407,0.00628503553138,0.0058792607195962,0.0062743395862053,0.0066197068888688,0.0063727247340799,0.0053091914762228,0.0040945894615876,0.0033526946125936,0.0029730497597134,0.002828237454881,0.0026043465537724,0.0020703101064433,0.0016997840847828,0.0014199112953701,0.0012076504870076,0.001179790176214,0.0010697195116949,0.0009357500830185,0.0008068725547509,0.0007121219524743,0.0005915623652568
IT-2012-0011|IT.RAV0.00.HN,IT-2012-0011,2012-05-29T07:00:02.000000Z,11.0657,44.8417,8.07,INGV-CNT_Seismic_Bulletin,6.0,95.0,60.0,90.0,14.34,4.08,3.71,15.3,17.3,16.641549125844765,18.14094074494844,18.6799965826586,0.1900958737198592,IT.RAV0.00.HN,IT,RAV0,00,HN,11.1428,44.7157,87.0,0.0,216.0,False,504.5151850373346,2.5591661981973943,0.002219589,HOLOCENE,150.0,2,9.047667503356934,0.0730598597017871,0.0730666080886829,0.0733476989186453,0.0734274617632865,0.0735275896453492,0.073573500353978,0.0739461753981454,0.075161462825753,0.0758615574475323,0.0751641424730952,0.0753789019082679,0.0735152924946076,0.0749348058307723,0.0757164000243067,0.0762546052455424,0.0773256260949411,0.0780985141642293,0.0793116984514712,0.0782392983916909,0.0817717265685124,0.0817431680263765,0.0818592846437449,0.0831071869974332,0.0867976706804986,0.094145486017778,0.0971503487349682,0.0957851397158163,0.1006120620723081,0.1021662610218531,0.1111475390568029,0.1180302355235514,0.1139925340968265,0.1145209265695432,0.118036847258334,0.1256132540263517,0.1397507697335096,0.151817774864247,0.1594048132697794,0.1431187666375468,0.1536535723176373,0.1573372777966802,0.15273309097714,0.1549047106736541,0.1552292367480647,0.1678219738683138,0.1991422860298209,0.2207029200653438,0.1824810559651387,0.1833725181483264,0.1892219607425339,0.1835864215346333,0.1725944757022642,0.1690785508965985,0.1581127895691384,0.143750726419498,0.1305652605982354,0.1202257584844337,0.1149458590744253,0.1270514578509068,0.1482512504709016,0.1637199106189268,0.1706600300005573,0.183150852652162,0.1874843166979496,0.1803798080450321,0.1628042830126725,0.1433958494663551,0.1291250759931987,0.1169008466622783,0.0931968062519364,0.0728380447752211,0.05506825209154,0.0427354150825069,0.0353863788693725,0.0305527237387921,0.0266845977735741,0.0238736156574776,0.023088737179791,0.0217799233238573,0.0184338098036697,0.020931530327186,0.021112446712454,0.020068023453734,0.0178753128447702,0.0171580862794212,0.0155743527348461,0.0150014676321329,0.0154814565400418,0.0157394067240546,0.0142627166486637,0.0130042744681479,0.0130348724716702,0.0141313782698989,0.0154038787385794,0.0159318670937653,0.0159782535942038,0.0132557879872216,0.0104482092779286,0.0079782167005743,0.0058465858215101,0.0048551131697112,0.0041219750118051,0.0035587717328935,0.0030542863061818,0.0025871887501376,0.0022301419474003
IT-2012-0011|IT.SAG0.00.HN,IT-2012-0011,2012-05-29T07:00:02.000000Z,11.0657,44.8417,8.07,INGV-CNT_Seismic_Bulletin,6.0,95.0,60.0,90.0,14.34,4.08,3.71,26.3,27.5,20.03280568262039,21.08600569279041,8.568638291194018,18.92447674144379,IT.SAG0.00.HN,IT,SAG0,00,HN,11.3904,44.791,66.0,0.0,212.0,False,505.8214988816332,2.6144802008041843,0.006852577,HOLOCENE,150.0,2,6.327946186065674,0.0695266440058472,0.0695201730689932,0.0697952262348185,0.0697975361060339,0.0701386084233724,0.0703824506930846,0.0704264225816528,0.0705209739145119,0.0709350876727453,0.0709445520629632,0.0748607951155276,0.076889012332113,0.0781028692420678,0.078476484365677,0.0784366358695405,0.08026100443316,0.0810997510351855,0.0829271140442841,0.085160353056099,0.0889193641083702,0.0899856931911883,0.0924209717693114,0.0954772016024234,0.0976215101097047,0.1048445441946977,0.1204653185452014,0.1469969788450932,0.1504615132443591,0.1855997498764073,0.1847573341468048,0.1527747997580012,0.1397339342749986,0.1298280474155872,0.1325096295111566,0.1504633840798584,0.1634291417395529,0.1611696841838517,0.1616184406119876,0.1690962597880495,0.1767919321490426,0.1846408856567551,0.1956884312123584,0.1994337695422195,0.213972404276413,0.2225669300204247,0.2198071195334304,0.2072424683445565,0.1809918667153181,0.1777873427112918,0.1705573478896218,0.158566567534335,0.1728685871553551,0.1925365092826154,0.2133061156661476,0.2178876456585165,0.2181490173350148,0.2205909827194726,0.2080192279735175,0.1856121267881305,0.1933212081726222,0.154369804869032,0.1469808340699104,0.1230491905203971,0.1066501979334686,0.0856008973485591,0.0860385385891779,0.0673630554682197,0.0633120970008016,0.0601224510714356,0.0688594574405919,0.058523705287438,0.0508238516977607,0.0468693654904355,0.0377836961253904,0.03763689718355,0.0393091674968024,0.0381802025433573,0.0340793058819964,0.028730607791846,0.0248233018338364,0.0252459228105936,0.0256814801947627,0.024817722052744,0.0207278339906181,0.0171443534514992,0.0148267103761564,0.0127352205942711,0.0124584464973025,0.0121915043353642,0.0104532640112356,0.0084900447768558,0.0082530618681581,0.0070722262896099,0.006408245605169,0.0055306732711939,0.0046816628332291,0.0048430866502978,0.0046301892779673,0.0041197476938022,0.003358112226569,0.0028280558421822,0.0023117029946736,0.002041595302735,0.0017584726606425,0.0014610587853738,0.0012070959566552
IT-2012-0011|IT.SAN0.00.HN,IT-2012-0011,2012-05-29T07:00:02.000000Z,11.0657,44.8417,8.07,INGV-CNT_Seismic_Bulletin,6.0,95.0,60.0,90.0,14.34,4.08,3.71,6.1,10.1,3.135284916573289,6.36737607674096,5.17565201567184,0.0,IT.SAN0.00.HN,IT,SAN0,00,HN,11.14277,44.837635,71.0,0.0,213.0,False,505.5012787499927,2.6004428629551164,0.00053959235,HOLOCENE,150.00000000000003,2,28.23684501647949,0.2083149242109866,0.2082869421064801,0.2114941278392895,0.2139972512330249,0.2139838651263852,0.2114651930749316,0.2168422339166991,0.2244827891628315,0.2323789555740042,0.2316830414447324,0.2238170471140516,0.2185258642178633,0.233155136172882,0.2355448256718949,0.2406479417981088,0.2472360627359897,0.2464001410750251,0.2582909285434457,0.2810872595926546,0.2782189491457043,0.281206791102473,0.288661454456556,0.316078993889349,0.3110702281759447,0.3362515581571657,0.3599169376606833,0.3751195607100298,0.391051254393893,0.3851174480335896,0.4078998036324496,0.4479091682006556,0.4424059817364763,0.4266506080463049,0.4662788760028833,0.5168776483891085,0.5685003256416664,0.556633229804302,0.5175738141219545,0.4446296939292095,0.3973452499928441,0.3692476217141388,0.3812261167462575,0.3879489708539201,0.452498980840085,0.4730001940335305,0.4976202123921867,0.498285501864078,0.4467082754828143,0.4744606438079286,0.4914657917389532,0.4299249937030945,0.4357396409511178,0.4330853868092346,0.4391110430707962,0.4461689351718834,0.4651360392541157,0.5167555107879562,0.5905862627133025,0.6090059733572935,0.5323761792569142,0.4764457244963293,0.4484297381671484,0.3936651828255461,0.3463658776663547,0.3351690420434954,0.2980503698526521,0.2764640548178381,0.2348076091443935,0.203698313805417,0.1596524132860106,0.1484879415268548,0.1561830488103923,0.1608600650942545,0.1579092183932427,0.1628639760985161,0.1690207648854858,0.1828193543703757,0.1893128420624981,0.1854988331926698,0.1751471288388168,0.1643411397595046,0.156010609876168,0.145499241248818,0.1236046173062729,0.1008986526766988,0.0852413844834014,0.0713768431794991,0.0663419687472345,0.0615869675139519,0.0528511631831636,0.0451302097362185,0.0387463798482977,0.0341273892716134,0.0300351927928521,0.026376961841255,0.023692961253999,0.0193340819047816,0.0158684484269997,0.0131234348088014,0.0109532488774603,0.0092327062434175,0.0078604803921155,0.0067587965918326,0.0058631683023865,0.0051305968248215,0.0045243465865892
IT-2012-0011|IT.SMS0.00.HN,IT-2012-0011,2012-05-29T07:00:02.000000Z,11.0657,44.8417,8.07,INGV-CNT_Seismic_Bulletin,6.0,95.0,60.0,90.0,14.34,4.08,3.71,16.9,18.7,8.114858324671332,8.921587891268784,-6.148376672552075,5.309800153836946,IT.SMS0.00.HN,IT,SMS0,00,HN,11.235,44.934,55.0,0.0,192.0,False,511.3861439740049,2.928309500982353,0.0,HOLOCENE,150.0,2,14.38437795639038,0.1825849367341772,0.1826006690352849,0.1845539284019055,0.1853189960646848,0.1865386225176874,0.1920284762993928,0.1926931814797051,0.1946778857067486,0.19684308360951,0.1967480762774063,0.1959225873107576,0.2009021696693469,0.207652811941941,0.2080434073273614,0.2100399618490316,0.2092386740445689,0.199031830582188,0.2105754026671494,0.208386492966754,0.2358279393653845,0.2414943038119021,0.2532677165030326,0.2940738915026897,0.3164548358665774,0.3278666287633817,0.3429410894619206,0.3412263746457594,0.3603584468291629,0.401600223889072,0.454171475246921,0.4964700412048121,0.4766221192250189,0.4764451803344012,0.4463479535196289,0.4232568596188387,0.4704970228817496,0.3900549710528705,0.4194587758636826,0.4432007377304339,0.4381889544323546,0.4155529840316672,0.4237127284743054,0.4429216079480203,0.4702593347285312,0.5154302496964264,0.4968859194120855,0.4524659618588255,0.4788847381246559,0.4973760846801787,0.5160946251262372,0.5527541446672533,0.5507758217058215,0.5848044517798417,0.632391929841011,0.631196310993797,0.6168163867873959,0.5206008951140552,0.4500747072050227,0.414635667366058,0.4411046241048138,0.4088276721225204,0.4034857437195808,0.3729945242893115,0.3498839819212462,0.3071884520070763,0.2550108882765798,0.2085684219699835,0.182123527096278,0.1576415972614235,0.1161366942378686,0.0932248342322539,0.0729822627884493,0.0710902954342807,0.0649277561639247,0.0584919505395595,0.0590052945916258,0.0614899501787289,0.0564422106689547,0.0522051954591362,0.0367416239748588,0.0323904213027305,0.0337390187850153,0.0356175129045605,0.0346865583675012,0.0329730070900202,0.0307205361246416,0.0274855377411478,0.0266737077594172,0.0270625389204809,0.0268136273063159,0.0277861280093354,0.0275134657474441,0.0261294004385996,0.0243953025303194,0.022477136027951,0.021395897729698,0.0173995691300507,0.0133692868267391,0.0107458487336674,0.0085657425402949,0.0066486418478234,0.0051412993328439,0.0040775971205109,0.003426650458622,0.0029697624739232,0.0025958709575442
IT-2012-0011|IT.ZPP.00.HN,IT-2012-0011,2012-05-29T07:00:02.000000Z,11.0657,44.8417,8.07,INGV-CNT_Seismic_Bulletin,6.0,95.0,60.0,90.0,14.34,4.08,3.71,36.9,37.8,38.03692894538392,38.69962579654396,39.429614747143205,6.904079114190679,IT.ZPP.00.HN,IT,ZPP,00,HN,11.2044,44.5244,94.0,0.0,208.0,True,507.0607800176178,2.672077973163238,0.005086739,PLEISTOCENE,150.0,2,4.086749076843262,0.0225239801992048,0.0225234397546854,0.0225893119693254,0.0226049661174456,0.0226373767824302,0.0226865103006163,0.022698373898123,0.0227469499579059,0.0228420232595765,0.0228687573087998,0.0229395163411724,0.0229468321619614,0.0229994003283722,0.023009927737107,0.0229930463874891,0.0230069725108188,0.0230541316063619,0.0231650477395459,0.0233035082224277,0.0234810848862218,0.023450812339092,0.023423962007237,0.0241895703630107,0.0246980714909446,0.0258747964378814,0.0273746256742469,0.0292123152177993,0.0290372868140297,0.0302108707015435,0.0300250983998806,0.0335270295297414,0.0339584671820243,0.0328351861242464,0.0333112754060626,0.032886354613815,0.0345617581007845,0.037151897921814,0.0388789845576223,0.0427376921189526,0.0457286825845971,0.0483493555450533,0.0501156149155775,0.0552704899000178,0.0510248114370092,0.0462316019392955,0.048125982852033,0.0587309170961428,0.0729440940071389,0.0804672378800474,0.0876325102098459,0.0887797780397587,0.076525314531452,0.0645579987309366,0.0576732964948252,0.0533237445286108,0.048720289171658,0.0457028292647164,0.0520433692634434,0.0565046475008552,0.0570968422820429,0.062770416688957,0.0631090946138753,0.0719589274344298,0.0768943171039477,0.0696624986064124,0.0637781106563788,0.0561029752497369,0.05285966380895,0.052336678693895,0.0459127007685377,0.0392956857876137,0.031373742010342,0.0268367137254655,0.0195948647108927,0.0204096471682787,0.0258356613561144,0.0272622320666068,0.0251886864184853,0.0221646520995205,0.0190665371221481,0.0194258874979608,0.0207230988606691,0.022936188283336,0.024874773935299,0.0171532019984846,0.0129826278585328,0.0106377028440691,0.0099540623161339,0.0095237602458212,0.0086424865004891,0.0077917782635866,0.0074493047626592,0.0073255126706196,0.0083438499115496,0.0082529504503318,0.0078544442152821,0.0079463780134446,0.0054698448138654,0.0047840704586751,0.0044994341272905,0.0041563030054099,0.003367066539081,0.0027163888299438,0.0022630304645895,0.0019253783964558,0.0015955148297474
IT-2012-0011|IV.MNTV..HN,IT-2012-0011,2012-05-29T07:00:02.000000Z,11.0657,44.8417,8.07,INGV-CNT_Seismic_Bulletin,6.0,95.0,60.0,90.0,14.34,4.08,3.71,40.5,41.3,32.03186062503764,32.23672913165447,-26.95537189419145,17.304525677332713,IV.MNTV..HN,IV,MNTV,,HN,10.7897,45.1495,36.0,0.0,237.0,True,496.48439301782986,2.3014496305349668,0.0048889597,PLEISTOCENE,150.0,1,4.15694260597229,0.0236302702190829,0.0236308555235501,0.0237014622607717,0.0237264858213835,0.023750776175385,0.0238325972472475,0.0238525111184027,0.0238452940212137,0.0239641575057808,0.0240031088314372,0.0242320698459602,0.0243632410888269,0.0244509762708574,0.0244297550772734,0.024359864011624,0.0241661421831707,0.0240282692147101,0.0242047960005717,0.0246359918859274,0.0256039818797521,0.0259284570369583,0.0257034047856361,0.0260085368097158,0.0254153663283084,0.0276858354519583,0.0290048646563533,0.0288397186807623,0.0294996322098391,0.0335247983772586,0.0332304550990481,0.0336119473211986,0.034826340604895,0.0373941337919441,0.0376064276656817,0.0367865228344005,0.039789869900783,0.0410081200361573,0.0455553700879106,0.0471216177927891,0.0565866355869938,0.0614982305283675,0.0579218022500756,0.0587760429522426,0.0570835888380501,0.0543726991622793,0.0572342634975899,0.0538734131692291,0.0573880365976371,0.0612857851515193,0.0652277177799415,0.0695579465974093,0.0748748490215847,0.078343802712304,0.068299962727746,0.0635996529135075,0.0610135247955515,0.0585712813631366,0.0624704941726946,0.0822012004201773,0.0770802665542185,0.0769417573804177,0.0740560383635706,0.0715116298215726,0.0680295972533617,0.0590743886554222,0.0547358112767381,0.0508419439420728,0.0525508223708706,0.0608800109232362,0.0577203332767135,0.0614645069848486,0.0629278982073018,0.0467103484668942,0.0421801398029885,0.0505141872223897,0.0515008471353749,0.0399245197390693,0.0261770913503695,0.0219500227329798,0.0229148262336842,0.0216274795072523,0.021074466976663,0.0184111255792972,0.0147498489406862,0.0126995917591246,0.0098945893119591,0.009717092191489,0.0091536668410691,0.0091817225892321,0.0093301927650438,0.0088382045264434,0.0089216341536999,0.0080041607403636,0.0066678430729462,0.0058133790748121,0.0057679822419096,0.0051255051968574,0.0046961618452187,0.0042227987402709,0.0035372410342117,0.0029914738768221,0.0028374159311859,0.0022888703812629,0.0019943742631068,0.0017290951958347,0.0014635863829478
IT-2012-0011|IV.MODE..HN,IT-2012-0011,2012-05-29T07:00:02.000000Z,11.0657,44.8417,8.07,INGV-CNT_Seismic_Bulletin,6.0,95.0,60.0,90.0,14.34,4.08,3.71,25.3,26.6,27.51020530361663,28.43271520009891,29.550210057571665,0.0,IV.MODE..HN,IV,MODE,,HN,10.949167,44.629722,41.0,0.0,204.0,True,508.2349393020393,2.7321004993800373,0.0016095571,HOLOCENE,150.0,2,3.486852526664734,0.0346893981789511,0.0346929887925263,0.0348612365156519,0.0349001432798437,0.0349143709869445,0.0350477749982832,0.0350967512886994,0.0351286697991159,0.0352980935298316,0.0353294928305574,0.0356764860986336,0.0357922978429716,0.0360170764519971,0.036072395244844,0.0361794866733468,0.0364349534087051,0.0367140739290073,0.0378394802670629,0.0386944037844574,0.037046539693038,0.0371893983240283,0.0383910688069368,0.0378988822422975,0.0376147686017507,0.0394175323464172,0.0398997323122719,0.0387459386193038,0.0432057742913909,0.0496238683072875,0.048886179613148,0.0584116540104719,0.0602464881950451,0.0651798447276012,0.0676390165973881,0.0745443222973618,0.0714003104954113,0.0740125530839476,0.0748874546046597,0.0753063285176311,0.0779291314962846,0.105020541067617,0.1182707444200672,0.132261155163807,0.1676761663675738,0.1742030178852606,0.1628720343980317,0.1054670994778984,0.0791149395033071,0.0753245241228863,0.0765461111385006,0.0730191193121317,0.0659020095134251,0.0634178521005367,0.051311270374129,0.052625098068664,0.0560591520840659,0.0608652865681401,0.0611001490000523,0.0832364636949562,0.0813928997271029,0.0698186885037023,0.0752531068489907,0.0709297034539421,0.0532331739355047,0.0485256741760153,0.0412616902802775,0.0398719121987105,0.0443386123317591,0.0459331890955667,0.0403358949554772,0.0355912463475139,0.0338245753468554,0.0351746460218809,0.0288538188756981,0.0252617851483264,0.0261992997525124,0.0294741829977065,0.0280712926415453,0.0283933082899804,0.0256864839664855,0.0276914996774741,0.0264828995830733,0.021634696880624,0.0164226204099822,0.0142857628510927,0.0125209572923453,0.0118065663967783,0.0111547932907435,0.0111536146928867,0.0130014202279571,0.0129489618080628,0.0121155343410062,0.0130947801162055,0.0124141738144454,0.011557698995625,0.0096348144358701,0.0070291287386975,0.0058354103505122,0.0055384471217005,0.0046637816976952,0.0040778396036871,0.0036173975274874,0.0030871775549013,0.0027560877968376,0.0023207541926039,0.0020778257973971
IT-2012-0011|IV.SERM..HN,IT-2012-0011,2012-05-29T07:00:02.000000Z,11.0657,44.8417,8.07,INGV-CNT_Seismic_Bulletin,6.0,95.0,60.0,90.0,14.34,4.08,3.71,26.1,27.3,17.641999688364596,18.02372542610173,-14.994832385006944,9.328381936139548,IV.SERM..HN,IV,SERM,,HN,11.29582,45.00997,7.0,1.0,303.0,False,456.4305409513504,1.7375736229800889,0.00076326536,HOLOCENE,150.0,2,1.3668738007545471,0.0148327341754756,0.0148229140105328,0.0150797918845888,0.0151512646380406,0.0152644956879222,0.0156224495429974,0.0157098482606582,0.0160377315876597,0.0164211050769514,0.0167291093119448,0.0173007050141738,0.0180701474549595,0.019156195168336,0.019274844201732,0.0196726010906372,0.020969749548445,0.0225447223877824,0.0251644887577474,0.029007970378097,0.0286135603897427,0.0297473186960625,0.030551802936999,0.0301081830017228,0.0320708335836203,0.0388295551806848,0.0414371969474359,0.0457087739596414,0.0396123210411815,0.0358682243362018,0.0435730947292544,0.0425604365292802,0.0425224705210304,0.0423420110965828,0.0410047222951891,0.0323998062414691,0.0295094285457268,0.0306251796742245,0.0345070499470743,0.0379472156129598,0.0450908509227128,0.044907003402445,0.0387112085750456,0.0364044249816401,0.0315180188733055,0.0311911059813714,0.0332179130789206,0.0378433848784204,0.0340529479703652,0.0357972598217242,0.0358054956804686,0.0319930878435443,0.0274494365632637,0.0291887698674659,0.0302310994980909,0.0291253935532353,0.0285720187879967,0.0259802720365759,0.0216073543666318,0.021916484026051,0.0279390121034985,0.0239398005534825,0.0219769202099318,0.0198346063204401,0.0168167000799825,0.0151946917675078,0.0141975442961318,0.0145024312254184,0.0121758270123094,0.010369650821247,0.0104025714084846,0.0108379017592025,0.0094119161511439,0.0100336795604216,0.0111303774906132,0.0122579819387344,0.0120443239715609,0.0092438774595392,0.0086803444921306,0.0089246527262749,0.0094410764051937,0.0102089946941405,0.0097391778332382,0.0084362296506044,0.0066274981467926,0.0059871802526856,0.0052812318985668,0.0048295616615136,0.0043168605506987,0.0041094020343689,0.0047246530699639,0.0046388882754797,0.0044352303459753,0.0043220921008035,0.0042564478750927,0.0042404924414742,0.0041132903522341,0.0034745950721976,0.00256572839274,0.0019161120860603,0.0014474875282088,0.0011213427039439,0.0009043641328555,0.0007590932200367,0.0005642387079269,0.0004611208053989,0.0003919895481486
IT-2012-0011|IV.T0800..HN,IT-2012-0011,2012-05-29T07:00:02.000000Z,11.0657,44.8417,8.07,INGV-CNT_Seismic_Bulletin,6.0,95.0,60.0,90.0,14.34,4.08,3.71,14.4,16.5,7.257779488531519,8.686596305104676,3.216982665927919,7.1590598436001365,IV.T0800..HN,IV,T0800,,HN,11.2479,44.8486,9.0,1.0,198.0,False,509.87831577520336,2.827018200776485,0.0022219925,HOLOCENE,150.0,2,23.426501274108887,0.3022002345277583,0.302196690732859,0.3039338676199106,0.3045343504473415,0.3032493716858839,0.3111619886022883,0.3104345530389444,0.3126587972222276,0.3292270678007874,0.3335606977264275,0.3466855362325762,0.3546760723130996,0.3599056167486195,0.3589296172744144,0.3519925114450216,0.3558845608210471,0.3717178259718718,0.4238665551209929,0.4452783721423631,0.4681447108931187,0.455035485436684,0.4809472045741693,0.5577413283378952,0.6024437342804199,0.5833335263872097,0.5513609314212919,0.5590798412937816,0.5876379426384606,0.5131413877487679,0.5114330260881785,0.5493291882785717,0.5386765843435338,0.5243143331441406,0.5498451920396398,0.6172131655271526,0.6902407152032227,0.6936596054092686,0.695630267275274,0.8142193011408121,0.8473500184281313,0.8120618235332524,0.8607419073862677,0.9541860085951328,1.137035537024208,1.159136783754802,1.032052948720911,0.9373904021807116,0.9306857781569848,0.9291880566821952,0.9250518656800156,0.8546030183080027,0.805819456516243,0.8187505840621188,0.7827270879969442,0.7497168716581997,0.7154065647754586,0.639093523184864,0.6131002883232292,0.5324573130921358,0.4741870917964683,0.4103659021287789,0.3941667573560779,0.3654350460167265,0.3383279426223949,0.3280370550208472,0.3117266482977332,0.289205882069987,0.2645065241849467,0.2404842526852398,0.2037993966825524,0.1860353836038134,0.1636440281654744,0.1387042156220523,0.1216743209477373,0.1077295204028375,0.0947981725639917,0.0835268680780832,0.0763261897158237,0.0703635832829139,0.057114502089893,0.0490544850236741,0.0456889465155199,0.0428131628966492,0.0416551345277242,0.0405353353300397,0.0318703976029503,0.02486982197886,0.0230174065947909,0.0214421949550159,0.0195707567546488,0.0178493134982144,0.0162781910446291,0.0148515870731578,0.0135556326529451,0.0123815306741566,0.01131823052237,0.0109519254081693,0.0092863326045339,0.0078768556503581,0.0065199334390274,0.0053345241891531,0.0044188511543381,0.0036175059742577,0.0029366986277977,0.0026016931869912,0.0023518112307361
IT-2012-0011|IV.T0802..HN,IT-2012-0011,2012-05-29T07:00:02.000000Z,11.0657,44.8417,8.07,INGV-CNT_Seismic_Bulletin,6.0,95.0,60.0,90.0,14.34,4.08,3.71,9.9,12.8,1.6959546450861818,4.151319062064073,0.7638716042359801,1.6959546450861818,IV.T0802..HN,IV,T0802,,HN,11.1816,44.875,9.0,1.0,192.0,False,511.3861439740049,2.928309500982353,0.0010791847,HOLOCENE,150.0,2,18.575963020324707,0.2863745301787005,0.2863690134712598,0.2905351086544354,0.2914397569602781,0.2946980891259655,0.3038059912668469,0.3119707974876849,0.332787451889138,0.3405221855166657,0.337037138721043,0.3876123886663775,0.4415617340212478,0.4586745002025122,0.4682063068326729,0.4831647136325605,0.5000615132171213,0.5099637086702591,0.5320711437474177,0.5060854712973495,0.5493907746627282,0.5886998842414278,0.6246499171246851,0.6352342916206043,0.7215461322092002,0.7094684814654121,0.697297826901542,0.7548326782861466,0.8228116105154463,0.9600196950525112,0.9801613766659202,0.9863935987145748,1.0039355129268293,1.0156863043839852,1.0647095076630595,1.1059824701713945,1.06332497856633,0.9642690838218608,0.8804998893667911,0.8727773197464043,0.8327998389078258,0.7072908092195377,0.6959195521938485,0.6995032590412603,0.6928678281279906,0.6706104487315288,0.69278443295709,0.8009917115139934,0.7648601901487116,0.7996427420266475,0.8069835560825519,0.7096879085244889,0.5766271350147943,0.4496579908550098,0.3887821669008435,0.3890724080564585,0.3770394882853243,0.3701579705311892,0.4135648316952698,0.5018307505109038,0.424249432129953,0.3207427082183585,0.3150855563808457,0.3112663262212902,0.2583499576062822,0.2573544109564394,0.2751859797919642,0.2449678972644507,0.2192769337914007,0.2194481165556199,0.2015367824679484,0.1600432969707011,0.1368913547217869,0.130321132312089,0.130855193605097,0.1301938842775458,0.1148577312040493,0.1123727920607145,0.1186404492064633,0.1250363250416235,0.1196269988238799,0.1013914592712204,0.0904569875971156,0.0818251357673856,0.0729628543919726,0.0661125183821971,0.0597790253956545,0.0531323881332454,0.0497318423861212,0.0460142205944295,0.0395871733621361,0.0344100046660075,0.0307289523708665,0.0269655166695652,0.0239294350951811,0.0217865631032136,0.0197428200346385,0.0152708306920692,0.0116805011884139,0.0090298363783267,0.0072771501893502,0.0060529168762631,0.0051798004563901,0.0044884673970085,0.0039066971540958,0.0034321953183592,0.0030890850951231
IT-2012-0011|IV.T0803..HN,IT-2012-0011,2012-05-29T07:00:02.000000Z,11.0657,44.8417,8.07,INGV-CNT_Seismic_Bulletin,6.0,95.0,60.0,90.0,14.34,4.08,3.71,24.0,25.4,18.668081721026603,19.96060942156363,11.535707371452103,16.051337419978037,IV.T0803..HN,IV,T0803,,HN,11.35078,44.7668,10.0,1.0,202.0,False,508.7982024505885,2.763068269687714,0.0016130575,HOLOCENE,150.0,2,8.396602630615234,0.0968028157120562,0.0968116675053295,0.0973577821709516,0.0975242840240704,0.0977847142212512,0.0983293852880762,0.0984210282574634,0.0984863170466421,0.0987558805220167,0.09912860633514,0.1012836216866718,0.1037436040039855,0.1059682769578192,0.107214821820475,0.1088723407036156,0.1094930618897081,0.1086503612439071,0.1107401044693543,0.1088644617114049,0.1204129130248105,0.1262320571208435,0.1384036455438304,0.1479777778412932,0.1365180152492535,0.1472810206091039,0.1610699629419474,0.1764234004321107,0.1791514744360385,0.1552990621925488,0.156954260598436,0.1548034488126697,0.1629962217253024,0.1879915749030209,0.2177247693888407,0.2473914067451711,0.266031108148259,0.2995220094717664,0.2988035919310525,0.2876479885166722,0.2857770815226861,0.2368140374114773,0.2521755944797047,0.2872918700781635,0.3432283631715725,0.3463348617034954,0.3478304206885531,0.3449777645136735,0.3556014105295468,0.366397031385353,0.3717985705178563,0.361946341099056,0.3378645537547185,0.2982168663161945,0.2420946255835024,0.226442477433467,0.2106339915712905,0.1781190011314539,0.1592781327705198,0.1296239013365212,0.1218304090380335,0.1034734020097486,0.1028304310763942,0.1070976445833805,0.0895022819223488,0.0850679720332557,0.0819772354361422,0.0701985261771767,0.062332010966821,0.0612550947383319,0.0749814520664297,0.0755708186950129,0.0847226704523783,0.0785920308646349,0.0578671558815974,0.0561056236249102,0.0575908695720015,0.0517646746114791,0.0412836332366943,0.0347640221465159,0.0337966912388675,0.0281007104254655,0.0237852208170369,0.0190298554296701,0.0162434839969524,0.0146697507944446,0.0130177177142409,0.0118306509858067,0.0109283938774623,0.0099271591389858,0.0098340863618337,0.0088193896213114,0.0077594439145181,0.0069188739295118,0.0062443587504551,0.0055951181312814,0.0049526443462258,0.0046616562172248,0.0040792507868154,0.0033668519544061,0.0027958745368569,0.0025534329779329,0.0022749359826715,0.0019645722266859,0.0016642351232021,0.001427327130259,0.0012018913705223
IT-2012-0011|IV.T0805..HN,IT-2012-0011,2012-05-29T07:00:02.000000Z,11.0657,44.8417,8.07,INGV-CNT_Seismic_Bulletin,6.0,95.0,60.0,90.0,14.34,4.08,3.71,22.0,23.5,13.326871091586089,13.831418448579312,-5.083260838761957,12.33066239985654,IV.T0805..HN,IV,T0805,,HN,11.322612,44.918724,5.0,1.0,217.0,False,504.17791161680975,2.545679039429908,0.00053959235,HOLOCENE,150.0,2,10.694269180297852,0.2253889780437971,0.2253327785689357,0.2278683702176684,0.2289778039476201,0.2299090857426038,0.2304778790874011,0.2310980319474659,0.2348518548290788,0.2416259809322031,0.2397506287781569,0.2467871379262822,0.2531404741748562,0.249160065952616,0.2480954342722297,0.2492274480662566,0.2520370146602603,0.2594531026406115,0.2742583529501183,0.2609213920051778,0.274156841414264,0.2956934697543513,0.3205154194599955,0.334236575334099,0.3450890727562433,0.3706574603865017,0.4006138127805306,0.4452576475867445,0.5326312744218956,0.6078741566308231,0.5662034045334692,0.5108036428636451,0.5072634998740662,0.5058484493695968,0.6189128314194471,0.7496446632318502,0.8152843743009139,0.870735197502241,0.8283697851503452,0.7703164214895426,0.7073687660652294,0.6861842354784252,0.6744492826587913,0.6119633503394316,0.466424841770163,0.4454795092162789,0.43023944512016,0.4401694006134952,0.419742327082127,0.4038325303125917,0.3854138735868466,0.3277746600407092,0.2643594670979595,0.228712127461147,0.220986415927393,0.2039650895719123,0.2009176459182848,0.1961361076567819,0.199398276463889,0.2459045831768631,0.2812107125585912,0.2749425082633369,0.2572425557961922,0.2172211721443006,0.1620065436878133,0.1307876812078981,0.1159546084150624,0.1073856936414019,0.0842330895714718,0.0691456266223465,0.0535135172221628,0.0446476278405834,0.0414829778136235,0.0372273565788991,0.0344730419216917,0.0350043183902184,0.037181078711213,0.0377200303444375,0.0384596971424293,0.0370073958095771,0.0297426482223023,0.0238220836188668,0.0257780218154137,0.0252724231828343,0.0244231780741305,0.0210172230153429,0.0194527657534896,0.0175601983141494,0.016652747460527,0.0156286224066458,0.0143794259342528,0.0142480305411657,0.0137815395995982,0.0132713904422316,0.012573906973696,0.0118493531843816,0.0113455927946095,0.0097185744022664,0.0086346736101106,0.0069395124658399,0.0054004000563913,0.0045637457881893,0.0037427068417008,0.0029091615224961,0.0024473897290408,0.0021294505595786,0.0018231628612525
IT-2012-0011|IV.T0811..HN,IT-2012-0011,2012-05-29T07:00:02.000000Z,11.0657,44.8417,8.07,INGV-CNT_Seismic_Bulletin,6.0,95.0,60.0,90.0,14.34,4.08,3.71,14.3,16.4,10.486812855847583,12.582276276486526,10.54919187975121,6.110141404915277,IV.T0811..HN,IV,T0811,,HN,11.226468,44.783768,10.0,1.0,192.0,False,511.3861439740049,2.928309500982353,0.0023438109,HOLOCENE,150.0,2,17.365124702453613,0.1963312048367291,0.1962813357483949,0.2004757405407343,0.2022670259131301,0.205772857465443,0.2152572795824325,0.2184266839643411,0.2191751610658379,0.2190310148918611,0.2219041845142975,0.2121135115131003,0.2283173058219335,0.2400022385612631,0.2395909782166532,0.2356514484370268,0.2352657371573149,0.2432508982998791,0.2581561198565285,0.3111273784179779,0.3395495441339546,0.3442557815492418,0.3700746364783749,0.4645486178075822,0.4487480839515168,0.4723736261811775,0.4389809337876316,0.4356337521250017,0.4528535594792032,0.4227248070426087,0.4654422469950408,0.5856062884511732,0.6076267594526052,0.5644608454397144,0.5550442030050676,0.5172922675909686,0.4917746598314504,0.4318771111383775,0.3616676443788911,0.3101273853162458,0.3411557147400132,0.3123504225782333,0.3261039048415941,0.3511863514347946,0.3629700690940423,0.3343393283277536,0.3301501430837042,0.3194417592104522,0.3360262810530631,0.327764486360342,0.3328392014179341,0.3724814435117966,0.3930847804861589,0.3914588916943765,0.3729438270603279,0.3589350849198704,0.3425700743365721,0.3484897642504311,0.348378900781968,0.2575421870187357,0.2416802767353736,0.2254147870100776,0.2158121681278717,0.1988645027684296,0.1833028309304779,0.1744609442816702,0.1647556460513863,0.1686771263380003,0.1674560395329619,0.1631865002988335,0.1527074329508839,0.1407511649947888,0.131174896569061,0.1199672951532836,0.1077140150854026,0.0962411696447075,0.0861349918222637,0.0779220968778249,0.071212111521027,0.0645667650590574,0.0525367103410782,0.0447158015463598,0.041505120474118,0.0387542968231344,0.0323953011674312,0.028625033318104,0.025135966685558,0.0216116490759251,0.0200279146260947,0.0187821903347451,0.0170398517018655,0.0153602767099613,0.0145323253123695,0.0137652571040798,0.0126433706900661,0.0115832041107818,0.0111301220694727,0.0092487030854922,0.0074984027905616,0.005903527484279,0.0049101228361669,0.0041574610694519,0.003519279084383,0.0029936573708452,0.0025310956953067,0.0021747146599885,0.0019167919425098
IT-2012-0011|IV.T0812..HN,IT-2012-0011,2012-05-29T07:00:02.000000Z,11.0657,44.8417,8.07,INGV-CNT_Seismic_Bulletin,6.0,95.0,60.0,90.0,14.34,4.08,3.71,15.5,17.5,8.100752527756322,8.907917823977417,-8.05571255815751,0.871051987938606,IV.T0812..HN,IV,T0812,,HN,11.180956,44.954678,7.0,1.0,301.0,False,458.0016884676517,1.750787798354349,0.0009341036,HOLOCENE,150.0,2,14.86378288269043,0.1675910815699678,0.1675932572574448,0.1681697058918816,0.168306320343409,0.1685355266016093,0.1699326594519413,0.1705288128858674,0.1724564680313568,0.179291747168584,0.1819341715955592,0.1752269252853719,0.1749091510570118,0.1819421485479222,0.186877340942398,0.1903028625570076,0.1923593184268971,0.1938609072856379,0.185979077820846,0.192415449938381,0.2112961671019993,0.2093916293768641,0.2147752441155896,0.2273671044620028,0.2258726860080312,0.2249387451711261,0.2269420481959602,0.2455322285632529,0.243387958182825,0.2621456415068768,0.2679803699583479,0.2507823228256235,0.2555969392588539,0.2697323334969678,0.294449783336049,0.3056637997767456,0.2817835036674737,0.2850610053411583,0.299623393293848,0.2783033497694988,0.2591944519045935,0.2812077778855162,0.2919347141812037,0.3073751437242603,0.3065177264700273,0.2972619096553275,0.2890728093102336,0.3522444226620003,0.3969197402613244,0.4205201792101362,0.4300881259623885,0.460240390113054,0.4918589882281176,0.5063876430182175,0.4909304553896013,0.4966744699564193,0.5034120517220444,0.5376605538341747,0.6222970525365392,0.708154196592739,0.6617473978099878,0.5510844023507461,0.5205728618737001,0.4634635838942867,0.3807968496339278,0.3049322812383228,0.2876176222118397,0.2468433200253496,0.2074884106028728,0.1722448016364993,0.1256195788108617,0.0870762964862807,0.0744078061920182,0.0747777700845608,0.0858320515832261,0.0983327978355941,0.0937945368597886,0.0945941670973451,0.1021848917999469,0.104660234798351,0.0776821713702186,0.0501212434292865,0.0473654612389123,0.044933848158169,0.0391661512969438,0.0378020375984894,0.0373284762897015,0.0359281152612077,0.035054312206877,0.0352534446110741,0.0369513212245744,0.0372057548623743,0.0366414971964827,0.0352105917542376,0.0327818540633526,0.0296845952900382,0.0262641210137598,0.0193209060337248,0.015767728640099,0.0122983911189958,0.0097573800200777,0.007769756568518,0.0062434590643897,0.0050964014727614,0.0042245829519589,0.0037174268230313,0.003261996172836
IT-2012-0011|IV.T0813..HN,IT-2012-0011,2012-05-29T07:00:02.000000Z,11.0657,44.8417,8.07,INGV-CNT_Seismic_Bulletin,6.0,95.0,60.0,90.0,14.34,4.08,3.71,11.3,13.9,3.0494298241384445,4.814940086895471,0.3331906324864655,3.0494298241384445,IV.T0813..HN,IV,T0813,,HN,11.199186,44.877766,1.0,1.0,203.0,False,508.5185302444066,2.7475026174910764,0.000933292,HOLOCENE,150.0,2,24.132312774658203,0.3523963159226616,0.3524753941892821,0.3550802340438564,0.3583609747666861,0.3637575634547378,0.3669356084946406,0.3690057776108528,0.3966188072351955,0.4231761653930211,0.4305701945010434,0.4592897200419125,0.5209296464151916,0.5465106685860524,0.5647971371141113,0.5896485815117191,0.5927420650498173,0.5507609836967454,0.5871609503701144,0.550472656530047,0.6211146548099169,0.6898059820782287,0.7679090791683099,0.7231561921782481,0.7021093995740152,0.7905704918326791,0.8876163286175515,0.9565747715448232,0.9259563097558736,0.9056565206932884,1.2027223374992055,1.180589126319109,1.234387477250345,1.2215478261098225,1.1651959451173914,1.2413100205264669,1.0902012653549824,0.94691839920376,0.788214546301847,0.7689626246056892,1.0141227595192106,1.0230504587019635,1.0611534039789745,1.0570402171730862,1.047507869231001,1.02101641624774,0.9654772818071246,0.9233914288946692,0.970469308764571,0.9009330823458378,0.8474306753326047,0.8511724120673546,0.7911185076320774,0.7182165832218128,0.6742973559580309,0.6458608530743459,0.6121265682164383,0.5656845109201329,0.4431136856720915,0.3247174581395866,0.2786192211040857,0.244929665158288,0.2526237172984487,0.2560567953086773,0.2383462805502237,0.2079323210816187,0.1940841379945344,0.1998089074842408,0.2037676645999165,0.1991878605234772,0.1700461020731191,0.1546047192191451,0.1460976237282028,0.1412641977579833,0.1360632066417169,0.132722950946163,0.1291088107749587,0.1278551833201379,0.1174672080546781,0.1040442296737833,0.0837088138465893,0.0801421639832032,0.0765606741965791,0.0708918007384233,0.0616002815280874,0.053788634325524,0.0443113511300638,0.037155485087613,0.0348425197270444,0.0335219048813626,0.0318966317422805,0.0296593805750618,0.0274231456954281,0.0244728508248898,0.0221172391718428,0.0203101555598716,0.0186745609564588,0.0149995069468633,0.0118569712377302,0.009753446149546,0.0079714907660764,0.0066488294059673,0.0055807042522175,0.0046880001160558,0.0040144661282878,0.0034311177552646,0.0030758907223907
IT-2012-0011|IV.T0814..HN,IT-2012-0011,2012-05-29T07:00:02.000000Z,11.0657,44.8417,8.07,INGV-CNT_Seismic_Bulletin,6.0,95.0,60.0,90.0,14.34,4.08,3.71,9.3,12.3,9.252633498429084,11.631092540094553,11.292638176396398,0.0,IV.T0814..HN,IV,T0814,,HN,10.969215,44.793297,16.0,1.0,188.0,False,512.3193556317201,2.999694333136385,0.0023441315,HOLOCENE,150.0,2,22.2854232788086,0.4384555812663234,0.4385061834806965,0.4435721946093766,0.4454721502528759,0.4484094302617704,0.4555604235965244,0.4568487296544554,0.4601049484687573,0.4668453446150464,0.4693081572043765,0.4797686627653352,0.4835124042625948,0.4922735676629347,0.4942084337759553,0.4982854039206548,0.5066882595195682,0.5169578020541366,0.5164318496390282,0.5152351670988687,0.5463739453986934,0.5455941325797992,0.5532531279546502,0.5972364840094512,0.6174706934907577,0.7068481975678326,0.7114257287991805,0.7969744572056013,0.829136090582832,0.8447161594525202,0.901191413604864,0.8172155867479655,0.8414315120253214,0.887957729047706,0.934208738085479,0.9566050123756394,0.8957627159562621,0.8308510654247371,0.8913139532864188,0.8798757317235274,0.956787117042276,0.9527306937408708,0.9808702799163018,1.061633280575856,0.9158647238337912,0.922796405820688,0.8811447872711436,0.8770658819942204,0.9268194395246588,0.8610184804360146,0.7593465813349104,0.6393957170336311,0.68732290624603,0.7007904919921438,0.6835812654111366,0.6379299443442625,0.5956956298529583,0.5981400006810731,0.6217513729695776,0.6078780567066389,0.4686385589576619,0.4564921603564396,0.4589054765183927,0.4084131943248366,0.3664555720424142,0.303024203460515,0.3286803088573565,0.3331039493428862,0.3070639834301769,0.2890721433471113,0.2385057560038908,0.2211228409043929,0.1916302599476959,0.157456155925014,0.1374332960581287,0.1189846241542133,0.119522728702255,0.1066577525426682,0.0971076963162905,0.0907598485796426,0.0879223950347326,0.0637270237398733,0.0541234066407466,0.0492470834295032,0.0416007969505482,0.0346078380158023,0.0292343631172702,0.0297341062401596,0.0296819933141439,0.0292101300980572,0.0300512996916666,0.0286953558691945,0.0261853193821185,0.0222849003603849,0.017907604928432,0.0160079350544208,0.0144058849998624,0.0124713956023435,0.0098509105860414,0.0082949578380349,0.0074318224537359,0.0067222236978283,0.0056617630999321,0.0051558911114311,0.0043667449822441,0.0037423409565653,0.0031684060109964
IT-2012-0011|IV.T0816..HN,IT-2012-0011,2012-05-29T07:00:02.000000Z,11.0657,44.8417,8.07,INGV-CNT_Seismic_Bulletin,6.0,95.0,60.0,90.0,14.34,4.08,3.71,44.2,44.9,38.16452126894021,38.82660055816447,14.827076958576722,35.92993653682342,IV.T0816..HN,IV,T0816,,HN,11.597592,44.720657,1.0,1.0,187.0,False,512.5439422672442,3.0180524592495197,0.00093159004,HOLOCENE,150.00000000000003,2,1.802970349788665,0.0163432635021953,0.0163422677099968,0.016509729004754,0.0165617809246158,0.0166479871694516,0.0167135347843633,0.0167349706358831,0.0167444085589224,0.0170210919075403,0.0170786098169843,0.0172517105536102,0.017654438114791,0.0184649952102769,0.0188697005588797,0.0190316534786709,0.0191681952826601,0.018863442236823,0.0180924273247563,0.0193766564491055,0.0209938916779911,0.0214348552335613,0.0222084611312761,0.0226229097395368,0.0206331412312887,0.0212195078623879,0.0215931167602266,0.0230334414271279,0.0225996812250844,0.0234300391694118,0.0247354807786239,0.0309092807957657,0.0321682143500376,0.0399642000591399,0.0446249678908039,0.0363077474767236,0.0352002194402201,0.0330902619606642,0.0389314542336916,0.0378601881663836,0.0355376936566918,0.0460879065654505,0.0486522865015091,0.0509329193085188,0.0592656692750891,0.0561287508624886,0.0545526954997442,0.0625527970817819,0.0591952210500863,0.0594380349027403,0.0589711262963051,0.0542946427719237,0.0473004720629268,0.0485456513290228,0.0496364299905049,0.0495940706305278,0.0482241956296746,0.0452040501214134,0.0478615920430625,0.0493049453716818,0.0355679124097126,0.0285735962391813,0.0269966645093912,0.0252758411033558,0.0231714902490788,0.0242966499410382,0.0257649006048353,0.0243652149977787,0.0216713194864914,0.0178075402408711,0.0178690294268839,0.0148400730622497,0.014244321727669,0.0142644691386376,0.0125397870396335,0.013912054363691,0.0148883140718614,0.0155516592670604,0.0149869649310951,0.0143813834376429,0.0115289547729634,0.0111809987060037,0.0115581933412435,0.0111461306683969,0.0106117356201435,0.0085603308535711,0.0074997751279488,0.0067065197552303,0.006258473853364,0.0059395197402548,0.005804628860287,0.005682338841102,0.005768072820726,0.0055187766145467,0.0047019062980616,0.0048017773787069,0.0048776033771973,0.0044046391749844,0.0027432688136541,0.0020284582024073,0.0016745396669224,0.001407573308137,0.0011733283153687,0.0009911921823998,0.0008416531908102,0.0006995619216764,0.0006237984573675
IT-2012-0011|IV.T0817..HN,IT-2012-0011,2012-05-29T07:00:02.000000Z,11.0657,44.8417,8.07,INGV-CNT_Seismic_Bulletin,6.0,95.0,60.0,90.0,14.34,4.08,3.71,35.0,35.9,26.156251117101192,26.41193219314134,-14.122066254992257,22.0477755997575,IV.T0817..HN,IV,T0817,,HN,11.455909,44.991627,0.0,1.0,295.0,False,462.5782264482067,1.7915840852811464,0.0009344655,HOLOCENE,150.0,2,4.3959925174713135,0.0535563595321099,0.0535523374054008,0.0538885393844417,0.0539644736452743,0.0540634798736306,0.0547161804682184,0.0545872741073851,0.0548397638510682,0.0549710527758624,0.0552752223513087,0.0563440029318801,0.0570959320924886,0.0586850597866226,0.0591581421459935,0.0592221521275082,0.0585883088096529,0.060497827193904,0.058772572703936,0.0572380784045212,0.0624616500174461,0.0628850613678832,0.0613370587539381,0.0584892711328356,0.0636280873072858,0.0671398499174147,0.072205524306556,0.0749250421382862,0.0803363949053411,0.0797617394849429,0.0964049228759239,0.0914631082873541,0.092180852976641,0.0868950619523518,0.0833722066081991,0.0912538690356547,0.0986411609790195,0.0985399538642182,0.0983368237431389,0.0968346883493283,0.1010383063699006,0.1117126946656644,0.1161641706990724,0.1248415759650603,0.1514364852467906,0.1492891070084525,0.1321983339326927,0.13387093287436,0.1498694217671946,0.1612736677970907,0.1696636886368596,0.1842208785881909,0.1977315979017866,0.1977911877639965,0.1847655196816817,0.1761248796130047,0.1664903750234375,0.1438189176833993,0.1175730136977234,0.0860911248694501,0.0863937370450776,0.0985733126248042,0.0908910474521892,0.0759038007433348,0.068667206906804,0.063054292427825,0.0555788878987031,0.0541579960425545,0.0503707015879939,0.0427975289070101,0.0335751197106663,0.0278520425712393,0.0262823656318694,0.0261428510012741,0.0269251057635361,0.022834816463457,0.0211532844546977,0.0199336067776176,0.0217106168333398,0.0219347774890863,0.021520889553439,0.0200642401807409,0.0184835918193139,0.0162113069304622,0.0160123540785555,0.0167303559449033,0.0160233813695401,0.0124321683154218,0.0122273313094142,0.0116855285280763,0.0112958211864671,0.010279279982742,0.009461966963601,0.0089188805191364,0.0081782594449407,0.0083118849743738,0.0082424951856899,0.007725211984928,0.0069973038792095,0.006038430364513,0.0052680471329622,0.0043640035939249,0.0041012016001258,0.003329952199621,0.0027973798915677,0.0022048366052129,0.0017636968929308
IT-2012-0011|IV.T0818..HN,IT-2012-0011,2012-05-29T07:00:02.000000Z,11.0657,44.8417,8.07,INGV-CNT_Seismic_Bulletin,6.0,95.0,60.0,90.0,14.34,4.08,3.71,10.7,13.4,4.807794369775975,6.073550488594923,-4.807794369775975,0.0,IV.T0818..HN,IV,T0818,,HN,11.030367,44.934845,5.0,1.0,217.0,False,504.17791161680975,2.545679039429908,0.0016172101,HOLOCENE,149.99999999999997,2,27.948110580444336,0.2664311396894104,0.2663631067630933,0.2703822088602045,0.2720811450321416,0.2770879012964283,0.2819416830033872,0.28365349890554,0.2860191628459316,0.2866240327058691,0.2874487949428796,0.3307119990298959,0.3188384757394856,0.3275214414660909,0.3345433927914485,0.3380087408117397,0.3301924741775583,0.3304807823856588,0.3640826698051283,0.4089013854029219,0.434215505784489,0.4528328456449391,0.4635654209016685,0.4729702893573183,0.4976137403286831,0.5091165947031511,0.4722393392441905,0.502103835726711,0.5243229513655212,0.4896697763800404,0.5666396221097927,0.4895084952920173,0.4689862859695309,0.5243898624003519,0.677078434171822,0.7823210064237573,0.7359486013243454,0.6566862849944578,0.6552478557763732,0.6389338583876434,0.8060877781197642,0.8803700446486795,0.8321810387936353,0.7710435355103599,0.7418923213128364,0.7125627954157222,0.6921525386858475,0.642396192512639,0.6286194843577702,0.627453659038595,0.6130277104818559,0.5439180271754511,0.4998487270674078,0.4862218337992625,0.4724082626589599,0.4736735314723085,0.4737956887145328,0.4841205881954336,0.4744956021960876,0.4037132097817169,0.4550252493629183,0.4938871533820652,0.4935954557107181,0.5114831676252456,0.4893481087149377,0.5427100012256069,0.6151484532255672,0.6172675157756026,0.5875293993846511,0.5584681522381392,0.3944734386229434,0.2576775713862128,0.1799556591073903,0.1430950454108106,0.1214046723501249,0.1064756703794824,0.10410806799302,0.1036123001050341,0.0985719558787114,0.1118782674256206,0.1136961630081954,0.1005688731790149,0.088724827476629,0.0824708282965591,0.0654674188778113,0.0630205938950276,0.0587570834982916,0.0533042408455483,0.0503785154933058,0.0474349603664251,0.0417161130169965,0.0364035541563754,0.0330323854614724,0.0292155203741616,0.0260387128770023,0.0246611166739366,0.0229841042209227,0.0177003260034876,0.0133969773368751,0.010988356129032,0.0094968137367983,0.008182890828939,0.0070638746919252,0.0061228291696834,0.0053312389587058,0.0046636864332557,0.0040990570815873
IT-2012-0011|IV.T0820..HN,IT-2012-0011,2012-05-29T07:00:02.000000Z,11.0657,44.8417,8.07,INGV-CNT_Seismic_Bulletin,6.0,95.0,60.0,90.0,14.34,4.08,3.71,40.5,41.3,33.6968194984682,34.26298818631482,7.2003931345369,33.2877500460967,IV.T0820..HN,IV,T0820,,HN,11.5732,44.7912,8.0,1.0,234.0,False,497.7577331447509,2.335235269896549,0.0009323047,HOLOCENE,150.0,2,2.881877541542053,0.0274330050431339,0.0274353133642044,0.0276124494127644,0.0276535310439664,0.0277507950278104,0.0280930041802244,0.0281658855544093,0.0281207833895988,0.0284702820372983,0.0287283720376368,0.0290285149266104,0.0288372244203099,0.0293408941308651,0.0295408466905626,0.0295604572785625,0.0297984055679904,0.0298574581519838,0.030410806917409,0.0324879936835799,0.0395792166287098,0.0418784753454759,0.0450961697767805,0.0500311746346058,0.0477773515214509,0.0419499547447565,0.0436881174623849,0.0431621470881361,0.0392144935693979,0.0405914235067988,0.0433822162019812,0.0500982824663058,0.0510337828609757,0.0555683997353767,0.0669644488395748,0.0827156812365631,0.0873653746670321,0.0861724374720665,0.0777170808636697,0.0684591523282552,0.0680453626795183,0.0783132663891365,0.0845259077481563,0.0825964283920064,0.0893041435606539,0.0908791802295336,0.0806113944568135,0.0745092223189873,0.0623230769777906,0.0584276179755971,0.0529480735001028,0.0510322962671037,0.0557712321785328,0.0593330558516827,0.0634337500965517,0.0662609679859975,0.0704907128069661,0.0685185912854965,0.0658586545094701,0.0492814979173648,0.0422652941501986,0.0388163040049109,0.0375129557799255,0.0339957775080672,0.0359260576614546,0.0321815982290891,0.0293844946970782,0.0274361896101572,0.0271876732911056,0.0278448625468824,0.0243853360011336,0.0224948094508496,0.018608472915285,0.0211619656746851,0.0256812725995396,0.0287716387243984,0.0293049084572289,0.0257818554948109,0.0221656708668357,0.019284637454042,0.0187241756597433,0.0212208586221532,0.0203633897748204,0.0198560025517545,0.0140729213610135,0.0126172101598628,0.0118078073741361,0.0098432541579846,0.0090283512930359,0.0086481887784444,0.0078207409833166,0.0071304636547345,0.0064937747023889,0.0055925185997156,0.0046901263440553,0.004636673723052,0.0043677284540212,0.0039679381083684,0.0030968071147508,0.002948038800283,0.0024141462704209,0.0019725607655573,0.0016174848693729,0.0014265358917454,0.0011086700959362,0.000949131820922,0.0007632729521864
IT-2012-0011|IV.T0821..HN,IT-2012-0011,2012-05-29T07:00:02.000000Z,11.0657,44.8417,8.07,INGV-CNT_Seismic_Bulletin,6.0,95.0,60.0,90.0,14.34,4.08,3.71,38.1,39.0,29.97864402982304,30.2003398758121,-4.9882951647691165,29.57181406138542,IV.T0821..HN,IV,T0821,,HN,11.5405,44.9035,3.0,1.0,184.0,True,513.1972806931424,3.074411476839089,0.0009335621,HOLOCENE,150.00000000000003,2,1.505319356918335,0.0181866513395635,0.0181871910674539,0.0183304626921629,0.0183941140370869,0.0184712978670676,0.0189942080741668,0.0191344955491283,0.0196816886240912,0.0192721276729347,0.0190574839702869,0.0197209043770184,0.0201222807655978,0.020403698409582,0.0202850411034583,0.0200703405800505,0.0204539141272312,0.0220092377791725,0.0271307263315852,0.0349693610513554,0.0354913967856591,0.0399537802343834,0.0444464156647399,0.0446845263674335,0.0500162784473475,0.0507383889102068,0.0547539632004558,0.0558723742594526,0.0514654017811615,0.0410720371178897,0.0486178810429499,0.0455461213849029,0.0464141967253472,0.0499020845708561,0.0411429934957579,0.0386819383378175,0.0378670531913934,0.0397498326581548,0.0392562709672092,0.0381038300568571,0.0423494740787306,0.0406038692233255,0.0412618381387573,0.0392108523240015,0.0488500149473117,0.0527291025957628,0.0563054728775543,0.051575236065123,0.0483747353914636,0.0475729068333538,0.0428111485717728,0.0398747168525775,0.0397428657913227,0.0377063982959491,0.0352063036246339,0.032582597945431,0.0312801912323092,0.0299224651341493,0.0259179114299842,0.0276961623950581,0.0277989224766238,0.0237139626591488,0.0219650098122665,0.018668449201446,0.0152035468559132,0.0142767044711903,0.0125152898638195,0.0115775678620038,0.0094609719635846,0.0081863900418894,0.0084138131133916,0.0097248467213738,0.0107296520213196,0.0102209442178839,0.0096548408166242,0.0089376703717789,0.0087057723883273,0.0084017736834397,0.0088414206512117,0.0089898108795382,0.0084660916619979,0.0073325662216805,0.0072247854379721,0.007117356508349,0.0066463288688306,0.0058962220399091,0.0053044272117282,0.0043985153948224,0.0040380536602824,0.0036754619311598,0.0031469856893072,0.0027166141756508,0.0023892168003315,0.0022915525252979,0.0020808272167275,0.0018772631451913,0.0016844339111707,0.0014354131593994,0.0011718054631209,0.0009305653014106,0.0007493272108208,0.0006775601907935,0.0006584424849011,0.000625729676932,0.0005496513686391,0.0005176448445898,0.0004726132427421
IT-2012-0011|IV.T0823..HN,IT-2012-0011,2012-05-29T07:00:02.000000Z,11.0657,44.8417,8.07,INGV-CNT_Seismic_Bulletin,6.0,95.0,60.0,90.0,14.34,4.08,3.71,24.1,25.4,21.962636684793512,23.115490645091104,20.99392163094332,11.052912885491054,IV.T0823..HN,IV,T0823,,HN,11.277115,44.68618,14.0,1.0,225.0,False,501.3212095080272,2.4423999448985123,0.0013193468,HOLOCENE,150.00000000000003,2,11.27482795715332,0.1113238913790223,0.1113290429076398,0.1116446678717069,0.1117169262141065,0.1120510499182001,0.1117822580639883,0.111938788695191,0.1122446665805807,0.1126713731831108,0.1129368707495954,0.1144294691709592,0.1145849223778199,0.1150691301844522,0.1149751840421414,0.1152240376227494,0.1176368851585652,0.1192668234017826,0.121248011463962,0.119536990136742,0.1254699831680621,0.1312937115114325,0.1377155575659684,0.1409771314467339,0.1562392345987214,0.1666913001533149,0.1731382139473871,0.1696713079044517,0.1698684002113682,0.1751014148181504,0.1862855490850006,0.1867261630489375,0.1874761154495258,0.1940882750693025,0.1947120007354623,0.2027940784243665,0.2484248492220417,0.2553686585085067,0.2389313170196224,0.2364644940990495,0.2711057827760901,0.2944147325727762,0.3011406230246877,0.3202279730379564,0.3943741492620927,0.4537013748607044,0.5002201194435416,0.4764839769778007,0.4154826821450062,0.3866381260620848,0.3507729126103781,0.2806114342251658,0.2239343790103782,0.1963445827773016,0.1821930207473787,0.1894573889407801,0.1971203195387712,0.2052458476094649,0.200275429760746,0.1847006884482304,0.146358349645034,0.1214227413838979,0.1145703598854192,0.1027716432671098,0.1050913439895199,0.1095882427131775,0.1144864997115963,0.1206798868012648,0.1182392010870133,0.1121489502145497,0.110118352522805,0.0934463846360735,0.0886819910921693,0.0944683369856943,0.0806874959261859,0.0618907600242073,0.0550857876747875,0.0577691355292735,0.0601966511709511,0.0559808390160143,0.0392278022179378,0.0342871181977816,0.031886715102476,0.0298381486684286,0.0297872067675845,0.0270648565302164,0.022862225466801,0.0182858572169991,0.0170665741888696,0.0163692620203871,0.0157702555160056,0.0146934060065314,0.0134459545642128,0.0117858817185147,0.0105470381406531,0.0096866752806551,0.00928380975977,0.0081273639854804,0.0083623591990821,0.0084193623612519,0.0073808100849731,0.0064489499877147,0.0056655138640869,0.0050991107592186,0.0044444070386714,0.0037061141694508,0.0030140794486509
IT-2012-0011|IV.T0824..HN,IT-2012-0011,2012-05-29T07:00:02.000000Z,11.0657,44.8417,8.07,INGV-CNT_Seismic_Bulletin,6.0,95.0,60.0,90.0,14.34,4.08,3.71,14.3,16.4,13.584800413089337,15.387704002753884,15.337806704878108,2.777621547546302,IV.T0824..HN,IV,T0824,,HN,10.927588,44.759354,72.0,1.0,200.0,False,509.345912893746,2.794700464894712,0.0016128508,HOLOCENE,150.0,2,13.73695468902588,0.2026362332894005,0.2026726763475851,0.204124073437826,0.2045983421645518,0.2051885739414634,0.2078069936923929,0.2099886152990275,0.2110003108976802,0.2136339609516892,0.214065169798566,0.2178342155261857,0.2213831876975718,0.2184800100874046,0.2152042851577413,0.2176384628827802,0.2286223853761451,0.236241043476599,0.2367734394058764,0.2562608692554726,0.2725298470261361,0.2695571664536517,0.2784572465819305,0.3051234453959637,0.3373289095458038,0.3390782200158293,0.3218666631533687,0.3367356776928302,0.3607935490731205,0.4016506304254781,0.4359655547852853,0.4118174664873787,0.4157977306518425,0.4132478782868473,0.3596159628453584,0.3359633025959579,0.3576092210627122,0.4386712561296341,0.4589068092691983,0.4749846176580363,0.427407507784188,0.449378678833348,0.4782820723371035,0.5107742202507674,0.4739526560055854,0.3999409237031027,0.3683520889692434,0.4121322360034306,0.4337318342613422,0.4470821263619833,0.4841442570634471,0.5202517976681814,0.4455638516934616,0.3896131571292314,0.3668281799124153,0.3481973937411273,0.351516647655582,0.333887080752794,0.3298006747088918,0.3390644921680814,0.3588338460990241,0.3714158931211916,0.3628729635850392,0.2917459671083916,0.2214572139572105,0.2519967031157656,0.2442690372647558,0.1951349532198118,0.1545507605174156,0.1374337743011268,0.1099437703021471,0.110678270711096,0.0859669193214435,0.0747810509395031,0.0710632435830651,0.0712527959553067,0.0689649357157833,0.0652792498340008,0.0612597253987007,0.0669338818773148,0.0578220854832277,0.0477706953087155,0.0431396867074976,0.0385505860008713,0.0273335114272099,0.019350680528062,0.0166129994134966,0.0176284500113478,0.0172117783356326,0.0163675107607353,0.0131700409575003,0.0115244215631696,0.0118150647679007,0.0118285183766885,0.0098198714998301,0.009081863587358,0.0092636111382048,0.0071154429207091,0.0059655707507116,0.0061210204526502,0.0054389308519341,0.0048282227089222,0.0044124062348075,0.0037894441562622,0.0032665564695047,0.0027904773296321,0.0024824305728978
IT-2012-0011|TV.CAS02..HN,IT-2012-0011,2012-05-29T07:00:02.000000Z,11.0657,44.8417,8.07,INGV-CNT_Seismic_Bulletin,6.0,95.0,60.0,90.0,14.34,4.08,3.71,33.0,34.0,25.791327242282204,26.202451731670443,2.902569648859467,25.774923763218865,TV.CAS02..HN,TV,CAS02,,HN,11.483373,44.836032,9999.0,0.0,205.0,False,507.9473991551308,2.716859408183688,0.0023457361,HOLOCENE,150.0,2,2.695143699645996,0.0404439267595651,0.0404315868525662,0.0411361567127828,0.0411708578036461,0.0417566913580252,0.0420098225421747,0.042183232337173,0.0424212715812974,0.0429059737106896,0.0438376414551977,0.0436214949572224,0.0448634093914788,0.0467705299997667,0.0480912044166523,0.0489059533846262,0.0486811723986543,0.0508998116444514,0.0587586302758691,0.0690441284294468,0.0874947766459954,0.0906401180584238,0.080898272914064,0.0833033628201406,0.0953257402499666,0.0972930384766024,0.0977818599178342,0.0979753047256773,0.1016126514639882,0.0992145268529552,0.0849413197372928,0.0911800239738055,0.0887600105849419,0.0866930455124723,0.0877142134196043,0.0929193285004474,0.082462893394854,0.0889446574306875,0.0816835709420748,0.0847518959453003,0.0994622437946163,0.0945648384431745,0.1010441591311724,0.1051270683536478,0.1147170699443048,0.1231162583843708,0.1277473889986789,0.1172760937966195,0.1148359463176861,0.1116624826588211,0.1032505791491969,0.0977092598123045,0.094263835202447,0.0952520977976462,0.0891324102950383,0.0902854982004443,0.0929949728662218,0.098789868085254,0.0965600189050987,0.0745837719606902,0.0524514773967542,0.0541773566972992,0.0470680032603339,0.0446621308286279,0.0358775376236232,0.0367768816172305,0.0326485940222462,0.0277946654227969,0.029223302051794,0.02516722909282,0.0239747548864611,0.0196276054551601,0.0203402330774941,0.0187654139836293,0.0197793176215392,0.0234081425036792,0.0197544706399106,0.016350033937521,0.0148486647212867,0.0135708633050172,0.0132707845295096,0.0135729006902358,0.0142315645240977,0.0145499865977476,0.0138423186515479,0.0120878062265588,0.0098718401029859,0.008317366447062,0.0088599679369927,0.0089644215278349,0.0090503838971822,0.0077706780052581,0.0062509747456894,0.0054882081448488,0.0052200132362598,0.0051034654083162,0.0052170748671526,0.0049004128370823,0.0040551474789834,0.0034009981277786,0.0026013282066632,0.0023634000185243,0.0019979515800237,0.0015684715959161,0.0012402485035883,0.0011291873256049,0.0010557320534263
IT-2012-0011|TV.CAS05..HN,IT-2012-0011,2012-05-29T07:00:02.000000Z,11.0657,44.8417,8.07,INGV-CNT_Seismic_Bulletin,6.0,95.0,60.0,90.0,14.34,4.08,3.71,27.6,28.7,20.98216472503478,21.885421869246915,7.185445991696415,20.329926313347915,TV.CAS05..HN,TV,CAS05,,HN,11.409715,44.802222,9999.0,0.0,222.0,False,502.4259243643871,2.480194724748134,0.0013202295,HOLOCENE,150.0,2,5.102834939956665,0.0624964957368941,0.0625009313396943,0.062956042273706,0.0637615646653616,0.0649345874917463,0.0673701448396272,0.0675159275525129,0.0671301619106105,0.0656531791368709,0.0658136647463005,0.0646577828313388,0.0649177167425837,0.0661288019509018,0.0683504930198158,0.0703259296634153,0.0742343735932166,0.0762495501359797,0.081271101134649,0.084719501441328,0.0987224368008759,0.107381733752688,0.122991128263736,0.1179682665098219,0.1235359755163458,0.1265233738509692,0.1338639522354932,0.1285942757980868,0.1500298090678899,0.1525188756084247,0.129490328150509,0.1321580276690278,0.1383932025157889,0.1392010912125871,0.1582613500537163,0.1828899219029862,0.1656183717383468,0.1955875436560669,0.1896250690876798,0.1730559336326741,0.1579189813110547,0.1688213102730326,0.1559681926545449,0.1427440304655347,0.1226706448441949,0.1420202153318972,0.1563424682254801,0.1623217186981262,0.1664519476170851,0.1586187138033251,0.1476247501760892,0.1408046846447543,0.1552077220857369,0.1861709476514124,0.2036255814886946,0.2027621728136597,0.1965965200869641,0.1761850215540004,0.1567250874921675,0.1182085776944651,0.1178812704395074,0.1106035808438943,0.112708797252189,0.1109957301977217,0.0943955191930291,0.0843954120088636,0.0800103009551355,0.08436825472265,0.0654794471854987,0.0585433706099535,0.0615841904413351,0.0543982732688055,0.0511465934034274,0.0525719689240513,0.0489406065744437,0.0411683795696674,0.0334333055059428,0.0301435580448063,0.0311715891170569,0.0294614821248968,0.040496584116487,0.0401428693753452,0.0370083654132287,0.0328834446466462,0.0247193084589024,0.0198693771810391,0.0149822432940975,0.0121895147104907,0.011594649561087,0.0110862403560308,0.009266087811685,0.0089813246923718,0.0083070978768236,0.0079391312293676,0.006691304889011,0.0052947788147205,0.0050221779511064,0.0056418982739157,0.0055013264142613,0.0044977110978262,0.0035589658133823,0.0030217220594936,0.0026419447919501,0.0022761384335026,0.00180566871787,0.0015192370997886,0.0014429785081336
IT-2012-0011|TV.CAS06..HN,IT-2012-0011,2012-05-29T07:00:02.000000Z,11.0657,44.8417,8.07,INGV-CNT_Seismic_Bulletin,6.0,95.0,60.0,90.0,14.34,4.08,3.71,33.8,34.7,26.72496720426867,27.247495404037657,4.581104267342775,26.598154710653397,TV.CAS06..HN,TV,CAS06,,HN,11.491826,44.820308,9999.0,0.0,204.0,False,508.2349393020393,2.7321004993800373,0.001788614,HOLOCENE,150.0,2,3.031347274780273,0.0347698726090891,0.0347692273805591,0.035292889840279,0.0353991551049065,0.0356623280021246,0.0360191267221621,0.0360230138320866,0.0362043866787638,0.0370362634001513,0.0372972366380547,0.0385714728378355,0.0389897373763357,0.0394075716662314,0.039433517623703,0.0392827718407852,0.0392557218866233,0.0408102336294802,0.0464982678635951,0.0480813308622315,0.0544280093579694,0.0558441553279889,0.0554893775016814,0.0582519013123481,0.0691017792410411,0.0915763736511309,0.1115994521661564,0.1106465707728171,0.1054943119944206,0.0903462996664514,0.0785268998296723,0.0885119348310273,0.0878427526527545,0.0900261469454445,0.0960785716403415,0.1059694167176413,0.0886744984231489,0.0787159929011029,0.0769688358956617,0.0804045773689251,0.0826198063519338,0.1113048446543623,0.1107956521614353,0.1061685579292846,0.1060109331705996,0.1068211203087219,0.0948329116560497,0.0879938719129964,0.0894960394536202,0.0919859815905509,0.0894116473824637,0.0790586361171201,0.0807435700015137,0.0898979897161939,0.0993338104908578,0.1022713407375026,0.1021771360220789,0.0933304896646246,0.0845452395870632,0.0805394640522409,0.0624472202283569,0.053012433626322,0.0494322219383372,0.0460195108943606,0.0428433883524435,0.0382480630619547,0.0326691410926597,0.0242146809593719,0.0236264706602857,0.0260000018219682,0.0274817546756884,0.0271088155771301,0.0242636224352259,0.0217710893618713,0.0185914013167038,0.0213105767513854,0.0237283416957774,0.0257469855774942,0.0251030700952732,0.0233401634352951,0.0194334253647932,0.0159182905328298,0.0145990612132792,0.0122677764378947,0.0137959360738691,0.0152116064422571,0.014901001883322,0.0127298059874288,0.0115839396470207,0.0102356234308222,0.0087366074682873,0.0078051990215137,0.0068501532243793,0.0058999569253596,0.0055562212013789,0.0053712691378462,0.0053137227878737,0.0050600717228172,0.004859707249742,0.0039482755586198,0.0031439337641053,0.0025207206610645,0.0022183340388212,0.0019558486882962,0.0016522434369986,0.0013370261903985,0.0010518178443109
IT-2012-0011|TV.MIR01..HN,IT-2012-0011,2012-05-29T07:00:02.000000Z,11.0657,44.8417,8.07,INGV-CNT_Seismic_Bulletin,6.0,95.0,60.0,90.0,14.34,4.08,3.71,0.5,8.1,2.925651450010404,6.199947263384685,4.96586384268995,0.0,TV.MIR01..HN,TV,MIR01,,HN,11.071316,44.844042,9999.0,0.0,218.0,False,503.8363019059117,2.532324481112471,0.0015221076,HOLOCENE,150.0,2,46.80538940429688,0.3904684389566805,0.390473757894943,0.3960526565920348,0.3974300135937668,0.4021069427464829,0.4104660657770558,0.4174973616418972,0.4178852698697879,0.4173118078747879,0.4160213553198298,0.4238842573069643,0.4333270388428746,0.4381581391467457,0.4364185687828248,0.4343383727440172,0.4569080354740091,0.4579706654785646,0.4926440913084245,0.5306914110551613,0.5601608971998961,0.5711108666036131,0.5762656290533156,0.5709738267127806,0.510145486789967,0.5160067259393751,0.6066477251090083,0.7161061271444206,0.7157867823198958,0.712159790827831,0.8617745990666629,0.7689840998682406,0.7549812189620498,0.7205373349296242,0.6879234142646756,0.813664396021532,0.8552777023478377,1.0527445360891028,1.0511034852696093,1.0008109484174663,0.9507026193390996,1.0337797953934695,1.0456727519226807,1.1757212007595226,1.227078507000252,1.394691568396612,1.5207041761697797,1.422587233189519,1.2694275740330665,1.263779752930277,1.2302022041381786,0.957759879944816,0.6991264787639028,0.6347740955430836,0.5566092070874478,0.5632306607776503,0.5778908582619752,0.5836008658473456,0.6502390299857482,0.6625617560243782,0.5970276528719529,0.7358967883849635,0.7398009893463896,0.6848555110194232,0.5509195507293946,0.4098730542567912,0.3444145586226607,0.3259480599434768,0.3238426932938771,0.3137386993474367,0.3013004312133486,0.2846069895266495,0.3239066409950733,0.3537442660788342,0.3796896509011963,0.3798611985890494,0.3585388309613209,0.3347820108746491,0.3320038119091738,0.3212377398390243,0.2788229690594641,0.2341662407531778,0.2128515346190904,0.1918358691113041,0.166434692677812,0.1422121732529472,0.120608878309745,0.1028808745681744,0.0953988062721407,0.0880798142180365,0.0752648011256073,0.0654619946387417,0.0588838042497298,0.0525792936409754,0.04648112495705,0.0418896512591015,0.0384765088404467,0.0312648092301599,0.0256539736536867,0.0212859869913559,0.017862714943481,0.0151551482678313,0.0129910209396445,0.0112424063055408,0.0098133356341925,0.0086331754847002,0.0076495382833071
IT-2012-0011|TV.MIR02..HN,IT-2012-0011,2012-05-29T07:00:02.000000Z,11.0657,44.8417,8.07,INGV-CNT_Seismic_Bulletin,6.0,95.0,60.0,90.0,14.34,4.08,3.71,5.1,9.5,0.0,3.719436375652233,0.2004711723436545,0.0,TV.MIR02..HN,TV,MIR02,,HN,11.073198,44.886948,9999.0,0.0,249.0,False,490.94537779509193,2.175011357670264,0.0031430775,HOLOCENE,150.0,2,44.888383865356445,0.2406007692299955,0.2404323016183598,0.2549336750984534,0.2595016716700631,0.2893530081563449,0.2864810515643066,0.2880632864703562,0.330896702530837,0.3750576660509863,0.4038525789093667,0.4389211525456022,0.4373739205969187,0.4683122912882492,0.4672469421732924,0.4571993490118948,0.4172811261753388,0.4076333335303684,0.4968922574669951,0.5450559632853939,0.5430812816132067,0.5305454319766909,0.5042988785137132,0.6475025038917341,0.6719133562053359,0.6962521978822361,0.6891561946120351,0.6389333887327815,0.6659908237282004,0.6121400862321609,0.6547290974402241,0.7058868791407903,0.6886918972092617,0.6577007632261489,0.6524364502197286,0.8085817349111225,0.7754487235627888,0.7683694104025908,0.6239405572323653,0.684341443149699,0.665917042816661,0.5893467879762205,0.5366708905552201,0.5279488624979057,0.5729080136065662,0.581030688478869,0.6004620189168748,0.6558550664789544,0.722815010194161,0.746420971352526,0.7519778078669928,0.7365826103642565,0.7256388747323896,0.6957985683288697,0.6490195815376,0.623808814066835,0.59835927735327,0.5521893898536012,0.5336470924825442,0.6216468764013209,0.677730087756259,0.6198058488642572,0.5818661042828872,0.4936075054102145,0.3630920263034141,0.2806997279688841,0.2576404635430558,0.2419814170850732,0.2174847242178811,0.1949617029164834,0.2015163721179479,0.2048362874724071,0.2128281115046679,0.2306173178912007,0.2411209158685906,0.2442020278166349,0.2532219774754545,0.2701162695448204,0.2688412101610083,0.2632395096705713,0.2470683582799177,0.2313061145154259,0.2189811436882168,0.2047334698448803,0.178557147361873,0.1540407303100235,0.1308814479557073,0.116024436546031,0.1091585019750244,0.1025298403398023,0.0907668579479114,0.079804270770112,0.0694544843677896,0.0602640821588863,0.0536306441423835,0.0489015961575922,0.045114438109661,0.0368235319652621,0.0301236616847126,0.0248083459555766,0.0205757888299965,0.0171773990953242,0.0144357998773598,0.0122226088700516,0.0104315243160926,0.0089731478174577,0.0077756045031246
IT-2012-0011|TV.MIR03..HN,IT-2012-0011,2012-05-29T07:00:02.000000Z,11.0657,44.8417,8.07,INGV-CNT_Seismic_Bulletin,6.0,95.0,60.0,90.0,14.34,4.08,3.71,11.2,13.8,5.716420154945639,6.815399837639368,-5.716420154945639,0.0,TV.MIR03..HN,TV,MIR03,,HN,11.1045,44.9384,9999.0,0.0,218.0,False,503.8363019059117,2.532324481112471,0.00053959235,HOLOCENE,150.0,2,24.42147731781006,0.3043232844300408,0.3042987347110795,0.3078871574827155,0.3095031029189438,0.3130513072534982,0.3111759397860335,0.3190550349061918,0.3447074937615872,0.3344340626107464,0.3469818247372911,0.3382619474050862,0.3677036356499229,0.3807933989551455,0.3907928009323873,0.399859860667454,0.4129738494096097,0.4347168403222409,0.4745769311352513,0.4601631029257846,0.5547985585451324,0.568686248885679,0.580241402726484,0.563509086979379,0.5855540873931363,0.5781387746532176,0.5487775036454654,0.5490739115439173,0.5489678499799618,0.5379266132554764,0.5369692223804619,0.4972137705217751,0.5155001192809783,0.5189352382954797,0.5578223612535107,0.6175718010206223,0.7284613425520472,0.614560918859669,0.5835762960575258,0.643822717428052,0.5455019449536453,0.4967957624029825,0.5022126594412907,0.4750857366264446,0.4913489899207279,0.5451296456451286,0.6149554956122226,0.6444272480967104,0.562269133360354,0.5821807384022707,0.5774027585269343,0.5180347042269995,0.4623273411376601,0.4647361217866042,0.506661967507092,0.5281595349672025,0.5504393544503886,0.6073135988750393,0.686614346301231,0.8825315997404223,0.9063418436193832,0.7843038847751239,0.7248220448442594,0.6145747511761128,0.5513189689810686,0.4968510321446519,0.442431036319183,0.4050692868048864,0.3399086878004253,0.2740818836801662,0.1985158123204534,0.1511729538040628,0.1313454301853495,0.1440227410425709,0.1486462427491861,0.1451536175885755,0.1293541189568199,0.1124338433550676,0.104397881091416,0.0978890395967334,0.0844362845107669,0.0737054963650966,0.0748070947741761,0.0763729430744841,0.076622079202964,0.0699658743550092,0.0640828793433375,0.0559588728825578,0.0515781792119348,0.0472977007011559,0.0399999874221169,0.0338558026724054,0.028824296749238,0.0250614893607089,0.0219546225158437,0.019918085552858,0.017838049977511,0.0139685999447345,0.0110818731397296,0.0093113882968448,0.0078445733885255,0.0066529776739621,0.0056745527253579,0.0048628441187029,0.0041914298912199,0.0036358853365794,0.0031752075517109
IT-2012-0011|TV.MIR04..HN,IT-2012-0011,2012-05-29T07:00:02.000000Z,11.0657,44.8417,8.07,INGV-CNT_Seismic_Bulletin,6.0,95.0,60.0,90.0,14.34,4.08,3.71,13.0,15.3,5.102864125951378,6.308034527013594,-5.019746636818324,0.9284770422599804,TV.MIR04..HN,TV,MIR04,,HN,11.178312,44.927433,9999.0,0.0,208.0,False,507.0607800176178,2.672077973163238,0.0018676653,HOLOCENE,150.0,2,32.009284019470215,0.3660572394294465,0.366008747049608,0.3690866630497121,0.3720084503277202,0.3777374979824461,0.3821011474282462,0.375788626022654,0.3817638806125896,0.3903690646408546,0.3977326879959846,0.4030255453782053,0.3895447095786006,0.3957675181625055,0.3989100716858377,0.3966766264393511,0.3906015058514854,0.3825008422827524,0.4022770447193705,0.443330540256653,0.4503739160474426,0.4558822087639713,0.5518190080639748,0.6021405446504928,0.6120658980453121,0.6498651571400605,0.7940772911111484,0.6940203497017717,0.6746749744525822,0.620213471118622,0.7024919486280807,0.7590911504293808,0.7615126876602303,0.7006999702338704,0.6343327849732644,0.6424939296868035,0.647849607948275,0.7315810195247233,0.7454909776397683,0.6773606626208383,0.7690554054067401,0.6359744785861154,0.5903917489953029,0.5678671007332747,0.5757895656961367,0.5915713463449757,0.6023099757646693,0.6626888495265999,0.7299272656041352,0.7670657174852902,0.7911517204705415,0.7898030886639251,0.8649948539902268,0.913653290276401,0.9478121215800024,0.9374890341801394,0.9254476412545368,0.9614241375448908,0.9449844277124628,0.8463676404644209,0.9886804464078,0.9958317869448065,0.9629067244004336,0.88662940451352,0.7740443807237674,0.6768835186782304,0.5829546616771188,0.5015487030997016,0.4322590542538071,0.355243321030547,0.2602300752449498,0.1998883095163753,0.1562729243585812,0.1354191161436639,0.1363150764248213,0.141352259338188,0.159268910626511,0.163242667049728,0.1488483580750611,0.1292696166630639,0.1035713856903107,0.0856181062775119,0.0773523067492889,0.0709405219179706,0.0631458848400515,0.0574293197892303,0.0510313387399881,0.0442769046080337,0.0416733894702469,0.0407027783410723,0.0369885894028509,0.0330701459597864,0.0300089101192186,0.0281189340476898,0.0260555530687606,0.0238127495229076,0.0215677378992634,0.0169749060924103,0.0137447469366778,0.0109133924109863,0.0087083461419565,0.0070786078832208,0.0059696305880429,0.0051916839031782,0.0045269198363086,0.0039726537081273,0.0035434323044513
IT-2012-0011|TV.MIR05..HN,IT-2012-0011,2012-05-29T07:00:02.000000Z,11.0657,44.8417,8.07,INGV-CNT_Seismic_Bulletin,6.0,95.0,60.0,90.0,14.34,4.08,3.71,15.8,17.7,10.43127434382979,11.06976983160304,-10.43127434382979,0.0,TV.MIR05..HN,TV,MIR05,,HN,11.10719,44.9808,9999.0,0.0,240.0,False,495.16713938581313,2.268568626735646,0.000934375,HOLOCENE,150.0,2,16.858041763305664,0.2272705501969446,0.2272644789781968,0.2284979898858343,0.2288529393697061,0.2291839877517184,0.2308635565090103,0.2326062182886449,0.2351637858706653,0.2385152732835441,0.2417803727437327,0.275441518409169,0.2883570098190115,0.2851567713520388,0.2874013980758402,0.3017088609967507,0.3487019198949987,0.3633015542034291,0.3538359538919622,0.4063245108454327,0.4789184434223899,0.4692843521829273,0.4852845564361724,0.4708585250150665,0.4043345566961448,0.4391938728068814,0.4202178095465891,0.4893038376609608,0.4879601798647336,0.5363924108920278,0.7236010617994812,0.7553088312923935,0.7363965424562278,0.6492713293257381,0.6728614218541205,0.6858086934688753,0.6277429324826154,0.6472154203187421,0.6833194335013444,0.6477048262794531,0.5633430182827438,0.456100634392561,0.4479071302768316,0.4728576030521553,0.4735348568936762,0.4181494185092491,0.3863274894048387,0.3282859566368657,0.3505085437830173,0.3640377866322734,0.3748735741567651,0.3895337590707003,0.4589732490853463,0.51183046675396,0.5298232412109671,0.5315887018050294,0.5324317359051692,0.5307288686979799,0.5235187872450067,0.5590485724317992,0.5177869984862703,0.4268470229736135,0.4104907269537146,0.3758205379432158,0.3097357442725652,0.2505547930897263,0.1985152525674921,0.1574220722294201,0.142319750599685,0.1333633678780912,0.1285324574978205,0.1263290102872728,0.1030679965248992,0.081689522695217,0.0739520849865395,0.0645120862679413,0.0759182206044143,0.0957677691128739,0.1050824401175486,0.1054764644387458,0.0900432177651974,0.0668172375377508,0.058676521521377,0.0502080320426761,0.041988625965577,0.0388578413887361,0.0408225395853133,0.043263825732833,0.0437027579870703,0.0434320110758545,0.0443714844702269,0.0447636969079607,0.0432491059731234,0.0404403510040405,0.0368754098887255,0.0338098363238526,0.0306509740623872,0.021808585479364,0.0156320819597896,0.0121656102086648,0.0093801601203821,0.0072093494946675,0.0056699443301643,0.0046229063261877,0.003899169397878,0.0033761484275449,0.0029711902289879
IT-2012-0011|TV.MIR06..HN,IT-2012-0011,2012-05-29T07:00:02.000000Z,11.0657,44.8417,8.07,INGV-CNT_Seismic_Bulletin,6.0,95.0,60.0,90.0,14.34,4.08,3.71,22.1,23.5,16.861362148299552,17.26075589564297,-16.861362148299552,0.0,TV.MIR06..HN,TV,MIR06,,HN,11.0874,45.0401,9999.0,0.0,302.0,False,457.2189641242202,1.744157257703408,0.00053959235,HOLOCENE,150.0,1,12.8591947555542,0.1099552542501054,0.1099523429957845,0.1105369656828835,0.1105401084358817,0.1110485260070009,0.111395393135571,0.1115815623274171,0.1127018534075858,0.1131046491365469,0.1132968597391255,0.1142230191414465,0.1138267426250388,0.1133550421256488,0.1128710230285868,0.1119876296888175,0.1125145753206676,0.1127509576408093,0.1202126410669554,0.1223395324817614,0.1252903404721727,0.1321675037336664,0.1407412463906546,0.1354072481704279,0.1460020942067159,0.1641214631578373,0.1763752916454881,0.1748356216984944,0.2030059895040186,0.2665032958296099,0.2576642663044676,0.2521121443220432,0.2478294444468603,0.2132268220905262,0.2590305051093313,0.2504408586277031,0.2484527241826233,0.2324577495146914,0.251368393990688,0.2592044349066791,0.2790799496174358,0.1997019033044949,0.2064058586808101,0.2246247138624895,0.2213053145448166,0.2386409218616545,0.2343766897654261,0.2288228085199063,0.2482713493554984,0.2629416382468841,0.2599666721050288,0.2250745648158721,0.2084740951423274,0.2295514892906854,0.249405514066318,0.2654762259110556,0.2877595306657388,0.325328519488283,0.3496033022170055,0.4024036553031077,0.4212472840801437,0.3934320278545386,0.3860463591734726,0.3633100827051767,0.3079405935288118,0.2526976660116705,0.1983760748409726,0.156572563810139,0.1282541571744513,0.1108844466905503,0.0903625739036097,0.0759349458186332,0.0569129283789081,0.0582377176540981,0.0726624659402512,0.0755672152336102,0.0736828027922647,0.0755010764015668,0.0713907545230423,0.0611995423205426,0.0533916398561749,0.0586852196579976,0.0562690680235786,0.0559585660436201,0.0502827400804945,0.0439803690178889,0.0423543620143457,0.0379982030346277,0.0365055912334807,0.0344777836476659,0.0319801123288723,0.0285543896352735,0.026429615447365,0.0268543408484654,0.0278729564938762,0.0283644123815162,0.0275715352002658,0.0216787326326824,0.0179311785653298,0.0129509996980657,0.0087722703467576,0.0070267579525166,0.0056195638923545,0.0043239743979185,0.0033014386730085,0.002569113244629,0.0021137139448533
IT-2012-0011|TV.MIR07.00.HN,IT-2012-0011,2012-05-29T07:00:02.000000Z,11.0657,44.8417,8.07,INGV-CNT_Seismic_Bulletin,6.0,95.0,60.0,90.0,14.34,4.08,3.71,27.1,28.2,21.68409862456059,21.9935254701573,-21.68409862456059,0.0,TV.MIR07.00.HN,TV,MIR07,00,HN,11.130045,45.08096,9999.0,0.0,278.0,False,474.4315301370962,1.9174601004589116,0.0013223363,HOLOCENE,150.0,1,8.562581062316895,0.0666130674182984,0.0666160062515944,0.0668349378897313,0.0669540860973534,0.0671978976715542,0.0674839884252737,0.0676803367081495,0.0678997016333902,0.0676429264736363,0.0677245770756203,0.068518080075517,0.0688746861721739,0.0690372174375676,0.0688491125687877,0.0685214095479792,0.0703461676040758,0.0732857010944206,0.0827991932524764,0.0912308237284753,0.0967907308389833,0.0953984334680003,0.0893938074971999,0.090054404563463,0.0934817092379918,0.0992420439903307,0.1184532754913143,0.1219280791868399,0.1524520499493678,0.1595019468347318,0.176303998595151,0.1677554326588103,0.1579056470675327,0.1239766197553511,0.1124379351508111,0.1108367110054953,0.1156217882570158,0.0976508506319463,0.0932951036207988,0.0936914627461339,0.0974754212033555,0.0906533643580703,0.0899204097590678,0.0892674193974168,0.0927497508333332,0.088906425382762,0.0917810370196351,0.1064430844651007,0.1156945035770387,0.1228846584662423,0.132341355243674,0.1540728287360911,0.1599188070372133,0.1742865432098736,0.1927288405582707,0.1982241073263672,0.213189649245947,0.2382852979549304,0.249235959063474,0.2687351067976218,0.2529248741150085,0.2443099889721265,0.2244971486972213,0.1759110655104712,0.1503363021208994,0.1342100183841954,0.152182645180059,0.128318894170328,0.1017194516184333,0.0848035209469177,0.0787344323433717,0.0676657733546901,0.0572880609270569,0.0650330041064366,0.0687021495518304,0.0603860639655759,0.0555717788143472,0.0509328589818654,0.0471519724417779,0.0488721102298928,0.0571735033352494,0.0455889256573885,0.0385244322674806,0.0361454394217293,0.037498881283314,0.0299752195201156,0.0225783762280098,0.0202688416317706,0.0195161974246593,0.0185887101548458,0.0211297885932336,0.0268393075026867,0.0284283688471168,0.026883061496515,0.0247029933820289,0.0226807801446417,0.0209875668469722,0.0180599148614451,0.0146962650040334,0.0127482935859977,0.0100133254960055,0.0068290270368777,0.0046017845914268,0.0036699700650299,0.0029511678842665,0.0023358467636628,0.0020129890650374
IT-2012-0011|TV.MIR08..HN,IT-2012-0011,2012-05-29T07:00:02.000000Z,11.0657,44.8417,8.07,INGV-CNT_Seismic_Bulletin,6.0,95.0,60.0,90.0,14.34,4.08,3.71,8.6,11.8,3.230507581679803,4.921715968248029,-3.230507581679803,0.0,TV.MIR08..HN,TV,MIR08,,HN,11.0895,44.9169,9999.0,0.0,197.0,False,510.1388537538624,2.843440988202938,0.0018674849,HOLOCENE,150.0,2,25.64225006103516,0.2262998390531313,0.226294183610323,0.2351632588396445,0.2402520715287026,0.2436555523198465,0.2532145311503083,0.2606550975179605,0.2814344507069823,0.3058507746836258,0.3115956705909685,0.3484092956918942,0.3447894780939318,0.3468732672130472,0.3460215901154688,0.3505969484456646,0.396777794939086,0.4082961155319949,0.4383708916737994,0.4579506007456073,0.4907286128344829,0.500475290064316,0.5211546449351404,0.5380953006304208,0.5388316061578733,0.563133007192352,0.5383617627397738,0.5803818175711144,0.6923387122167309,0.7141686429280468,0.6087387166363724,0.524230457393053,0.55570325751967,0.5882251838384045,0.6633131052938653,0.6185899835825989,0.6052819965177024,0.6546420942344301,0.6751062697677767,0.7199107664605835,0.6254447033533498,0.6124814393378643,0.612485995285287,0.6016624187794956,0.6870288304525434,0.6916588874491082,0.6795524112595744,0.6998336856757588,0.6685534616011548,0.6398047473905224,0.5879940102437595,0.6156893690653266,0.5537770006611569,0.5184971434797542,0.5050065976946065,0.4851959355261312,0.4561832247520664,0.3988700848265011,0.4012199866399292,0.5445525760381223,0.6722020398773906,0.5342633600485412,0.4835289072426059,0.388126592002919,0.3376986656385118,0.35441831620101,0.3644509043201012,0.31482269359517,0.2361741140256012,0.2390943419543481,0.2316039940353156,0.2369852737728601,0.2028965199554524,0.1723992772482814,0.1644795915331277,0.1794241188442459,0.1942180818065333,0.2000845906394652,0.1951030638157998,0.1867854662275078,0.1666591966722801,0.1403644464356177,0.132109548817064,0.1236949309848721,0.1031266035268938,0.0860161273375185,0.0728331858582303,0.0645112600745458,0.0603150305290651,0.0561866334464796,0.0483431806512463,0.0412765138228128,0.0350262663507056,0.030356776849496,0.0273872866501815,0.0250820918579082,0.0237550957584812,0.0179651400549054,0.0151437034469805,0.0128305146536472,0.0108980909186683,0.0092920971147969,0.0079613359319722,0.0068596222536536,0.0059444053718659,0.0051803074315055,0.0045396770135245
EMSC-20161030_0000029|3A.MZ04..HN,EMSC-20161030_0000029,2016-10-30T06:40:18.000000Z,13.12324,42.83794,6.169,Spallarossa_et_al_2021,6.6,161.3,40.0,-90.0,23.99,9.0,0.87,23.0,23.8,4.463212701713658,4.553605176768746,-1.1679756078662331,4.308981172086988,3A.MZ04..HN,3A,MZ04,,HN,13.29381,42.673895,978.0,0.0,355.0,True,407.8623560106538,1.4496139054033237,0.20255974,CENOZOIC,-120.12314183468628,3,75.5893783569336,0.7453710074624904,0.7453445214890726,0.7666838308476123,0.7569702512479637,0.7657300743655674,0.7810636626152277,0.7831437219849349,0.7784402703964313,0.7631360980770296,0.7548428448165393,0.7707654185795386,0.7767245776746807,0.7803850157287847,0.782576601038409,0.7818643510373363,0.7801223174688541,0.7824657790330487,0.8085726718226766,0.7983459955062943,0.8267998383963215,0.8384905247971676,0.8317822105108452,0.8030641753936063,0.8731631133687401,0.9059714034780956,0.9508202443193032,0.9544132300994456,1.0588679617169314,0.981594526359455,0.9961182802712716,1.0002363664748444,1.0455093376408915,1.1514484451919664,1.2598468772490077,1.3317562531882827,1.366064584768338,1.4241075177434352,1.3526308923066883,1.465273858819567,1.5231981889779278,1.6856947621973426,1.6533100440481043,1.608006646751864,1.804115097651381,1.99258318366517,2.190743234441697,2.008757199627892,1.691807840880503,1.5327235735718123,1.6690951817059458,1.7861205617721645,1.8374311873846427,1.6590286567286658,1.672806253847559,1.634724550562613,1.5759496380931757,1.7365384360786644,2.041559906765657,2.253626406740444,2.3806783151411306,2.2445769400255404,2.1289450177056795,1.852182678424466,1.3981402628425597,1.14939865878652,1.0158217703199566,1.081846579061142,1.1138632685127974,1.079217116379238,0.850661122589411,0.6001622310146071,0.4456406316333738,0.3315201244752526,0.2731595629924168,0.202614736440162,0.1760874560800875,0.1820411104570048,0.1748360639575935,0.1527880646946776,0.1439433566126311,0.13887951054378,0.1338029736223546,0.1277686302789406,0.1190065982472361,0.1148490953117804,0.1122008857817203,0.1036876031530592,0.0985694714175092,0.0934241305231181,0.0876723279310132,0.0833359873877139,0.078505688453373,0.070912262993173,0.0625194653205433,0.0584457790589901,0.0535503804373941,0.0435944781047462,0.0365169889593705,0.0314308482764342,0.0267441093305202,0.0226591375898637,0.0192285292304048,0.016387181413215,0.0140433957885272,0.0121204169871859,0.0105413936109945
EMSC-20161030_0000029|3A.MZ08..HN,EMSC-20161030_0000029,2016-10-30T06:40:18.000000Z,13.12324,42.83794,6.169,Spallarossa_et_al_2021,6.6,161.3,40.0,-90.0,23.99,9.0,0.87,26.4,27.2,8.475298419144654,8.569921720184526,0.8618319800852015,8.475298419144654,3A.MZ08..HN,3A,MZ08,,HN,13.286562,42.63254,897.0,0.0,670.0,True,78.20652857406178,0.7009451061237714,0.031279955,CENOZOIC,-121.96481906560996,3,35.36099815368652,0.5213521174835364,0.521269031191389,0.53574788798226,0.5923211877023306,0.541540433623535,0.5836349646640696,0.5860062250575359,0.5683539839810433,0.5437224560890035,0.5632578410716503,0.6090824664805162,0.6211937787719024,0.6324735193215079,0.6354780328131122,0.6480247449450337,0.6546998607245468,0.6550867408084344,0.6492608334815873,0.6636745529227628,0.6779648333065985,0.6845562167012731,0.6670401139994784,0.6546634455182255,0.6751584950932311,0.7366060526428264,0.7718613923124364,0.753879709671723,0.7675470582583017,1.0034402447675097,1.1373736740420155,1.0717675244949325,1.033848585320804,0.8653369397165087,1.11499393732016,1.308340131676982,1.304832462702864,1.264919400600411,1.2118072136500069,1.146632618853126,1.05423158978275,1.1421719977013494,1.1525804018376242,1.2113953630971497,1.2329961572128438,1.1941715696951565,1.1633059080832926,1.0939957961573403,1.2287989604737573,1.2206814018698051,1.2735833376358634,1.1730403295588534,1.0829151351062447,1.0140851827654973,0.8745419363870395,0.8433068752431175,0.7320585690733548,0.6466280636086709,0.570206977696287,0.6008172916871398,0.6035106426826994,0.663913146553267,0.6938709701975144,0.6604372479572589,0.5197995303920075,0.4250320638463077,0.3593160797274343,0.2873111302251394,0.2180839610567728,0.186408680503018,0.178119601898739,0.1700682678985005,0.1631713876527164,0.1413771997214476,0.1278434636221413,0.1056652227905641,0.08846787103588,0.0800479182734784,0.0645664499009348,0.066984618022566,0.0687883031951029,0.0673201090864437,0.0625064573925036,0.0568871444433461,0.0464667012725615,0.0424650256400325,0.0436200229715237,0.0452394343769221,0.0455977552935502,0.0457370669175354,0.0447718894603813,0.0439427514293234,0.0414811768612393,0.0371586054721906,0.0357307905598966,0.0335462876104677,0.0298415010876007,0.0237325492227607,0.0196580155452592,0.0153121312958476,0.0112802146922674,0.0084053727471686,0.0069592403261408,0.0059054829077696,0.0050423062602296,0.0043500116298556,0.0037508392722992
EMSC-20161030_0000029|3A.MZ10..HN,EMSC-20161030_0000029,2016-10-30T06:40:18.000000Z,13.12324,42.83794,6.169,Spallarossa_et_al_2021,6.6,161.3,40.0,-90.0,23.99,9.0,0.87,27.7,28.4,9.605401985962422,9.651677088848825,0.0950720553444,9.605401985962422,3A.MZ10..HN,3A,MZ10,,HN,13.29985,42.625117,979.0,0.0,590.0,True,134.28725559043835,0.8106975879887989,0.037655193,PLEISTOCENE,-121.1483889725473,3,31.868816375732425,0.3707230292580083,0.3707215179915711,0.3816401267241014,0.3844319096247243,0.3904642184627697,0.3917632349074237,0.3961522062725632,0.390131056526752,0.3896542764942793,0.3929360301708542,0.3998471880903773,0.4154148427648395,0.4235475862412621,0.4271958059994714,0.4256889328799687,0.4291308698162218,0.4583180179891991,0.4807530361452609,0.5201719028090653,0.5649468668361017,0.5889252227545407,0.6500270905826017,0.7822634992838526,0.8348535318898831,0.8569693345883858,0.9773509864749336,0.8838549089463126,0.7929383578572641,1.0139274060821883,0.8262145931884225,0.7328467876379954,0.7059125185672648,0.6992037234053138,0.7552382284776058,0.8595271753232258,0.8199896891760631,0.826716945945283,0.9100871476576624,0.9258969087379698,0.878589986208303,0.9938406233950736,1.1174581642143786,1.2788055959240952,1.4219368775707424,1.318376799031083,1.1609523371381143,0.862350414387854,0.7994722541863756,0.8805095653022927,0.9789872419704336,1.0884867251587194,1.042539201563597,0.9152391024603966,0.7556044804319093,0.6873391613887583,0.6428547120497425,0.5959765866770916,0.5398665972842804,0.521525579812609,0.5740943353664602,0.6704648621956116,0.6981835289635417,0.7017978503308688,0.6292225414870759,0.5068260341717404,0.4110584220524723,0.3354014761590112,0.3008903764723281,0.2569879238558941,0.2091512090102628,0.2043068100424702,0.2083270668231176,0.1911173247987006,0.1511689916720416,0.1171933963205276,0.1038898371520563,0.0870267585489768,0.0702806835825392,0.0676640102017888,0.0648377099306376,0.0714094809230806,0.0690204128897364,0.065539986795239,0.0577942079128987,0.0512049497336422,0.0477043693270957,0.0459534069718589,0.0448900489008946,0.0441461402082808,0.0399541723886003,0.0386642980782597,0.0363002608754002,0.033745334689932,0.0320651576786043,0.0294413700527981,0.0267805671213714,0.0216244768926112,0.0176341367976208,0.0138972190800084,0.0109682017123866,0.0085277010295003,0.006851179573731,0.0058996939395348,0.0050720893360585,0.0043647339807642,0.0037692397876922
EMSC-20161030_0000029|3A.MZ102..HN,EMSC-20161030_0000029,2016-10-30T06:40:18.000000Z,13.12324,42.83794,6.169,Spallarossa_et_al_2021,6.6,161.3,40.0,-90.0,23.99,9.0,0.87,17.4,18.4,0.0,2.311687733169233,2.557351930600138,0.0,3A.MZ102..HN,3A,MZ102,,HN,13.232048,42.70367,1055.0,0.0,998.0,False,8.049162483610452,0.4443326665544477,0.25402722,CRETACEOUS,-124.05680392487132,3,45.56142616271973,0.4080487721800226,0.4080413240613962,0.4110209487983417,0.4123664593221108,0.4134178276246968,0.4154726883574201,0.416776223337462,0.4184835611775909,0.4297536450678215,0.4336118249632756,0.4476113813250242,0.4468024010945416,0.4367466823747064,0.4416155838043558,0.4444659039625936,0.4450560440763179,0.4351365003416497,0.4646824157638831,0.5038520942696876,0.504002731823499,0.5212381718723618,0.5398703839761562,0.5789864707832848,0.5716858212150228,0.6011163252878085,0.6301007857704913,0.6222367320891943,0.7154849492596913,0.8551132510751851,0.9996043229743348,1.019424424312381,1.035074551370481,1.120583837481891,1.1178602700855025,1.2667553811455443,1.3784411130981653,1.400947724048489,1.3261036574059155,1.4090750544481776,1.3555520390432882,1.1396305965222937,1.1155409033935402,0.9666749410614064,1.0597178696537692,1.1278569804669365,1.1954721151616892,1.1071340339728182,0.8921360385946695,0.8600859262538141,0.8388223292634425,0.8130414950004764,0.8738209609301989,0.8217887458118833,0.868979737777941,0.9246603771870489,0.9704012231062454,0.9682200079453928,0.8934206996776904,0.8068959902610808,0.7843346082508256,0.683731954315442,0.7150115801403958,0.7205460540878401,0.6430160911885549,0.6093838862464517,0.6013467967253967,0.5723560743108077,0.4798545998575158,0.4054054099519363,0.3418322791646372,0.3006105345683536,0.235783144291566,0.2114098033646315,0.2108487705304822,0.1910553102619876,0.1986607169289466,0.207688847998595,0.2123561635529096,0.2058248431070787,0.1837683416359485,0.1646251147781665,0.1527981898386108,0.1401779189422683,0.1165500899789638,0.0979705147569381,0.0971658465960194,0.0951466905804415,0.0951763938648847,0.093497381372163,0.0875067951914901,0.0814226407367709,0.0749128598305736,0.0693249239357793,0.0632545002577349,0.0572898052087796,0.0512466357121592,0.0372323501918389,0.0300878960507506,0.0252173517202112,0.0215441858933649,0.0173994401361272,0.0144440926434852,0.0123893711025767,0.0106824371274646,0.0092841537052534,0.0081140266063725
EMSC-20161030_0000029|3A.MZ11..HN,EMSC-20161030_0000029,2016-10-30T06:40:18.000000Z,13.12324,42.83794,6.169,Spallarossa_et_al_2021,6.6,161.3,40.0,-90.0,23.99,9.0,0.87,24.6,25.4,6.113130286979354,6.180976172380518,-1.8503950289071116,5.828417152591415,3A.MZ11..HN,3A,MZ11,,HN,13.307648,42.66291,1231.0,0.0,1233.0,False,1.964556875365564,0.3488605190245746,0.25945416,CENOZOIC,-119.37364065279664,3,32.319936752319336,0.1895638140621773,0.1896052728257662,0.1909698980832888,0.1912252441296028,0.1922375357465782,0.1933147335534671,0.1936233569813199,0.1951778626198905,0.1957260799542073,0.1946070518076488,0.195128830459446,0.1971592396228758,0.2028973033746078,0.2043920851616694,0.2041071040239519,0.2058040132004354,0.2033229635286836,0.2044112325567161,0.2050206078368062,0.2113445162286378,0.2040026125319049,0.2113461708743344,0.2151576300411071,0.2162797239294709,0.230154591671725,0.2286373052499704,0.2197403168752621,0.2269862157858942,0.2573857002991929,0.2877946992160051,0.2510026035991854,0.2583804228955423,0.2962323202833889,0.2736538346119853,0.2654773331861536,0.3087888741074505,0.3286079836385637,0.3264177047165032,0.3588823059034238,0.377854854006853,0.3323599506285264,0.3252626997342826,0.349620318987334,0.3554455913881582,0.3499232019753691,0.3330256069048131,0.3272958123155184,0.3000779797053977,0.2667886658937647,0.2599918829211928,0.2760040414282023,0.28764984914377,0.3283841137587472,0.356112203952015,0.3686555707344297,0.3753706256665276,0.3707267282524017,0.3348044155528915,0.3432624496907506,0.292773373514866,0.2510615878950124,0.2311606507683706,0.2575147308735628,0.312353971248195,0.3832958744272516,0.4138591408222641,0.4418330606763851,0.4626989394473003,0.4864794227530649,0.5168573728181558,0.5076378074582493,0.4386259352380657,0.3306967949701686,0.2791921981233593,0.2010890952566859,0.1629380374596395,0.1449114506292884,0.1409050382955758,0.1403644475354451,0.1191802978133605,0.0932467066613602,0.0881750235355875,0.0842605999959136,0.0755520539846168,0.0688411083750823,0.0640683972260684,0.0608390084621668,0.0595642429720609,0.058330473672844,0.0555706229950468,0.0522757333232877,0.0484567205586562,0.0441784518686218,0.0396111496034913,0.0350299829177562,0.0314078471527917,0.0231692707009389,0.0176683785278627,0.0160139950638597,0.0142522509059116,0.0124839567579343,0.0108474419164637,0.0093811457432734,0.0080981285990486,0.0070002306507889,0.0060754096860529
EMSC-20161030_0000029|3A.MZ12..HN,EMSC-20161030_0000029,2016-10-30T06:40:18.000000Z,13.12324,42.83794,6.169,Spallarossa_et_al_2021,6.6,161.3,40.0,-90.0,23.99,9.0,0.87,27.1,27.8,9.088631517754056,9.15808461546334,0.6170452672723601,9.088631517754056,3A.MZ12..HN,3A,MZ12,,HN,13.29179,42.628018,958.0,0.0,500.0,True,228.8850953860151,0.9796972686360198,0.037655193,PLEISTOCENE,-121.69289152960766,3,86.13578600621672,0.7124292895189313,0.7138551620614677,0.8504476835663672,0.9085870161680508,0.9658884299429924,1.0134908748437166,1.1074277216585762,1.21182481512709,1.078270367953753,1.079172591775802,1.258945932704496,1.3881114508957593,1.4827291266205116,1.451235541430905,1.3839901712717306,1.2842756632800003,1.135138028822851,1.116682138385077,1.2762298502241864,1.4975649416244858,1.612320210728117,1.706188643628057,1.7613889892304866,1.722936488485419,1.6646736878349624,1.4902995287403151,1.4257588413823328,1.3961365749892314,1.5126328885195113,1.5513583627853549,1.5406417658106455,1.5919289923153257,1.7578632430501246,1.8207235524966343,2.0454514565857,2.069456457588604,2.005331236587004,1.8229652621963648,1.735631453685853,1.5943730714163706,1.6583920136272343,1.725185798881458,1.7135278069966249,1.822466991941584,1.932372454984894,1.890963485962291,1.6751588191384277,1.4480082183048488,1.5072849305183091,1.699935803619076,1.9563193106920185,1.860693002039288,1.5868990786148722,1.497784742586758,1.6055499433321323,1.699027848447823,1.6848272908400643,1.5961499939947557,1.408875398058046,1.495986979216481,1.6856350152348103,1.8072356224711228,2.063110251652471,2.262345346002162,2.177331915494936,1.8615917723572628,1.5746878074484545,1.30333923244832,1.0218592319519948,0.7377657721270424,0.6460711785878943,0.585272842724332,0.5211224823116056,0.4544051445151775,0.401496098179138,0.368599675359122,0.3335058616660855,0.2985095429900931,0.2658431941026465,0.2399615656688282,0.2149218772850679,0.2018225778158045,0.1888553089741813,0.1701290069413686,0.1506541685758007,0.1317211430472995,0.116050579908359,0.1089775016183479,0.1032333465829034,0.0936245564452807,0.0848935371029296,0.0770503034294717,0.0700746517195801,0.0635799710751046,0.057355945454396,0.0515024266349461,0.0406360922149038,0.0335640235422749,0.0274838086000697,0.0236379452435974,0.0205834551405052,0.0179934488293107,0.0158293434526641,0.0140257542412769,0.0124844742094222,0.011161004858093
EMSC-20161030_0000029|3A.MZ14..HN,EMSC-20161030_0000029,2016-10-30T06:40:18.000000Z,13.12324,42.83794,6.169,Spallarossa_et_al_2021,6.6,161.3,40.0,-90.0,23.99,9.0,0.87,30.4,31.0,11.905080538161412,11.942565251875354,-4.36966750538731,11.079030646736202,3A.MZ14..HN,3A,MZ14,,HN,13.357295,42.6254,1391.0,0.0,812.0,False,28.537424348805533,0.5625763677977815,0.21237,CRETACEOUS,-116.62258168897898,3,8.22460651397705,0.2407083018646985,0.2409000721943464,0.2463626174534751,0.2527022694883803,0.245935228295886,0.2525389729688415,0.2569420675453731,0.2740799580431782,0.2849202458004346,0.29188233889605,0.3462428072627708,0.3651740707062884,0.3904095174995585,0.4022605938693044,0.4204093891115243,0.4652447426785048,0.5342999279698459,0.6158859690894337,0.557436448484349,0.5561540513986601,0.559741144172356,0.5594122862166385,0.6436747052949048,0.6376318169685935,0.6045963849989644,0.6235752271187059,0.7303594976582726,0.7650080726770616,0.7728659972455526,0.7302542007788636,0.7049315428116498,0.7570155929871375,0.7687730937255723,0.6160511979870676,0.5493219395060627,0.5061477316860234,0.5581046359098174,0.550751023572884,0.5956965781028813,0.692754628031456,0.5077428648803269,0.4695625065563198,0.508820230601422,0.4608573701371682,0.4480594848841774,0.4348060461208933,0.3822605792000592,0.360900060879417,0.3359800307861392,0.2970741007714561,0.2242780387799546,0.1916555746027289,0.2045135542076719,0.2063728758803509,0.1952843731842693,0.1805764616719055,0.1539292085963911,0.141720066080618,0.1072096292274541,0.1029066606174894,0.1119301019556319,0.1064981274488944,0.0920460062172461,0.0831450346076842,0.0798237373061404,0.0789660762137594,0.0766725273184659,0.0697146865444639,0.0785758386823656,0.0790546438699155,0.0711567680979069,0.0647719164758557,0.0590198548806554,0.0536665220110523,0.0467580979864805,0.0385362988306669,0.0357545524521597,0.0338063577517292,0.032637676679673,0.0271706743233033,0.0300629928690645,0.0296900816809171,0.0285711037727231,0.0283237719521207,0.0268619858391622,0.0233385487410969,0.0207683657777206,0.019334420282073,0.017840525995192,0.0154798271437294,0.0137830052203345,0.0128864517649443,0.0125654749107075,0.0120904009333452,0.0114708458762703,0.0114328241438267,0.0106051129212389,0.0090098168567446,0.0070218375933086,0.005787948270355,0.0051402433821734,0.0045817079986137,0.0040306499488418,0.003492242922879,0.0029986898605509,0.002562096171837
EMSC-20161030_0000029|3A.MZ19..HN,EMSC-20161030_0000029,2016-10-30T06:40:18.000000Z,13.12324,42.83794,6.169,Spallarossa_et_al_2021,6.6,161.3,40.0,-90.0,23.99,9.0,0.87,22.9,23.7,5.484780403199963,7.42326706108383,6.73094673748113,5.484780403199963,3A.MZ19..HN,3A,MZ19,,HN,13.206917,42.64109,1107.0,0.0,733.0,False,50.08134620506156,0.6324622885787743,0.09546091,CRETACEOUS,-127.96129836261986,3,27.71137523651123,0.3641635696603995,0.3636051792670191,0.3871676291210839,0.3946614137575639,0.4105936549148122,0.4478551104267477,0.4599849518293334,0.4646285634259093,0.4948798921599412,0.4758892700402432,0.6042954885894015,0.6263615232385112,0.673667256256944,0.6735963861172101,0.6730462467000207,0.6480650142976242,0.5889306128263049,0.6780155434476077,0.6510365335633818,0.5975209920081925,0.6145150478831776,0.5869084508972221,0.7432733878360828,0.7309543277462446,0.8430436560465471,0.944380847742848,0.8403575611816656,0.7443622019493711,0.7104452095697209,0.6091157385676272,0.599523771084915,0.5652294263205809,0.6606413706547353,0.7418341773799491,0.6672688054835811,0.6294109251744505,0.6758815247546048,0.6890115689471007,0.6587168315669195,0.8072642840277671,0.786477774685304,0.8764842396967613,0.9498064722315444,1.0238113041500083,1.035103446034358,0.9621861904274808,0.8440265451365269,0.7759223433305504,0.7909809922676251,0.7481213061108132,0.723373973165644,0.7094778296917941,0.6541248053707377,0.6017802423575642,0.5922486655403726,0.647572524007862,0.7725404783894365,0.7825699432076354,0.6308360707582144,0.6959588339589209,0.6859395080663683,0.6502324191402382,0.5613171807330625,0.4890307123602393,0.4354645222388316,0.3928272098133649,0.3184098751479182,0.2914060438489458,0.2444901223051358,0.2225612660663375,0.2580586031520673,0.2629431419275015,0.2617597902337731,0.2359912054341947,0.1947150738453865,0.1648976534993157,0.1442410323204868,0.1247959723436597,0.1088776426267109,0.0881746925399839,0.0879152142554732,0.0827601974488394,0.0752261356673918,0.0713452629278421,0.0623126206983336,0.052325757257321,0.0450216584193134,0.0424983910460485,0.0411316599441683,0.0385191780972126,0.0344448408743196,0.0311552919111963,0.0280348083913186,0.0276925687281748,0.0267839787814916,0.0254803615803612,0.0212860197972356,0.0166292256983678,0.0129551255199551,0.0114419365162889,0.010137645107151,0.008776148715791,0.0075971213372503,0.0065416133379657,0.005634603319236,0.0048328188811722
EMSC-20161030_0000029|3A.MZ24..HN,EMSC-20161030_0000029,2016-10-30T06:40:18.000000Z,13.12324,42.83794,6.169,Spallarossa_et_al_2021,6.6,161.3,40.0,-90.0,23.99,9.0,0.87,24.4,25.2,6.136216312977443,6.204158243197511,-0.0957364864206875,6.135572774252676,3A.MZ24..HN,3A,MZ24,,HN,13.288519,42.655239,912.0,0.0,348.0,True,415.22065606131633,1.483019724004777,0.04633529,CENOZOIC,-121.11272949102197,3,70.10754776000977,0.780877128916507,0.780914641158611,0.7854344905523434,0.7869481188539607,0.7887813321255404,0.7994951779857029,0.8043368767211547,0.813420119999158,0.7997713795258983,0.7915265741253303,0.8254676836672225,0.8293363529581437,0.8669939633782381,0.8677872488668349,0.8582131608290097,0.8503032700585851,0.8869966824977614,0.9536907219012554,0.9627353851717936,0.9345010155357218,0.9390365385334052,0.9794236949591426,1.0534694563114804,1.1266219201773588,1.1518218927266406,1.0631074796734938,1.0860861327169389,1.1564033477460272,1.385762462761995,1.8181057906611384,1.4461551212942103,1.4290437945954462,1.6073621366922424,1.7515856839488089,1.9916582866133947,1.8799287933341748,1.9678031903166844,2.097651896972101,2.0306244772906474,1.5104886222426357,1.6366034466229245,1.6739892999771817,1.7794475373036518,1.6930990016994285,1.7046407225597104,1.703881521870183,1.5939958380767665,1.5928871960562716,1.5823085992197718,1.6098362726777524,1.8206929032408257,1.9475748618568955,2.116669338874824,2.249269720972769,2.26467458007083,2.298487666538822,2.3144319474106627,2.0719969421837536,1.6692252614531526,1.5755952963652458,1.809600932647309,1.905288301938772,1.9897743975966584,1.7095624210421974,1.3253401833332907,1.0665212715087673,0.9551760080965708,0.8947048503716337,0.848662407039572,0.7175530419486185,0.6373247332604196,0.5269263735007014,0.4194736783572577,0.3320482365679426,0.2824948317334382,0.2419146051670865,0.2045465262475108,0.1740730954646344,0.1503944584464956,0.117221617335494,0.0963224943720513,0.0882737192380949,0.0813378123136284,0.0779679656188098,0.0754190695385045,0.0745231438430514,0.0709128776075902,0.0677101742088127,0.0653464724978115,0.0599700733359122,0.0566786467492458,0.0526587149584981,0.0484594254412064,0.0434911691591671,0.037978477920536,0.0345422719195616,0.0292054100057884,0.0236372482852894,0.0191458640800157,0.0155042535088151,0.0126006758537592,0.0103132074431607,0.0085201478272589,0.0071740863876085,0.0063527513149414,0.0057154582060266
EMSC-20161030_0000029|3A.MZ27..HN,EMSC-20161030_0000029,2016-10-30T06:40:18.000000Z,13.12324,42.83794,6.169,Spallarossa_et_al_2021,6.6,161.3,40.0,-90.0,23.99,9.0,0.87,28.8,29.4,10.858007518705632,10.929057155968083,0.7996971475424419,10.858007518705632,3A.MZ27..HN,3A,MZ27,,HN,13.296578,42.612412,1007.0,0.0,422.0,True,328.0430426999672,1.1894772450611557,0.09311962,CENOZOIC,-121.79633824256854,3,21.12364959716797,0.2038880525716685,0.2038996633792132,0.2047075975885288,0.2049753324928604,0.2057748370799005,0.2060037625157985,0.206099291197931,0.2070862581962307,0.2088932301247789,0.2099579774463171,0.2127852778189142,0.215562723725378,0.2184178202280008,0.2183152651328796,0.2227885195424907,0.2298476984025632,0.2347685752148482,0.2457974582547547,0.245539437542219,0.2635110579497291,0.2771489960218195,0.2912389882720759,0.3209888002713719,0.3343262957453476,0.3692867595944159,0.3965471863514749,0.431110905462979,0.4627512825530475,0.4637261167167841,0.4382640121584685,0.465180545704028,0.5062232023131501,0.5573528382982798,0.490075121423924,0.4939928947119804,0.448537641810234,0.4170824699605901,0.4086517802827249,0.4023570887698606,0.4601758582644063,0.547474292204556,0.5352427075707356,0.5068861612145408,0.4712633353455514,0.4754851296536633,0.4709001164772361,0.4836056299006148,0.4970163148798283,0.5242768433336322,0.5358873437019406,0.5226466373076246,0.5548751212882551,0.5464625201034701,0.5563165502190012,0.5306204460590823,0.5170156937468652,0.5170181631038931,0.5145125291852604,0.4341210772360366,0.5486760056528557,0.676096067108466,0.6886304404022559,0.6619403145738175,0.61221478777779,0.5181937687213564,0.4208808969088747,0.3574515485724579,0.3235097830951444,0.2865285414987029,0.2210259107641292,0.1766582434435156,0.1752510744596187,0.163463930874584,0.1396675993874346,0.1179455150131484,0.1061387882455893,0.0943597340568547,0.0812144922176562,0.0688412655906067,0.0646522137609721,0.0718295511852976,0.0677195290144477,0.0604981909112712,0.050973905465516,0.0440811576134812,0.0405410621044442,0.0386492193765359,0.0377286402041579,0.0372491981236446,0.0368516980255782,0.0357488886964869,0.0343169009917118,0.0322829338723837,0.029184643240176,0.0273752615571464,0.0245126895011017,0.0196145262335916,0.01656972453208,0.0133717512921215,0.0103735113970941,0.0082748901215641,0.0064371544322557,0.005499427970378,0.0048056109109382,0.0041807607365924,0.0036427820972494
EMSC-20161030_0000029|3A.MZ28..HN,EMSC-20161030_0000029,2016-10-30T06:40:18.000000Z,13.12324,42.83794,6.169,Spallarossa_et_al_2021,6.6,161.3,40.0,-90.0,23.99,9.0,0.87,28.4,29.1,10.2171945320048,10.260501068451156,-0.3949716372439997,10.209993233694778,3A.MZ28..HN,3A,MZ28,,HN,13.307882,42.621375,992.0,0.0,584.0,False,139.56632105044295,0.8202330889040838,0.07072193,PLEISTOCENE,-120.6318777050202,3,38.99991248963556,0.719814391401837,0.7191786984165768,0.7687990148950945,0.7879515526120093,0.8190706826046421,0.8696416727085526,0.8935004563943897,0.930753992817929,0.9853860632796804,1.0034001347378532,1.0143286155049496,1.011340077622331,1.026217148278514,1.0344666289568754,1.0424188347091063,1.0543953963795347,1.0570993441090428,1.0588724869680364,1.0705261580040102,1.0648498136828164,1.0569969785789388,1.059804446944988,1.06723060905304,1.0435501683939137,1.0654366326303724,1.0864255608861633,1.043863514700927,1.0335113265425244,0.9963833301112432,0.9964613096012632,1.102860991915675,1.0907761519070702,1.015665558854853,0.9508214333927426,0.9427164986891068,0.9831524701708784,0.9794516951225748,0.9100510414079463,0.9166015622039284,0.9530641020327458,1.1462667997282012,1.1542743717642563,1.1571575138043264,1.4139771747670271,1.4580462213481729,1.4055599083482362,1.1766640799554828,1.1445031020520695,1.202073316339923,1.2575461689633658,1.266474078090364,1.5144257747830898,1.6497663939198983,1.5015281087409946,1.4246415117146456,1.3419645501382955,1.179283158487401,0.991464814585144,0.7932957103270514,0.8115719671090806,1.0025990908544902,1.0405137054854916,1.1238094235821348,1.0866501070639405,0.906348472726596,0.7178111937086248,0.5990398911671182,0.4918096497417252,0.3966778560367566,0.2874923290914183,0.2103135261308371,0.1768543723246542,0.1495394575724747,0.1343875815557921,0.115394845884406,0.1021984942433821,0.0862981206915143,0.0775615802441807,0.0663016170864594,0.0683610573858169,0.0693354503074908,0.0692950760456179,0.0658630612745327,0.0560609607326392,0.0462243943775777,0.041296022776768,0.0381703119708666,0.0368153807973096,0.0351747740685782,0.0319168659224377,0.0317920045907405,0.0307305517170703,0.029106405393979,0.0275168286786133,0.0256797350094936,0.0233080998031382,0.0187787989159962,0.0154297180200497,0.0121174041795487,0.0091894439194371,0.0070948431626574,0.0057774783914895,0.0049644890106683,0.0042428039644886,0.0036210456847175,0.0030993578765753
EMSC-20161030_0000029|3A.MZ29..HN,EMSC-20161030_0000029,2016-10-30T06:40:18.000000Z,13.12324,42.83794,6.169,Spallarossa_et_al_2021,6.6,161.3,40.0,-90.0,23.99,9.0,0.87,26.9,27.6,8.856323184068788,8.918698477427354,0.4774440788336695,8.856323184068788,3A.MZ29..HN,3A,MZ29,,HN,13.2925,42.6304,881.0,0.0,888.0,False,16.783680148402514,0.5078426243517693,0.037655193,PLEISTOCENE,-121.56380965727908,3,35.78722953796387,0.5928263726216713,0.5929095231086301,0.5995365981295543,0.6181320245298991,0.6715219661386852,0.6974757483276268,0.7051747360233448,0.6961874050582293,0.7059586450355407,0.7050461138021197,0.6493736947486689,0.6498093660304469,0.6097969484120899,0.6053215795504037,0.6170162009094544,0.6825817798355008,0.718349006502138,0.7451556763997916,0.819597485763502,0.815753107943596,0.8167242302185692,0.9187121358716132,0.9232044727627108,0.967964123098473,1.189082508031921,1.286036665467189,1.325643020175326,1.3232408773156954,1.2431707324085868,1.228745586503267,1.440417934687089,1.47185068864597,1.5272713316905364,1.4360692127323458,1.5184224174305352,1.3496367942956542,1.4154638950762883,1.5331265330838677,1.500521616846038,1.4109015639096634,1.367922916187076,1.3308211822941214,1.3180460137013446,1.3859648083248852,1.279852938205965,1.1418178038001885,0.8984750493935585,0.8800507522659404,0.9526763154752202,1.012779444777539,1.0199498296898408,0.9433244513049398,0.8328763095906841,0.6468012621126353,0.6047319492114429,0.5487304203857548,0.5521444334960244,0.5110275196422428,0.4541609720843215,0.5167908912341947,0.584916801819072,0.5936454981642992,0.5761029740483656,0.4871580404403118,0.3748433013256877,0.3026407107140766,0.2676627292923479,0.2350311328525963,0.2098105625831448,0.1817798277344654,0.1938482048042945,0.1916714447229936,0.1747525197455766,0.1369035383451976,0.1200325856441462,0.1039332242085433,0.0881405783348876,0.0789176619830411,0.0701292158664994,0.0674419167666708,0.0691979369224844,0.0650636133440922,0.0596938546987761,0.050856931644565,0.0464799919752987,0.046571080759716,0.0465499105596907,0.0465212114618112,0.0459936363637385,0.04363712393095,0.0425007770949411,0.0403800146220964,0.0369120613856726,0.0342429690459776,0.0317347857169367,0.0293292043976349,0.0230308692233926,0.018980148984874,0.0151028662119375,0.0114464389118484,0.0085416545463677,0.0070712849830932,0.0059783232851708,0.0050891965352528,0.004352683293794,0.0037335159364681
EMSC-20161030_0000029|3A.MZ30..HN,EMSC-20161030_0000029,2016-10-30T06:40:18.000000Z,13.12324,42.83794,6.169,Spallarossa_et_al_2021,6.6,161.3,40.0,-90.0,23.99,9.0,0.87,27.2,27.9,9.223986999249236,9.30376253152008,0.76716089514166,9.223986999249236,3A.MZ30..HN,3A,MZ30,,HN,13.29058,42.626432,951.0,0.0,452.0,True,289.3948106282166,1.0996012194163631,0.031279955,CENOZOIC,-121.8368070583016,3,42.54949188232422,0.4681536178774416,0.4683226102414777,0.4748046613184213,0.4748820950134017,0.4787580765626905,0.4775961643334354,0.4817618128007719,0.4803944684466456,0.4813970120506484,0.489233306249683,0.4894125637667785,0.511136728487421,0.5339607859669844,0.5417527580540479,0.5466874287351715,0.5177291302634865,0.5031845579875969,0.5127135526617432,0.5073831759311714,0.4873598226627182,0.4985955891221235,0.5144389641556483,0.5212207903427976,0.5534187172780486,0.5668219878733951,0.6097172631353992,0.6333131499848147,0.696407194890016,0.8317402486634734,0.8651659392277913,0.93281780954056,0.9840180249210873,0.9948071409173588,0.9191250749081292,0.925216367431916,0.7898345176490073,0.850930493345519,0.8958932230018934,0.8881726888452418,1.1131058844614472,1.1878849312760529,1.1690254356678187,1.1606082736127852,1.3391708284601986,1.413345693139767,1.4384850400917673,1.350584605143939,1.2002581400285208,1.2416396407501695,1.3826197957753084,1.5135660119734855,1.2975641382775502,1.1032098770841896,1.0172679275456438,1.0397226600755458,1.0664790936825606,0.8956566482048007,0.9058377579245064,0.8976490577335654,0.9216670126169938,1.0680285916303902,1.0985479745469358,1.1083385006073565,1.0151609150770118,0.8909041806951421,0.7507050318385667,0.5965652088832317,0.4630948747305373,0.4386887867158375,0.3385682908506032,0.2735397300821142,0.247430987553369,0.2110742393551683,0.1711383749756024,0.1555689641536883,0.1316598048175772,0.1136850902863945,0.1015199374761422,0.0942144967693198,0.0847029482350387,0.082926787165208,0.0763119270512156,0.0690916838561685,0.056398339578011,0.0507629717645597,0.0489877493461263,0.0483899035583042,0.0489281925426183,0.0492236838873105,0.0451368763120764,0.0455083773102288,0.0430186908309699,0.0387869973909462,0.0358908613268193,0.0339773132494262,0.0309395202421619,0.0242340204827265,0.0200061974950381,0.0161150033765704,0.0123819798459421,0.0096180359555127,0.0074526475955531,0.0063371652076188,0.0054040816937915,0.0046312418021207,0.0041882207137533
EMSC-20161030_0000029|3A.MZ50..HN,EMSC-20161030_0000029,2016-10-30T06:40:18.000000Z,13.12324,42.83794,6.169,Spallarossa_et_al_2021,6.6,161.3,40.0,-90.0,23.99,9.0,0.87,27.8,28.4,10.326815923811948,11.659688250795249,7.405653992097211,10.313575687967372,3A.MZ50..HN,3A,MZ50,,HN,13.218,42.598,1161.0,0.0,515.0,False,211.03560026937043,0.9471224090211988,0.08723321,CENOZOIC,-128.41969524575003,3,35.74876976013184,0.274167747882854,0.2741675295477115,0.2745344734062459,0.2747547179062053,0.2752462264925291,0.2773744316132375,0.2778488537425975,0.2774094010493736,0.2779106996382839,0.2786108255466544,0.2774312752467376,0.2781971878869237,0.2785391591662364,0.2788866040722293,0.2785118688602969,0.2798930631047746,0.2848030129064055,0.2845461911078608,0.2823646198043388,0.2853929744699272,0.2872680404441773,0.2940682962495401,0.2956333235756521,0.2930738579126447,0.3003099371527705,0.3147952733134239,0.3389890804915829,0.3468941679134477,0.3213428954206903,0.3572188746429361,0.3850328690651298,0.397199187019986,0.4087057866925108,0.4111578455163579,0.453012048867884,0.4603839314106325,0.4558019056479175,0.4719971694005295,0.446942655387525,0.5411873183224986,0.5143731164072883,0.5031323715377133,0.4948829713742106,0.6047425963795329,0.6306013049287708,0.5842501470206871,0.4589240865919671,0.4698724679572317,0.4723960065162008,0.4645991877532529,0.489348887624717,0.4667868449468994,0.4646942025042421,0.5109425586770279,0.5074989998670038,0.496359309381718,0.5064651424544018,0.5705509342093693,0.7184166805414579,0.6526333484899189,0.6970959496282273,0.6848000672935248,0.6180472595558556,0.5804929501534607,0.780765013917539,0.8814094808939532,0.8143102303057081,0.6489338307287631,0.5643032978656798,0.5769987036999134,0.6522712763041096,0.6002648905788263,0.4805803146401186,0.3654204684384137,0.2733962782667939,0.2289280346192772,0.1968300983696661,0.1799455563690012,0.1685081378150067,0.1561965008146329,0.14261216972162,0.1394324364987477,0.1363622578365147,0.1267528349940151,0.1148278773708286,0.1022180930100452,0.0887541477597561,0.0833704420070481,0.0790837484402896,0.0720303413948632,0.0659948953118045,0.0583022852885553,0.0506708187361042,0.0459082853948612,0.0435491511269113,0.040309924606769,0.0334581661506236,0.0283607810587366,0.0232369989788276,0.0195628635161163,0.0159528603924356,0.0134952100555687,0.0119627407702998,0.0105581783589796,0.0094443232433103,0.0084553198404506
EMSC-20161030_0000029|3A.MZ51..HN,EMSC-20161030_0000029,2016-10-30T06:40:18.000000Z,13.12324,42.83794,6.169,Spallarossa_et_al_2021,6.6,161.3,40.0,-90.0,23.99,9.0,0.87,25.9,26.6,7.879861993402515,7.970016739773435,0.7461042628534214,7.879861993402515,3A.MZ51..HN,3A,MZ51,,HN,13.285578,42.637948,902.0,0.0,638.0,True,97.56677248680404,0.7413080662574479,0.028651746,CENOZOIC,-121.87580405072649,3,57.69546890258789,0.8255972303093596,0.8255741583710315,0.8314901333938434,0.8350484473834308,0.847396579893525,0.8586799026837312,0.86015355192423,0.8563279056486129,0.8746833157294411,0.8763684765521468,0.8926253471597718,0.9017285807508524,0.9109104581981872,0.9149347505128907,0.9183595068202076,0.9384133330822584,0.947866888385718,0.973118987115112,0.9550617442026332,1.032850409449985,1.070386266081274,1.1203748741857478,1.2257394602570864,1.2115723466454569,1.1627029806644265,1.1047805775854158,1.20760264896438,1.3145148386187693,1.4618026312026398,1.5981474997615055,1.46666726455719,1.439717798581936,1.6179495091008536,1.7345257551952826,1.7088371814343748,1.7255378110391306,1.6907838780523248,1.5943920384662793,1.4545305926070076,1.5013437893544646,2.0145367891608124,1.933432921218131,1.8009434594202982,2.1350391578241004,2.187905452716,2.258218081720642,2.464129984763142,2.490726742423232,2.3972450768920166,2.2602276210067926,2.019134476421029,1.8349251389696288,1.5667323121766026,1.1908756442150077,1.1051220360348109,1.131241780938506,1.1588366917044983,1.1572855723309288,1.2927434466260888,1.1483972030670473,1.1601256815558485,1.1664166720706215,1.1142629828503998,0.9610097187351404,0.7569104786599954,0.6161473964535064,0.4942951640894631,0.4075715012318499,0.3688772789320371,0.3381979699547375,0.3137867963250811,0.3136203305117441,0.2940756489913708,0.2666688727743674,0.2146069647685084,0.1620125990900583,0.138053198220399,0.1312716624952033,0.1211199014514592,0.1023281321354251,0.0942436018935875,0.0871774379019227,0.0791852940851656,0.0691421898662241,0.0674578388190555,0.070046797558462,0.0739715026032591,0.0750326143911891,0.0749833465805396,0.0720534253313532,0.0702441009434603,0.0650215668970966,0.0610820300694854,0.0575344254981571,0.0531639020985222,0.046843680143375,0.0358109545656606,0.0307819632001232,0.0237173574938601,0.0175832066983614,0.013485273328706,0.0112791552587564,0.0095747909764887,0.0082387654849523,0.0070988011216303,0.0061413807738311
EMSC-20161030_0000029|3A.MZ61..HN,EMSC-20161030_0000029,2016-10-30T06:40:18.000000Z,13.12324,42.83794,6.169,Spallarossa_et_al_2021,6.6,161.3,40.0,-90.0,23.99,9.0,0.87,27.5,28.2,9.116156497341528,9.163905618139871,-1.357931213057297,9.01596304242424,3A.MZ61..HN,3A,MZ61,,HN,13.314377,42.634324,1001.0,0.0,764.0,False,40.144597536005925,0.60319089867454,0.066497535,PLEISTOCENE,-119.72327491711512,3,28.21328067779541,0.4115701820032118,0.4114615268944692,0.4113152386477125,0.4149007019293199,0.4149464615653983,0.42213943702016,0.4186215121719686,0.4150058516692494,0.4207559561504892,0.4228776300879727,0.4183613041396209,0.4192971104114358,0.4185375397575169,0.4182973411640285,0.4201300363444712,0.4231170810179651,0.4348470410942801,0.438192814075562,0.4420296069825263,0.4710467719785242,0.4851564816337006,0.5263045227724865,0.5818791502705773,0.5194800951903239,0.5713378694965452,0.5745645462810823,0.5491261450258894,0.5106039725193101,0.6046607634486907,0.6653114359657726,0.7740783181626834,0.8408410445057054,0.808284456630308,0.6920727952911605,0.8984519391575755,1.0281132583046937,1.0721099056858314,0.9114847176048968,0.9381780198720358,1.1207878744149402,1.149232218718934,1.1587465926189424,1.156784074267337,1.2258879758655232,1.1804596177682904,1.0755390586434312,1.037137791661096,1.1219174625019837,1.170017637597221,1.1845778614019171,1.0965370445026892,1.1007513123090058,0.9706572907395856,0.9019548456484556,0.8033845172204401,0.7746276654016543,0.6891127396778958,0.619625563896589,0.5796152451069592,0.5917307948819892,0.5341171027934203,0.4927779869361332,0.4531391317715162,0.3756510584578918,0.3330776106981758,0.3327260357526521,0.2794347119165634,0.2482448632725852,0.2293709821344653,0.1747653011963775,0.1473981325332377,0.1555855580539422,0.1402149792411278,0.1263273274297019,0.1080029354879174,0.1063720523983185,0.093479908323318,0.0798240552399085,0.0675227446889821,0.0535883053626754,0.055252853749168,0.0569740081533387,0.0583568059181177,0.0538845644364648,0.0502732911433453,0.0454099765489573,0.0421942093159326,0.0404451477644234,0.0386450718734607,0.037280509548503,0.0353954879049219,0.0328417138136401,0.030654806344985,0.0282866207536051,0.0256996838873174,0.0245588612575758,0.0208540579266225,0.0162360743855008,0.0122440360804481,0.0098491974668662,0.0084956092261928,0.0074227606886149,0.0064836129799524,0.0056314020029569,0.0048828639130805,0.0042438864004897
EMSC-20161030_0000029|3A.MZ63..HN,EMSC-20161030_0000029,2016-10-30T06:40:18.000000Z,13.12324,42.83794,6.169,Spallarossa_et_al_2021,6.6,161.3,40.0,-90.0,23.99,9.0,0.87,28.3,29.0,9.911387230884284,9.955724474725576,-1.9009985569789205,9.72949177155474,3A.MZ63..HN,3A,MZ63,,HN,13.323448,42.629805,1071.0,0.0,562.0,True,160.2484986906025,0.8570679148897135,0.0694443,PLEISTOCENE,-119.14896968882152,3,23.93618965148925,0.3003304643574529,0.3003465345270766,0.3177274119338997,0.3163890337045024,0.3282866777096849,0.3474619330836924,0.3493455620910379,0.3587920481931235,0.3812044275730783,0.3895633637593442,0.3383300700219181,0.337935752966746,0.3569568580906195,0.3693954213824988,0.384289818788422,0.3807773557694398,0.393687095034233,0.43359023404358,0.396180431677788,0.4546008752861349,0.461581630306777,0.4599820530500678,0.4742593777393235,0.5325505247616984,0.5749180609218779,0.5185994881869123,0.4599743829928299,0.525164639665444,0.5806401030097839,0.6343626352241042,0.6727412509054763,0.6974428592218292,0.7070575405547098,0.6350064511017586,0.7135371771753699,0.7764468576841582,0.7384117712259368,0.7595756075313321,0.6883347137888354,0.681991363793638,0.8509875146692626,0.8704701250538452,0.903950474864698,0.974098517542148,0.9025421532414306,0.8140025759018447,0.7136305779397111,0.7608703698218027,0.768419142621671,0.7844611432900812,0.7478104918138224,0.7347432591626195,0.7811854034327113,0.7535222842408162,0.7118027284955337,0.6626875488818003,0.5739558703554258,0.5272511260086813,0.4669904796774727,0.415660200824188,0.3956337044448466,0.3883298258894445,0.3714559124902746,0.3630052143958218,0.3093444008140938,0.2426616883019413,0.1916967088441009,0.1760891093163284,0.1862107456194721,0.1861618003852516,0.1834419416629552,0.1834224474002752,0.1641619695146763,0.1352048732231162,0.116082742826713,0.1059330214739202,0.0998561329316142,0.0896129866970292,0.0787918482886429,0.060296123534879,0.0527227417912853,0.053071949233225,0.0523425356311188,0.0487076063323073,0.04375511433624,0.0396847240277782,0.0347862363965326,0.0324783524434998,0.0302883140408898,0.0300770275056579,0.0293888922217541,0.0278423338486565,0.0255739236190092,0.024615238601506,0.0226357137533384,0.020903965785267,0.018085286050943,0.0143602089636614,0.0106606146713555,0.0085354163640774,0.0077253805639527,0.0068426599677049,0.0059805502757095,0.0051910259113683,0.0044996501402785,0.0039051587084331
EMSC-20161030_0000029|IT.ACC.00.HG,EMSC-20161030_0000029,2016-10-30T06:40:18.000000Z,13.12324,42.83794,6.169,Spallarossa_et_al_2021,6.6,161.3,40.0,-90.0,23.99,9.0,0.87,18.5,19.5,0.6232922560181873,2.088668518193351,2.059632552066673,0.6232922560181873,IT.ACC.00.HG,IT,ACC,00,HG,13.242,42.695999,922.0,0.0,890.0,False,16.554549607613296,0.506537280751848,0.112888865,CENOZOIC,-123.51197468870896,3,40.10325241088867,0.4050993812035392,0.4049143785201506,0.41475535480234,0.4164198550918807,0.423097779195472,0.4219338861339346,0.4218791004609596,0.4281367523209069,0.4312456502950675,0.431955677130995,0.4763501410693885,0.4986927469171534,0.5062405489221946,0.511673032230208,0.501625194007737,0.5246997601561523,0.5379815189452076,0.5354279781332186,0.602679933049733,0.6442319479100024,0.6339523404539267,0.6064760827460957,0.650206398226817,0.7331000557601449,0.7864497981950874,0.8233579681154949,0.8685449156669777,0.8793803234428472,0.8783212820431673,0.8141111036912371,0.8235613007887103,0.8954549573454775,0.9547777947871876,0.9906334431158134,1.122194481815506,1.183046353871272,1.2256007920518996,1.4376038125941737,1.4655207217363395,1.320460127412401,1.2990847109922623,1.4201840166560171,1.2900376558670148,1.1707210503865493,1.19631742994864,1.1972564842929694,1.2138697539798788,0.8738887314154116,0.7555809611807618,0.6983690089053405,0.6965835015402463,0.6606458369998912,0.678615225047856,0.6858365555892938,0.6837471793063827,0.6762190101315869,0.7056707384324368,0.6951223911705667,0.5588947856582666,0.6485561563314898,0.638678516411479,0.6092210611441353,0.5921169444138448,0.6430347689315663,0.6690987301974755,0.630055832416466,0.563572785867428,0.5240289799168817,0.5182574907797449,0.5250606803712072,0.5083167263147337,0.46028126662791,0.3903488990943073,0.3101754003666599,0.2363076186235578,0.1884312172173441,0.1573396996777576,0.1363298588043211,0.1258204150342024,0.1157722156809165,0.1070657341584725,0.1015588834920427,0.0951899072249879,0.0855249364689139,0.078918380444195,0.078332178204351,0.074325963672647,0.0735471188410479,0.0718139123308785,0.0671860442539551,0.062271738999526,0.0579394870801177,0.0534626126136963,0.0479568789084754,0.0423707743153318,0.0384324616812237,0.0299814795800048,0.023779618046546,0.0195155718053333,0.0161708602889935,0.0134598520236501,0.0113135909449258,0.0095838335314675,0.0082204563338555,0.0071167987116745,0.0062354290095596
EMSC-20161030_0000029|IT.ACT.00.HG,EMSC-20161030_0000029,2016-10-30T06:40:18.000000Z,13.12324,42.83794,6.169,Spallarossa_et_al_2021,6.6,161.3,40.0,-90.0,23.99,9.0,0.87,24.8,25.5,13.808774301591628,13.83550485193045,-13.808774301591628,0.0,IT.ACT.00.HG,IT,ACT,00,HG,13.4125,42.771301,45.0,0.0,1515.0,False,0.4710848909083793,0.2756268553631703,0.12380527,CRETACEOUS,-107.81541832241452,2,8.741177558898926,0.3403585734970817,0.3402989672995944,0.3811358927339936,0.3940154048043357,0.4244086675693797,0.5121323412176438,0.5508693132826935,0.5490384742393216,0.6243525657838461,0.6270077146752414,0.6360272545484731,0.608159730899066,0.6631878336609107,0.7021928024255373,0.730082624904684,0.7400062802408991,0.7682077919268697,0.9142912691814516,0.94494352438484,1.3106130249800172,1.341422916985043,1.3460861999038138,1.4282733015616174,1.2818257634438897,1.3176860978494276,1.1981370339183317,0.9978034738366306,0.9261283069348236,0.861145047266698,0.8769241350589474,0.8997875174700196,0.8379000231621785,0.7513904364154814,0.6577397313510923,0.5365151686852933,0.4702069477337423,0.4307676402585602,0.4176982567361483,0.412977433641662,0.2880384144070407,0.2419399116580694,0.2401312018619624,0.2336426546555449,0.1640326023445297,0.145153286267653,0.1513570821173048,0.1753078779570943,0.1908143065689705,0.17887846628672,0.1612567065331849,0.1292628816128692,0.1106405051333328,0.1192557058024123,0.093478507780357,0.0968318200659215,0.0932222476982723,0.0949676145998253,0.0899628017778845,0.0698571792546902,0.0712738983470778,0.0614121838105294,0.0611647642328973,0.0593147458384565,0.0606102112312305,0.0723623164255266,0.0705138984182087,0.0695044616002745,0.0619072321858577,0.0563576115532245,0.046068557617365,0.0333144031740095,0.026931620161447,0.0247113756501369,0.0228628589375988,0.0211190473336964,0.0220598926642678,0.0243220555647521,0.024105614988098,0.0226313475072785,0.0194412817006314,0.0169781439922887,0.0167022587844447,0.0158541646081582,0.0155840691703817,0.015248274077799,0.0169156990640719,0.0185472100765658,0.0189100338117442,0.019006055717414,0.0189366282252438,0.0187988370828569,0.0182916716314947,0.0172506187936327,0.0163613744041424,0.0158909938953728,0.0152609899364454,0.0133122633141259,0.0111372177293192,0.0093745692667587,0.0077340647938303,0.0065436530849523,0.0057805795075465,0.0050873077425317,0.0045210525089769,0.0040011827924617,0.0035633080186954
EMSC-20161030_0000029|IT.AMT.00.HG,EMSC-20161030_0000029,2016-10-30T06:40:18.000000Z,13.12324,42.83794,6.169,Spallarossa_et_al_2021,6.6,161.3,40.0,-90.0,23.99,9.0,0.87,26.5,27.2,8.480507687543447,8.574938093668473,0.8603061778432997,8.480507687543447,IT.AMT.00.HG,IT,AMT,00,HG,13.2866,42.6325,933.0,0.0,670.0,True,78.20652857406178,0.7009451061237714,0.031279955,CENOZOIC,-121.96306215247526,3,34.81801223754883,0.5172444673076194,0.517287921347681,0.5247891556402458,0.5256672915250065,0.5261765073512963,0.5376069890583425,0.5412109404197107,0.5428381203801353,0.5405036886087077,0.5470189108816251,0.5749444120339475,0.586412815773434,0.602821254813905,0.6079572269165063,0.6171796885194875,0.6203053117813906,0.6111171530853297,0.5916312813133281,0.6926798972442986,0.7500174306100273,0.7523442737954495,0.7520214865021799,0.7551096255858611,0.7505792546426642,0.71545542163404,0.7485010306690731,0.729516689279149,0.7473578687515254,0.9410883985709544,1.0781665915673284,1.0919900497662371,1.0946329851508485,0.8519857026092372,1.1184488201764349,1.2897641366276753,1.3406749051301383,1.3298181323469245,1.2219301088730348,1.1580361663509064,1.0383418259086743,1.0492826629394771,1.1408393645004669,1.1565167498161382,1.1361748304095514,1.0831496626946466,1.0475864560973058,1.011533998184561,1.168218957369446,1.1397618570780892,1.1990390783718907,1.1077145419765468,1.0239018728149891,0.9609826768040284,0.8352765810791919,0.7995371286823931,0.6931477976036987,0.6244058452221813,0.5265409169432974,0.5842711681073383,0.5954437582861508,0.6569114605417795,0.6744014258655391,0.641413536509668,0.5151271298650715,0.4214476075061371,0.3555196284558297,0.2871695783352852,0.216006614993712,0.1849865814497551,0.1764083102248153,0.1693679206836613,0.1628705070469834,0.1415956437038609,0.1261655809156968,0.1040917912419784,0.0870766797757031,0.0783951299176433,0.0640416756464199,0.0666169817660055,0.0686910465440805,0.0674506402274688,0.0626699931769674,0.0570765600636557,0.0466692916630148,0.0425883191762768,0.0436576478102213,0.045220632254739,0.0455452622873219,0.0456380496399934,0.0445904088328935,0.0437721986832569,0.0413789431547633,0.0370100584978502,0.0355344466495479,0.0333956086830392,0.0297506616352087,0.0236164011281404,0.0196142137837362,0.0152794389963659,0.0112435300039233,0.0084361561746895,0.0069764496491624,0.0059324541114926,0.0050395438451854,0.0042855844887476,0.0036869518151515
EMSC-20161030_0000029|IT.ANT.00.HG,EMSC-20161030_0000029,2016-10-30T06:40:18.000000Z,13.12324,42.83794,6.169,Spallarossa_et_al_2021,6.6,161.3,40.0,-90.0,23.99,9.0,0.87,46.8,47.2,31.13740383426612,31.82784731949022,24.642794753190405,25.56392085134322,IT.ANT.00.HG,IT,ANT,00,HG,13.0786,42.4182,564.0,0.0,912.0,True,14.24393848987804,0.49258307684562,0.03840868,JURASSIC-TRIASSIC,-144.85783581455297,3,5.659427881240845,0.0490344710391683,0.0490376963705855,0.0491565397520764,0.049180023914326,0.0492101414622773,0.0493225721587462,0.04937775645595,0.0493461094119356,0.049715152226723,0.0498831637627764,0.0500840482850446,0.0500805535640886,0.0502312907532092,0.0499407376329326,0.0497082560268085,0.0499918451405398,0.0501628383713245,0.0503655167144426,0.0509234384469171,0.0519427576119137,0.0515064459076101,0.0518338795336116,0.0549259653821427,0.0565300667437929,0.0565499799413096,0.0574799886668936,0.0559678042606214,0.0551755425727365,0.0609146022391903,0.0651638881443044,0.068592212818582,0.0687897709002226,0.0704925629639168,0.0659026713926009,0.0680836238385612,0.0638324068368142,0.062706813188702,0.071467446446214,0.0892151370461525,0.0845422504351467,0.072865228164842,0.0786823414937137,0.0827813631431551,0.0880056278993021,0.0948226933868315,0.0989481732712191,0.0969490209317272,0.1027368847999041,0.1025237514543424,0.1026805819514579,0.1031873189740857,0.107591309307138,0.1292930303025325,0.1552742575749359,0.1667770892241784,0.175849373621569,0.1829482998484986,0.1834436853073258,0.1739422278788005,0.163688220277501,0.1212635352204459,0.1033166413189421,0.0799390036940825,0.0782933695330361,0.0736904356062049,0.0842818953386251,0.088401760180273,0.0819180469834188,0.0632064511056998,0.0548254902931826,0.0588238114708234,0.062928866680138,0.057731538420484,0.0529030778846633,0.0437921087870582,0.036403985258195,0.0314982326567941,0.02778978261746,0.0226293778125087,0.0178740317494792,0.0134808191108422,0.012440956861409,0.0116815051748726,0.0112139074847617,0.0107468684156725,0.010623207069541,0.0111829123052753,0.0112570112889118,0.0117530120686217,0.0118867610510531,0.0110973146183545,0.0106352860930657,0.0097356908889916,0.009218131909994,0.0100826540524735,0.0107298474681962,0.0102149917659748,0.0093321003782056,0.007861124810284,0.0063894330979129,0.0055619407671932,0.0049470034324867,0.0044839309527333,0.0039901010297513,0.0034854855937575,0.0029942896564214
EMSC-20161030_0000029|IT.AQA.00.HG,EMSC-20161030_0000029,2016-10-30T06:40:18.000000Z,13.12324,42.83794,6.169,Spallarossa_et_al_2021,6.6,161.3,40.0,-90.0,23.99,9.0,0.87,54.3,54.7,36.93707522119374,37.20276568351063,5.881946673649866,36.93707522119374,IT.AQA.00.HG,IT,AQA,00,HG,13.3393,42.3755,693.0,0.0,549.0,True,173.43134801284884,0.8803245637307024,0.009873427,CRETACEOUS,-125.7078112968494,3,4.435308218002319,0.0367551186075593,0.036745419236784,0.0370357349353493,0.0372656712720004,0.0371797446138321,0.0376025095293058,0.0379634924697146,0.0394061286333909,0.0413687225012372,0.0410559995957295,0.0403196972223447,0.041444416847113,0.0426351323609564,0.0426451286396668,0.0435033776261233,0.0460968195592112,0.0429628098248951,0.0436464983856292,0.0485124790400272,0.050979474745766,0.0531350294598706,0.0537981965009215,0.0553671925934313,0.0621387878514412,0.0774188850769702,0.0892026360967735,0.0849640795558506,0.0884617042245472,0.0938713153106025,0.1042960032314549,0.0979238423537413,0.0991500053218502,0.0901555924899658,0.0989798969834796,0.1063868009502136,0.0995951758089628,0.0872083923757584,0.0854542435589221,0.0856843259253905,0.0847396237607475,0.0767486709023013,0.0718709029839804,0.0708820130042758,0.0753938232436669,0.0797126474790327,0.0778611361461654,0.0909499226680067,0.0910970874771059,0.0850490175989803,0.0824425010176065,0.0819529818988538,0.0764678556397634,0.0796901786291961,0.0781624644300294,0.0747631909353209,0.0717770233492036,0.0675876795906362,0.069987453360874,0.0624072174470838,0.0624984764073519,0.0577572843016656,0.0546287549142797,0.057050529279551,0.0595681137075161,0.0612555434953692,0.0633538167848424,0.0599628212806642,0.0550381043427527,0.0554176491366737,0.05194922218529,0.0544332226030534,0.0606302134814641,0.0600015879368987,0.0541000782386936,0.0473517121294015,0.0395664731968811,0.0357497505050618,0.0354164787922707,0.0310439516128305,0.0297642184487396,0.0265719742525287,0.0262624259448133,0.0242052046469309,0.016355744202211,0.013937380911054,0.0132605000183544,0.0134849524452698,0.0133070860871117,0.0131299791943025,0.0125181360346039,0.0123997808043443,0.0126960959317073,0.0127497614416169,0.0128913174898113,0.0120901526193812,0.010243134337868,0.0083012814519868,0.0058309721720789,0.0049841449313632,0.004007855580347,0.0033761836773931,0.0031023512159592,0.0027807288456321,0.0023509259184994,0.001938185623188,0.0016373971867573
EMSC-20161030_0000029|IT.AQF.00.HG,EMSC-20161030_0000029,2016-10-30T06:40:18.000000Z,13.12324,42.83794,6.169,Spallarossa_et_al_2021,6.6,161.3,40.0,-90.0,23.99,9.0,0.87,54.2,54.6,36.81160475663429,36.983947191000986,4.501258318848096,36.81160475663429,IT.AQF.00.HG,IT,AQF,00,HG,13.35474,42.380539,836.0,0.0,971.0,False,9.599598570408851,0.4584951892416553,0.2214385,CRETACEOUS,-124.33405523724842,3,4.076923847198486,0.0531318304617534,0.0531267562671118,0.0538415276308194,0.0541188732042879,0.0543029080096998,0.0559199526099103,0.0563658779242996,0.0562255727203722,0.0561432637856605,0.0565028832907702,0.0584336748277845,0.0590287892295225,0.0607845036727703,0.0618666089827008,0.0630362040675857,0.0634732822776691,0.0621589372464426,0.0654192915155671,0.0648743233569225,0.0682711474002444,0.0691554578939405,0.0766199523265925,0.0868985550194879,0.0945932403319378,0.1029775823189339,0.0974905364843377,0.1068587668272116,0.1098939651855575,0.1118137647510745,0.121141139076609,0.1351930286875691,0.1378062250554334,0.1525065879580402,0.166020476687173,0.1724204673100615,0.1744080033421194,0.1497497647704386,0.1350079688311351,0.1403009811537983,0.1354917112373738,0.1267501991474726,0.1298618468385911,0.1287980184448317,0.150323667252741,0.1689881250791281,0.1700007148323259,0.1507180673606625,0.1507062743200007,0.1417098060961699,0.1237673093963915,0.1027636255668714,0.0924078114455724,0.0789531446910924,0.0700177985591787,0.0662538271985449,0.0628897020557704,0.0585309712024959,0.0558896499779134,0.0458601370299794,0.047681617640792,0.0452170385507111,0.0467478833982753,0.0466750008893712,0.0480706575109864,0.0422269259778048,0.0403611600840331,0.0406015585470786,0.0410200327998218,0.0353301478234669,0.0290376708260457,0.0291602542320066,0.0424408315924712,0.0454072913269123,0.0411441320805527,0.0393339633318032,0.0390771069999892,0.0342994105420959,0.0274407399377116,0.0248850299125761,0.0243741999173082,0.0255243311763881,0.0251193420091616,0.0244093099662317,0.0213944859324053,0.0215993809095104,0.022243978103412,0.0210634970040684,0.0202650371880501,0.0192391334416615,0.0179205976102535,0.0167396806087766,0.016282153405903,0.0154870340958857,0.0146046565509298,0.0132840349836505,0.011148109566692,0.0082860480059007,0.0058814382344552,0.0048824697149687,0.0040321887362951,0.003236667318847,0.0028920244915177,0.0027124824431647,0.0023693658656844,0.0019908293552311,0.0018027065040342
EMSC-20161030_0000029|IT.AQG.00.HG,EMSC-20161030_0000029,2016-10-30T06:40:18.000000Z,13.12324,42.83794,6.169,Spallarossa_et_al_2021,6.6,161.3,40.0,-90.0,23.99,9.0,0.87,54.5,54.8,37.090792191264725,37.37441818499531,6.130805533356763,37.090792191264725,IT.AQG.00.HG,IT,AQG,00,HG,13.337026,42.373474,721.0,0.0,696.0,True,65.13993326942776,0.6710712174035732,0.046878174,HOLOCENE,-125.94954594398588,3,5.364816904067993,0.0636299159246472,0.063614592015263,0.0666516583332912,0.0658955685916712,0.0662631940389954,0.0682409386206966,0.0677370667487125,0.0714382949241802,0.0724081316373523,0.07272169457946,0.0744934403699988,0.0749759259347574,0.0753741446013384,0.0746721536252636,0.0740811623736767,0.0733074382075363,0.0735141980168772,0.0720525549863685,0.0718655184229458,0.0709048548140533,0.0707742893844371,0.0721077101570685,0.0753246896373383,0.0772138837046276,0.0766635503828392,0.0904639527854877,0.0959207864763197,0.0960717944898139,0.1084418397331205,0.1177212596882931,0.1076747502899113,0.1065999889628052,0.1104223231436173,0.1309414835886642,0.1237055406339205,0.1448103252941547,0.1599016379928112,0.2011810941001561,0.2003806408749683,0.2076909354034476,0.2164160103848566,0.2067614782362821,0.1754597084628876,0.1530720696954589,0.1472710878447566,0.1386674294242592,0.1411586738223324,0.15212097989269,0.1613236189351745,0.1678556488961216,0.1554064256823948,0.1320292008787516,0.136410058391276,0.1504876251400951,0.153556940350975,0.1489297304022394,0.1310649866939734,0.1020801368023621,0.0931945615086092,0.0915952669858096,0.0722001688881725,0.0669091155276829,0.0646178435853438,0.0735688133591987,0.0677900212713176,0.0687514960944496,0.0725607842560563,0.0723474260675843,0.0650653014017858,0.0672902730429993,0.0554576889835639,0.0662735503403756,0.0669309384468803,0.0537003159647839,0.0423300260463879,0.035569516962897,0.0321021531008598,0.031695321405368,0.0301573067542294,0.0324220259545842,0.0280374385199697,0.0261334741420531,0.0248030237295008,0.0173240725034205,0.0148757206052394,0.0127985976135032,0.0128156056630415,0.01290750136533,0.0126904255835452,0.0121982580434358,0.0122398445403841,0.0125473763799775,0.0126638281740646,0.0127645359026557,0.0117122832109436,0.010259112061271,0.0082326127472857,0.0060547960953711,0.0049839271841457,0.0042979803473782,0.0036439449677758,0.003232272373401,0.0029039834398568,0.0024440817659728,0.0020431495183649,0.0016793637651801
EMSC-20161030_0000029|IT.AQV.00.HG,EMSC-20161030_0000029,2016-10-30T06:40:18.000000Z,13.12324,42.83794,6.169,Spallarossa_et_al_2021,6.6,161.3,40.0,-90.0,23.99,9.0,0.87,54.3,54.6,36.87615154274644,37.111573639174445,5.463702015236496,36.87615154274644,IT.AQV.00.HG,IT,AQV,00,HG,13.343888,42.377222,692.0,0.0,474.0,True,261.1957921725306,1.0414133948168094,0.08494014,CRETACEOUS,-125.29268581584245,3,5.1110053062438965,0.0677265187599999,0.0677315740106807,0.0682189684623142,0.0682021111116856,0.069214670217294,0.0711109406664182,0.0726084136474749,0.0718620816809013,0.0736410251590567,0.0745434779351588,0.0743007701929064,0.0738991113660946,0.0744018238952011,0.0732992385304856,0.0733972472640497,0.0768939676167206,0.0812708596716139,0.0866980146604632,0.0906242120381393,0.0909056736971001,0.0927874444239014,0.0970016391970654,0.1191655599892004,0.1281840586994674,0.1309867178931443,0.1436342010328845,0.1600538273931156,0.1599531915243502,0.2066530627106669,0.1901369012767837,0.2051392067142348,0.2195926049229034,0.2128697206052446,0.1587731431917406,0.1592886246481554,0.170762371415713,0.17679426133908,0.1779479137686813,0.1748767145816886,0.14286297351951,0.1333651800082429,0.1266436352475445,0.1254949133129953,0.1539730847412928,0.1559362563374886,0.1663464779614378,0.1772558516775588,0.2038987243615894,0.2091217892464567,0.2129767016303322,0.2006241437206016,0.1495402490657552,0.1134694161801337,0.0968707864475939,0.0948571663979956,0.0905962393750521,0.090959633885798,0.0886935175030547,0.0708180284871251,0.0700103936539704,0.058821715298777,0.0562677661783623,0.0598866380465803,0.0743539767620489,0.0853364656712213,0.0879200687970484,0.0817833258766051,0.0695816067946194,0.0610127650533186,0.0490910978135383,0.0434852295555708,0.0504044635658079,0.0578373007019538,0.0551639049606985,0.0511404363278798,0.0453543312185599,0.0429088755832013,0.0402198026331103,0.0359248141712844,0.0296970179062695,0.0278282904327187,0.0274788400472259,0.0233528211374224,0.0174039007042452,0.0152201221349745,0.0157662304802075,0.0156318268472155,0.0153561191819037,0.0149766976277879,0.0140460324584337,0.013225997860949,0.0134373769313008,0.0132633238122243,0.0131883062168788,0.0123541974851423,0.0104322820134571,0.0083719538433266,0.0057873687551497,0.0051531812920585,0.0043058639857648,0.0032792643152637,0.0030168791905839,0.0027433508777172,0.0023146441325581,0.0018915164280965,0.0016879388952328
EMSC-20161030_0000029|IT.ASP.00.HG,EMSC-20161030_0000029,2016-10-30T06:40:18.000000Z,13.12324,42.83794,6.169,Spallarossa_et_al_2021,6.6,161.3,40.0,-90.0,23.99,9.0,0.87,42.9,43.3,34.72360342233264,34.732251736819045,-34.72360342233264,0.0,IT.ASP.00.HG,IT,ASP,00,HG,13.6479,42.848,89.0,0.0,599.0,True,126.65999100853188,0.796777932505431,0.02050253,HOLOCENE,-87.01104219214507,2,7.453701496124268,0.1172991372663097,0.117281215235095,0.1199717694168934,0.1209289390760465,0.1218646327988326,0.1254022120680077,0.126477926929563,0.1282459394105087,0.1329182973167038,0.1336850591130035,0.1365980485442492,0.1387407824299894,0.137536615801276,0.1381629799160026,0.1395165748147281,0.1454264830050843,0.1538940656395031,0.1765180201706026,0.2019861867319545,0.2345717130041727,0.2499141643204748,0.272000739516378,0.316067821569953,0.3493318820224466,0.3957234841457605,0.3787430889454886,0.3301931339475685,0.3287098635494785,0.361449559317091,0.3999566887354942,0.3617613586436696,0.3611998958054275,0.3486517744910737,0.3240926101796727,0.3394374298464077,0.3067435022294251,0.3261847266723516,0.2703256075478086,0.2202287783060655,0.2438488098411133,0.2362083201273642,0.2436309778568537,0.245398201733133,0.2077074244858602,0.2113392244581823,0.1824822696911399,0.179071182095913,0.1750435202259028,0.156063932033336,0.1588798727264102,0.1559671174313769,0.1576524305506713,0.1665799462581286,0.1428914335691757,0.1367588207471729,0.1270192547348234,0.1190447846245006,0.1275809410969235,0.1021799249046818,0.0980526783962923,0.1034960914715661,0.1009888792865422,0.0964786287475408,0.0730940565762739,0.062755126717251,0.0562892032989585,0.0477172500250718,0.0393367603972319,0.0330323726692076,0.0342001174217842,0.0274379922213256,0.0275595226068122,0.0287045039232115,0.0288605665696569,0.0298300074823961,0.0256925597606481,0.0245512402323774,0.0247980617115583,0.0256765734178368,0.0292529877215207,0.0299499850250374,0.0285520569640555,0.027219114069209,0.0241533204175583,0.0227661809019848,0.0233519493460296,0.0250046557671883,0.0252994688488844,0.0250256419608318,0.0230637135610638,0.0220842395096648,0.0203125843678535,0.0186993445509911,0.0174795879264369,0.0161065342707332,0.0149618358048605,0.0134877180954919,0.0117080529234798,0.0097301825749027,0.0080911985415423,0.0065490226810982,0.0054898110175174,0.0048604226201747,0.0042733289975853,0.0037295500452107,0.0032312184735245
EMSC-20161030_0000029|IT.BVG.00.HG,EMSC-20161030_0000029,2016-10-30T06:40:18.000000Z,13.12324,42.83794,6.169,Spallarossa_et_al_2021,6.6,161.3,40.0,-90.0,23.99,9.0,0.87,43.1,43.6,39.190835740925365,39.72705485321499,42.260879874378666,16.88582183987415,IT.BVG.00.HG,IT,BVG,00,HG,12.611065,42.932367,216.0,0.0,211.0,True,506.1375293200851,2.6286602225404354,0.011165133,PLEISTOCENE,150.0,3,10.528407573699951,0.0714722246058199,0.0714933985904482,0.0721276566638148,0.0722696383846358,0.0727414536812056,0.0729598880947184,0.072952023120725,0.0727093490500286,0.0736796147366046,0.0742761170311343,0.0748290475860939,0.0769676133746467,0.0798076700815774,0.0798526185545845,0.079296238042473,0.0776885969017631,0.0798879393623121,0.0832715414491102,0.0839503282892479,0.0957668992123184,0.0950942224721074,0.1023915036289734,0.0945259778715439,0.0973748818235889,0.103053122795917,0.1057096450578091,0.1102949965199009,0.1264542452646344,0.1351867288807356,0.1464821533075977,0.1667465241025954,0.1800261050886035,0.2188117013212442,0.2233905793260708,0.1869228542632668,0.1848435021693517,0.1904336116975687,0.1940214478263059,0.1758530848498971,0.1537561029424897,0.1774420655593677,0.1673849249062904,0.1554436470791829,0.1360012307729574,0.1381584542657657,0.1334548149283806,0.1335200496233235,0.1363718161189824,0.1468200447031424,0.1542537017967377,0.1792329477683414,0.1926100411723931,0.178901125400565,0.1617415631036596,0.156637695683621,0.1615335788068308,0.1797636143937704,0.1796669027467509,0.1629092489270858,0.1685231159850994,0.1531068346990917,0.1547102550186592,0.1400881377290444,0.1284780169549444,0.1132078772089729,0.1228317664809928,0.1026829278526707,0.101526696279402,0.1021844478026157,0.1005258206046583,0.0987596129221136,0.0877088759990508,0.0828906517024754,0.0753869594974755,0.0754135560669632,0.07412163950319,0.0755375574456527,0.0856073573410342,0.088327456233441,0.0893648990158727,0.0641199878270408,0.0542331107673719,0.0501186394847134,0.0455212079040733,0.0501880114995943,0.0549276660982797,0.052049021415591,0.047893908603621,0.0435863297032518,0.0375599937080419,0.0330534491583216,0.028219400412175,0.0235435881624957,0.0213953842955751,0.0210692789502302,0.0199990305090775,0.0145433925848395,0.0100949008696389,0.007206339538696,0.005822801300083,0.0049470073652296,0.0045406744521795,0.0040992786463629,0.0035287881047419,0.0030768852272996,0.0025576830224187
EMSC-20161030_0000029|IT.CIT.00.HG,EMSC-20161030_0000029,2016-10-30T06:40:18.000000Z,13.12324,42.83794,6.169,Spallarossa_et_al_2021,6.6,161.3,40.0,-90.0,23.99,9.0,0.87,27.3,28.0,10.48993179293533,12.41074678835936,11.79026988222308,9.271864032723634,IT.CIT.00.HG,IT,CIT,00,HG,13.1632,42.5942,873.0,0.0,431.0,False,316.5020979993913,1.1611052403701925,0.042291053,CENOZOIC,-132.84638799548392,3,14.856882095336914,0.2716554270422127,0.2716868195011624,0.2883931268556555,0.292295145971158,0.286758593095416,0.2960739839701628,0.2951154050217884,0.3037627780122786,0.3088425830222057,0.3070027105445864,0.318423715845972,0.3156614331050231,0.3168754292758619,0.3164521049328789,0.3122128456615713,0.2939635616928177,0.2891437185322885,0.2886533344503734,0.2859860706125897,0.2983214930454429,0.326727230848226,0.3559922731571359,0.369754142678345,0.4008255289223968,0.3981436753524549,0.4079827956415474,0.4601055400439956,0.4605428612903461,0.6487833859077958,0.7577907516315094,0.6641360132961497,0.6863428561606986,0.7638353836115113,0.8151149713364887,0.8415081121050717,0.829592168958605,0.7794272658660827,0.8743769646054144,0.8971082054229854,0.852742758565614,0.8035657293131018,0.7375331883980901,0.6503221225942594,0.6707836637181491,0.716744427083618,0.7775298166736803,0.78609398771327,0.6818276226165867,0.6728358803168749,0.6464313011034762,0.5476000201833103,0.4429019653729185,0.3775678598064417,0.322842393105205,0.2960409267829401,0.2788380712054008,0.2692485407059704,0.2795520306110056,0.2174537106840616,0.2105534040568785,0.202875281122897,0.1934697979904458,0.1636634122727633,0.1346688910553133,0.1326328149483064,0.1258859763808964,0.1295046234515922,0.1238914769884254,0.1298898802871634,0.1392859991503839,0.1223330206863165,0.128800268052238,0.1617716697889651,0.1612559335567402,0.137240168800884,0.1070488084525774,0.0833581235703823,0.0681300478379894,0.0587327445349116,0.0499114133104938,0.0449480089490958,0.0418121375648664,0.0402887707767943,0.0406737572630068,0.0386224519340618,0.0357945566633535,0.0308247223595516,0.0282821282022774,0.0267568317694655,0.0235034094872888,0.0212569631660435,0.0187099671324689,0.017859683542759,0.0164077766310659,0.0151874171148085,0.0142480855802624,0.0135096079520344,0.0125291749663545,0.0109257770301807,0.0090371268001316,0.0079884714303614,0.0067734544957215,0.0058941059409713,0.0050713249990881,0.004335701158927,0.0037697363197706
EMSC-20161030_0000029|IT.CLF.00.HG,EMSC-20161030_0000029,2016-10-30T06:40:18.000000Z,13.12324,42.83794,6.169,Spallarossa_et_al_2021,6.6,161.3,40.0,-90.0,23.99,9.0,0.87,27.6,28.3,21.16438954500751,22.165839698916884,14.69098569471226,19.67597898049097,IT.CLF.00.HG,IT,CLF,00,HG,12.920428,43.036714,701.0,0.0,145.0,True,519.2645371005184,4.037463299784736,0.021379834,PLEISTOCENE,150.0,3,9.752842903137209,0.134455587144131,0.1344762596089159,0.1353544728674282,0.1354507847943119,0.1367707659695255,0.1352863183624959,0.1362071056945519,0.1361178590838783,0.1374045027929641,0.1378225863373341,0.1376294045967103,0.1386842722085127,0.1395925842667351,0.1416393752531637,0.1428655835963302,0.1440661160242578,0.1456426290258279,0.1551062028981978,0.1719709267450712,0.1809477527248183,0.1900718922450153,0.2003822335074344,0.2007454792091334,0.1941807010105125,0.2066920530166575,0.1992139614716624,0.2382882948907193,0.2410086525577927,0.259009623952433,0.2565408510978891,0.2540560573893871,0.2538274760923278,0.3012067587962563,0.3607250495938208,0.4203514524916258,0.5016449627852609,0.5190958060700183,0.4435306220085772,0.378861418405299,0.2969502856207847,0.306845997442134,0.3400554671674494,0.3729437767699078,0.3864680806959838,0.4155473026186851,0.4955554537011732,0.4837714390607952,0.4117162842077156,0.3933497634399776,0.3693920196868913,0.3158278825235048,0.2692620774764381,0.2185266734762112,0.22032020280482,0.2066201994867948,0.1915900797559567,0.1788116435927895,0.1873676126653001,0.1801468316220631,0.1880978022216622,0.1668895393927897,0.1626856110939312,0.1710981402612268,0.193233246423917,0.229961436484831,0.2386012808409769,0.2376059254316727,0.2274863215940975,0.2176420413764393,0.1973482025244801,0.1092997080107298,0.084335348328719,0.069141059778315,0.0688558439819702,0.05909794309436,0.0603429758171962,0.0507140035766309,0.0377071698171773,0.0331082642756848,0.0276579354345059,0.02623506441703,0.0265206382486851,0.0262357949713685,0.0230967718660664,0.0180846994127645,0.0163680411847504,0.0132669737868714,0.0125916067585081,0.0122996842347874,0.0116231123078955,0.0109127240000281,0.0107436944729202,0.0105142459217146,0.0098667357234278,0.0099083290296638,0.0095517317725465,0.0080005234574402,0.0066953050145033,0.0058425597117942,0.005012756219438,0.0041611856794078,0.003518513881508,0.0029061395139098,0.0025104520124146,0.0022197530287135,0.0019477770438092
EMSC-20161030_0000029|IT.CLO.00.HG,EMSC-20161030_0000029,2016-10-30T06:40:18.000000Z,13.12324,42.83794,6.169,Spallarossa_et_al_2021,6.6,161.3,40.0,-90.0,23.99,9.0,0.87,6.8,9.2,0.0,0.8862220414214977,0.0973518956391401,0.0,IT.CLO.00.HG,IT,CLO,00,HG,13.206,42.829399,1456.0,0.0,766.0,False,39.57599475924167,0.6013895394864005,0.1252477,CRETACEOUS,-122.22036669733258,3,60.67597961425781,0.4594302176578282,0.4594214985610346,0.4641379085770107,0.4656766041135063,0.46731550375371,0.4746064635318636,0.4750706746834064,0.4748635318199457,0.4986478920237136,0.5050810945165233,0.5035906076028712,0.5021306047284102,0.507938458249156,0.5130690150028762,0.5087544945119103,0.5034459136329428,0.511653515794771,0.5265434223887921,0.5515246478268244,0.5837350342780379,0.5870366064572184,0.5671526821982348,0.5854186865926901,0.5892723125120833,0.6376764373002622,0.6570613660691371,0.6865413708159808,0.6778907674558282,0.6998971619556376,0.7653396438513234,0.7581030342702306,0.7527343853197025,0.7782218375028342,0.8189082861807715,0.7853711958445913,0.9195494046524753,0.9769349326620084,1.012310837838707,1.0395948799194137,1.1040678074211028,1.0219015006844012,1.0450034123951932,1.1215888461709187,1.3870406119206693,1.3492633353158083,1.3583355966850188,1.2348566583431404,1.3424807916501684,1.4247420821964862,1.5073422676472326,1.6593028018197138,1.4995378879590908,1.374488837668679,1.1826550116512462,1.0507369214482976,1.032883709139621,1.0220618126661931,1.0315781365769867,1.228749792806604,1.2472630878981814,1.1684527368733268,1.1361041426798724,1.086822233456339,0.9984414857774798,0.9874058820896242,0.9459646765502686,0.8913755054727175,0.86905155562861,0.9417127717597804,0.8243751115620009,0.619977451064567,0.5473824745702796,0.4900584753557782,0.4555387546800967,0.4425583019443789,0.3957357455241811,0.3539240762137838,0.3131157389554577,0.2920304034037674,0.2329515015126117,0.1704280083015112,0.1571385592491887,0.1447239808742153,0.1223201389798729,0.1045364489641455,0.0867380882729886,0.0767449128570523,0.0747770548125615,0.0716191534060155,0.0633989499312536,0.0582588349987438,0.0541077065023005,0.0499007311747071,0.0458538877668951,0.0422070169205023,0.0394207168068717,0.0334759952938471,0.0284174854826778,0.0244412390178436,0.0213882115139971,0.0186950963261486,0.0162841044202248,0.0142127782429158,0.0127349611171824,0.0114687479705915,0.0103413839998804
EMSC-20161030_0000029|IT.CNE.00.HG,EMSC-20161030_0000029,2016-10-30T06:40:18.000000Z,13.12324,42.83794,6.169,Spallarossa_et_al_2021,6.6,161.3,40.0,-90.0,23.99,9.0,0.87,6.7,9.1,0.0,1.8825455578929904,1.88813655458744,0.0,IT.CNE.00.HG,IT,CNE,00,HG,13.1528,42.894402,798.0,0.0,523.0,False,201.80863087129984,0.9305670058653468,0.1298348,CRETACEOUS,-124.37651859013852,3,30.022927284240723,0.3657878087967572,0.3658405386032584,0.3808177523337728,0.3947906748684103,0.4360308118790648,0.4543427704155179,0.4549800948169522,0.4639319398470524,0.4823678302917587,0.4899857017841612,0.5021199464466163,0.4708040915763736,0.4721687805114736,0.4820031990595015,0.4902464041603496,0.5087447569321852,0.506405869742157,0.532749100928133,0.5377499879757142,0.5746443787422911,0.5881862993152429,0.5909729232567233,0.6762931483631858,0.691906464529312,0.6592763158085401,0.6233726671531369,0.6149507756466567,0.6505082489820594,0.7312275776805232,0.8870491071763742,0.9215910231610982,0.8730551424717504,0.8398097724401861,0.843246220493234,0.8467160593819483,0.80522327440878,0.7288071084650509,0.7263464507438082,0.7448572884366866,0.854324035501126,0.6794803323189236,0.6753696561519072,0.7069290091600797,0.8790593491046846,0.8668032843672202,0.8614108001488655,0.8849438475780469,0.7337761448390371,0.6570878119466087,0.675724149441118,0.7249007490858067,0.8449356634974255,0.948157738350736,1.0657838848075023,1.0232951451720345,0.9454287953653236,0.8398331061605602,0.8203421305419527,0.668275842263262,0.8270221041891792,1.0329478552216376,1.0452185850728355,0.9417930494815622,0.651401132067026,0.5201480890012428,0.4466737333633823,0.3907932451120808,0.3991740246591624,0.4363890738939124,0.3697354717073973,0.2520630728905438,0.2241525558612768,0.2079084748754772,0.1935723461289819,0.1797142749070583,0.1618651812436145,0.1468012636887632,0.1231567312336497,0.0997078725647323,0.0724340306024843,0.0565418868684017,0.0519299543791687,0.0491156281658382,0.0428702699384909,0.0358740074020179,0.0333384295709728,0.0315175289112487,0.030949704881751,0.0301646152340866,0.0281890203972225,0.0259538507617243,0.0235996418475862,0.0213244952731872,0.0192245085534643,0.0193950540678056,0.0190940003148108,0.0179019817070489,0.016284637006055,0.0159974499421216,0.014466542844309,0.0131030606532643,0.0112466835910606,0.0100458987329617,0.0091671963960951,0.0082686534153266,0.0074858290046848
EMSC-20161030_0000029|IT.CSC.00.HG,EMSC-20161030_0000029,2016-10-30T06:40:18.000000Z,13.12324,42.83794,6.169,Spallarossa_et_al_2021,6.6,161.3,40.0,-90.0,23.99,9.0,0.87,16.0,17.2,12.101471139494183,13.823407539060566,19.011251566504324,0.0,IT.CSC.00.HG,IT,CSC,00,HG,13.01228,42.719097,683.0,0.0,698.0,True,64.22499957470778,0.6688719424392442,0.07868505,CRETACEOUS,-140.82415881368212,3,13.62845230102539,0.1600638827187538,0.1600204854159777,0.1634039444815165,0.1644827666207792,0.1684813684570548,0.1795357423933879,0.1858348941906505,0.1932251276285076,0.1874917231357581,0.1887526462986774,0.1909397938323661,0.1952893130689815,0.2080560316207791,0.2187285559510488,0.2342130730513871,0.2477311191218047,0.2664860064253878,0.2978628335571516,0.3089060098971004,0.3365635365682433,0.3532472641326961,0.3603958131904025,0.3494481779175403,0.396480900982934,0.4521935272775512,0.4037612040328288,0.3909637081402005,0.3842442541918261,0.3876602898093747,0.3793411186801763,0.3803522590759633,0.4189579656413711,0.4433245710783063,0.4552431966151856,0.5362943576858196,0.5931595492681361,0.5225169018175482,0.4744679479450809,0.5060591976151675,0.4254409966089002,0.398914579192146,0.358707384837754,0.3445329388717473,0.3141845292398398,0.3323259648760882,0.3318570882537041,0.3357389467994187,0.335549820422941,0.3569804670693666,0.385627709157494,0.3708881705968644,0.3320245723872806,0.3263737795652767,0.2964521350257304,0.3080702271269155,0.3097944729464829,0.2642350394264894,0.2598289700986365,0.2001829146901666,0.1684051055331294,0.1584630889019037,0.146546615599644,0.1445943344751494,0.1528132030310838,0.1564035959322939,0.1502332000851079,0.1418638615479816,0.134905215515476,0.1112754128030826,0.0965232941427868,0.0957678295507234,0.0939616592352418,0.0818695717426049,0.0663061200854363,0.0557029745833447,0.0471634741703907,0.0428915984021963,0.0445157048581292,0.0438613434785697,0.0414957911109316,0.0428650611425575,0.0380756893470013,0.0338876336010889,0.0323929823854293,0.0320599263248396,0.0319408366242991,0.0341034321277522,0.0339586113351729,0.0336826036978153,0.0327630150955193,0.0311484471538793,0.0286679489455548,0.0269128240602997,0.0252516794892273,0.0234642865831204,0.0218960889697244,0.0186235292856597,0.0159559044716568,0.0130121415891888,0.0113504828235268,0.0094799026394156,0.0080727913905399,0.0070329417418369,0.0061188432944178,0.0053141173729175,0.0050093471035991
EMSC-20161030_0000029|IT.CTD.00.HG,EMSC-20161030_0000029,2016-10-30T06:40:18.000000Z,13.12324,42.83794,6.169,Spallarossa_et_al_2021,6.6,161.3,40.0,-90.0,23.99,9.0,0.87,52.0,52.3,38.45218824336503,39.00654244818501,35.88624244091521,25.226979278756826,IT.CTD.00.HG,IT,CTD,00,HG,12.947702,42.388366,484.0,0.0,407.0,True,347.01857601584504,1.239759880185546,0.08245648,CRETACEOUS,-150.0,3,4.7935309410095215,0.0640711132535663,0.0640745758847807,0.0644006563815148,0.064493451098086,0.0646458349044419,0.0649318060373602,0.0650581893900261,0.0652287315523281,0.0653085568359362,0.065473988627029,0.0663955570169857,0.0661950725111796,0.0661749220561671,0.0663795617552975,0.0666598270366053,0.0669992123935531,0.0677272935325585,0.0703085759495397,0.0715611330334117,0.0723878906137437,0.0721638011639695,0.073062420808586,0.0751144175172479,0.0766077166544888,0.0819223558526093,0.087360008404731,0.0986585799760439,0.0987842644156295,0.0927447210440026,0.0932037979033027,0.1035200692990257,0.1080491142541659,0.1147409521596603,0.1139146609312457,0.1258377886115189,0.1518754146830398,0.1615017533310566,0.1524984724656757,0.1601710787823728,0.2062157742689175,0.2365052024915156,0.2250326361021357,0.207014337769585,0.1990840209171632,0.1980408460848785,0.2031837208860149,0.1981758370706192,0.2064332478020636,0.200870715388708,0.1965989878483375,0.204300604114686,0.1934560540456085,0.1800744640053632,0.1792259609369938,0.1840702961869227,0.1721015760058855,0.1453430003576016,0.1180618247153943,0.1023973323394056,0.091408350794586,0.0697980097212355,0.0625381582639514,0.0584630499721518,0.0587426689366709,0.0563278068423528,0.0565460572046828,0.0535953676513959,0.0543987762493095,0.0576252901454203,0.0570395927254309,0.0454818408666728,0.0328630528501152,0.0316281992163121,0.0296798746570832,0.028529245860528,0.0242186079691645,0.0229368070104569,0.0189936122820976,0.0151564888973445,0.0138956316758446,0.0121871130208965,0.0119102359195512,0.0110268648554822,0.0092451243738502,0.0080350482850122,0.0078028756201935,0.0081039778441819,0.0083519008418393,0.0086056224898802,0.0090717473058882,0.0094147029686155,0.0092140334507946,0.0087887636412199,0.0083988410059264,0.0079770650525563,0.0075999049589295,0.0067849520834056,0.0061542513656098,0.0053107986034743,0.0043423237616879,0.0035123709465058,0.0032650910056494,0.0029929487196291,0.0026860226124566,0.0023841160749745,0.002111060658758
EMSC-20161030_0000029|IT.FOC.00.HG,EMSC-20161030_0000029,2016-10-30T06:40:18.000000Z,13.12324,42.83794,6.169,Spallarossa_et_al_2021,6.6,161.3,40.0,-90.0,23.99,9.0,0.87,27.9,28.6,21.66155340160005,22.64075715089475,16.90547240868804,19.209386817396705,IT.FOC.00.HG,IT,FOC,00,HG,12.896506,43.0263,821.0,0.0,422.0,False,328.0430426999672,1.1894772450611557,0.047864098,CRETACEOUS,150.0,3,11.2224760055542,0.3553065588584978,0.3550861723642091,0.3711743634634745,0.3846363852925618,0.3753405560039402,0.3912732250443673,0.4092883002656287,0.4233678479347727,0.4573562624418517,0.4722710577510846,0.5599085705998584,0.572983849618919,0.6430440191563003,0.6286306077710361,0.6619795656410343,0.7246096812155746,0.7811254203752223,0.8281169114688212,0.8797408676867895,0.906005495230864,0.9689290290568876,1.105337475596739,1.059238065595548,1.0132699038553603,1.087901918266042,1.1061243811820975,1.173549814254326,1.1123172498028084,1.151167103622165,1.1627640987438652,1.1408691931440282,0.9990842537295772,0.8026204857214219,0.6828606962922287,0.6819388319674083,0.7464809303386046,0.869589287442117,0.870294200799181,0.8905376828173374,0.8037108175937647,0.6922199039396012,0.6629692284816366,0.6392008962515358,0.8211353523298109,0.9875830763378504,1.0364489309352969,0.8590456789092911,0.6702532103248088,0.5442672613971614,0.4716634930606336,0.3441840086135704,0.2665606515170052,0.2348977409704293,0.1996458033844096,0.1997718878336975,0.2027998149482123,0.1758334746609502,0.1522846632421756,0.1229306383392302,0.1137742226386892,0.1039835089585363,0.0952694990532292,0.0964585299912009,0.100221411905332,0.0839959720862951,0.0595335731231338,0.0483626666581547,0.0396839927182331,0.0343518092754582,0.0366512004564963,0.0309790423149496,0.0251385232566299,0.0225019692580416,0.0235247628725004,0.0211752676048951,0.0226720129059623,0.0241854623048392,0.0213001003105433,0.0193907071895739,0.0164361038855609,0.0182260944765002,0.0168261520187464,0.0161180795729562,0.0143557324620787,0.0118782351227302,0.0104123860871564,0.008900259679038,0.008295193583187,0.0078716469541061,0.0078384852322027,0.0081772877797477,0.0083426148974037,0.0081812824266207,0.0078951759445151,0.0076952781875119,0.0074411511784618,0.006807281180938,0.006249938483744,0.0054855331848361,0.0047434500583274,0.0039595087065925,0.0032415240012614,0.0028154382154126,0.0025772533151503,0.0023304976895198,0.0020860663145048
EMSC-20161030_0000029|IT.FOPC.00.HG,EMSC-20161030_0000029,2016-10-30T06:40:18.000000Z,13.12324,42.83794,6.169,Spallarossa_et_al_2021,6.6,161.3,40.0,-90.0,23.99,9.0,0.87,37.3,37.8,32.597146624783164,33.246856736992164,33.8256779384543,18.365102594019604,IT.FOPC.00.HG,IT,FOPC,00,HG,12.7031,42.9697,300.0,0.0,350.0,False,413.1422895891879,1.4733290074111725,0.048480183,PLEISTOCENE,150.0,3,5.755255460739136,0.0971372583880023,0.0971720731564322,0.0983010269642933,0.0986713351320434,0.099155659758063,0.0998825113159998,0.1001761594760256,0.1002922282152396,0.1008648897769676,0.1020302110995842,0.1040730199406901,0.1069621119409012,0.1102549637162822,0.1112082423812789,0.1108823646839077,0.1082759485637948,0.1086090270126844,0.1308854316603039,0.1349155075008666,0.1396243504398052,0.1394113017392858,0.1327891927948697,0.1409323159118296,0.1405723432570057,0.1615351099764619,0.1868603608641314,0.190002457150777,0.2038827042959733,0.2105290011492457,0.2578986227518113,0.2715310518163624,0.3013664045131172,0.3191206334086512,0.2948027554253952,0.2283597302975304,0.2079527474633007,0.2166399268671418,0.218248307523118,0.2271744140141538,0.2254047926339632,0.2559177051077998,0.2336517266249848,0.2110131150280867,0.208378635786766,0.1819828485402967,0.1619013251828886,0.159958085466626,0.1720194370806073,0.1754932542973031,0.1927245744004684,0.2165760032678295,0.2165189135073245,0.2322966225157393,0.2159338705727615,0.2032784659461565,0.1858940293327605,0.1591454352118252,0.1418125752354739,0.1281473628916627,0.1183854535370478,0.0783887293306987,0.0676285574911851,0.0607630782435878,0.06009667295842,0.0510749738948779,0.052143622052603,0.062177857497933,0.068102964008912,0.0716775426061339,0.0788959193355103,0.0847028617353214,0.0632775470244659,0.040633569669267,0.0303287150960548,0.0297725232126239,0.0333609265197528,0.0334669744510129,0.0284175663994848,0.0251315259414874,0.0246565833789516,0.0214084306105528,0.0191455899640449,0.0171308912839514,0.0149680028149212,0.012704153759083,0.0096784806677694,0.0078197580310649,0.0076394431073224,0.0073024399271901,0.0079477436411496,0.0087721998017212,0.0090039034893041,0.0086495927421989,0.0085966478045099,0.0085935048905577,0.0082808303657318,0.0074228628735844,0.0067912307511714,0.0057086362352342,0.0050246314859029,0.0045150330249113,0.0038904066943498,0.0033103701276916,0.0029307538813382,0.0025679295707724,0.0022439631155744
EMSC-20161030_0000029|IT.FOS.00.HG,EMSC-20161030_0000029,2016-10-30T06:40:18.000000Z,13.12324,42.83794,6.169,Spallarossa_et_al_2021,6.6,161.3,40.0,-90.0,23.99,9.0,0.87,30.6,31.2,24.77021802252076,25.62782658477373,22.04779053879036,19.59430509990252,IT.FOS.00.HG,IT,FOS,00,HG,12.83513,43.01459,954.0,0.0,565.0,True,157.30650528415026,0.8518637894837924,0.06643772,CRETACEOUS,150.0,3,7.149918794631958,0.1029712616922314,0.103018400853965,0.1047501913660016,0.1051741676909344,0.1070870136399916,0.1093942043538879,0.1092806424248937,0.1098902227496409,0.1090240633560723,0.1118853911020279,0.1270399873609061,0.1272006011636921,0.1292232219580928,0.1328937511646164,0.1316754390352357,0.1304908433559122,0.1346552075178878,0.141662306280038,0.1619687424433812,0.1737802364212404,0.1789799019103201,0.205624171045357,0.2106159820190682,0.1912898509817069,0.2182042691108999,0.2103908079599564,0.2125156132973236,0.2192591377594761,0.2635781410589162,0.2908677190288321,0.2435714733210872,0.2376216846813271,0.262534160220253,0.2934405785523887,0.2346663659572656,0.222196059301839,0.2238060277219518,0.2561031931668306,0.2640678921381,0.284688669609895,0.3078496644630299,0.2791143572428963,0.2665674711722497,0.2449612388698256,0.2369581262802862,0.2271886264790656,0.2083217134481202,0.2217242374890892,0.2180233607014796,0.2100751493255176,0.2084259363399557,0.2140171154182761,0.2004632372169157,0.1830374672519873,0.1760128039264121,0.1656884403671863,0.1814778382817878,0.2160119907231051,0.2143319131076048,0.1534011278993189,0.148780637222655,0.1561076320083027,0.1594052504836579,0.1641366423431932,0.1430363323922185,0.1140888272597507,0.0810709515879299,0.0606869799146704,0.0497095565682696,0.0440298683135552,0.0390179073849186,0.0321021097808147,0.028473462561901,0.0275931767104457,0.0275261294151626,0.0244863261017837,0.0231434922628626,0.0225726126539962,0.0216492686497634,0.0208346871508998,0.0223174075006828,0.02180725764572,0.0205550734590983,0.0164387531836029,0.0129275463028852,0.0107896579684019,0.0093926641176146,0.0088688154873711,0.0084689485208539,0.0078213024062353,0.0071013256832815,0.0065155268042359,0.0064026041988111,0.0068248326344798,0.0067429341139626,0.0067029149876975,0.0065142276474275,0.0058028513181296,0.0051118088868203,0.004529505840132,0.0040334857795673,0.0034575055348546,0.0029467749121126,0.0025111281920629,0.0021452068042838,0.0019728926895042
EMSC-20161030_0000029|IT.GSA.00.HG,EMSC-20161030_0000029,2016-10-30T06:40:18.000000Z,13.12324,42.83794,6.169,Spallarossa_et_al_2021,6.6,161.3,40.0,-90.0,23.99,9.0,0.87,56.6,56.9,38.13970515876468,38.15384546922797,-9.734179433567002,36.88746942888236,IT.GSA.00.HG,IT,GSA,00,HG,13.519362,42.420689,1062.0,0.0,492.0,True,238.6641381957344,0.9979424679598148,0.085941836,CRETACEOUS,-110.11021354487998,3,3.991686940193176,0.0593491414743817,0.0593911521438476,0.0608670782481168,0.0612666644956997,0.0618704287019853,0.0626854093076626,0.0627795334241609,0.0638665545291691,0.0654807331310429,0.0659319020690284,0.0711695664693544,0.0725027980718652,0.0742216491718668,0.0743150822092589,0.0794630571235069,0.0833234565608707,0.0927331721343854,0.1037242572407829,0.1078042110425075,0.1177188835044028,0.1256324765210592,0.1307997662705577,0.1436810773491572,0.176143390252415,0.1898465797346417,0.1859417633932797,0.1775508849938744,0.1564162293890749,0.1417422869996722,0.1243370228928696,0.1235783545635502,0.1230534194058272,0.1437381709647364,0.1713874011074249,0.1614593344537884,0.1780178021587865,0.1548176421382503,0.155747172281552,0.1514057513391878,0.1391628814617229,0.1284676872204361,0.1361633574608142,0.1608548129178483,0.1623925892396429,0.1619019600936315,0.1573707425892933,0.1412227607502723,0.1287495944333037,0.1336322090494789,0.1374125833996499,0.1220935656289662,0.0927151289074215,0.0713417925978162,0.0588704546594116,0.0507182739324556,0.047276556398871,0.0453172710305371,0.0437413713382166,0.0500490878177628,0.0423945186250848,0.0375525458696494,0.0375946537781589,0.0379654434182922,0.0443807662914628,0.0389049370133938,0.0381215200128116,0.0401935209088959,0.0388870058771016,0.0397328302805852,0.030350854542741,0.0294371125726411,0.0317602285585641,0.0353963724274546,0.0320044056075832,0.0287380547003684,0.0284300830418305,0.0251369192135496,0.0192267052307649,0.0169341805202421,0.0136158197387915,0.0158382003202132,0.0148507173671381,0.0136024107809813,0.0129647504180774,0.0145077237837461,0.0148538721405044,0.0146896241367125,0.0144551849175569,0.0140380004627834,0.0134345873582977,0.0129917771466214,0.0127042826244727,0.012757303945385,0.012139165914074,0.0113854432458722,0.0104424216922672,0.0086200513261219,0.0065862127439168,0.0051827824152885,0.0042393981838643,0.0034633992708599,0.0029101791191972,0.0025690419403181,0.0022871697022356,0.0020289054995812,0.0017923755887952
EMSC-20161030_0000029|IT.LSS.00.HG,EMSC-20161030_0000029,2016-10-30T06:40:18.000000Z,13.12324,42.83794,6.169,Spallarossa_et_al_2021,6.6,161.3,40.0,-90.0,23.99,9.0,0.87,33.5,34.1,22.68275429014606,23.628814320353744,28.14072102809907,7.919868600180202,IT.LSS.00.HG,IT,LSS,00,HG,12.968894,42.558243,1065.0,0.0,1091.0,True,4.486893456743965,0.4012749668506027,0.25341207,CRETACEOUS,-147.96228695171268,3,3.941727042198181,0.0506880614812397,0.0507301285783835,0.0532316969246911,0.0527699750272731,0.0542141916448731,0.0627533735539019,0.0625375502175696,0.0625059556883431,0.0626476766728222,0.0637787609938174,0.0692659886770352,0.0688738501420608,0.0725462288141298,0.0736697137900252,0.0735089597873237,0.0723060197549951,0.0737141607700592,0.0783381425124554,0.0816747315196684,0.085487707927252,0.098170732223276,0.1025291383525586,0.0940892208031644,0.1129031343460144,0.1147098551187554,0.1180673499237615,0.1161782849325839,0.1104854245991417,0.1208728251663401,0.1162867532155201,0.1143976482748109,0.1155420200498117,0.1172903292271915,0.1324324144344374,0.138807256841862,0.1497518066846176,0.1484631639889337,0.1483494248498887,0.1506931215260558,0.1726411851450437,0.1412080500618744,0.1156519747044849,0.1088692370319391,0.1129445453708788,0.1133805892343848,0.1123489143245516,0.1251259674658706,0.1279004003305323,0.1166411246369743,0.1046241293939475,0.0882753425497386,0.0957561424609763,0.0970953995080775,0.0940335429793411,0.0920699353947023,0.0941428032697338,0.100630671974,0.0901841347559725,0.0657731715894949,0.0774785296469954,0.0727669691839999,0.0684463416227594,0.0607674586278354,0.0527335838345011,0.0441503068989738,0.0387191434509065,0.0386618611049574,0.0350026621705047,0.0311202425223182,0.0301785528175731,0.034666779125987,0.0342894107174831,0.031724405743741,0.0314835763343375,0.0279190938568131,0.0246887840957489,0.0214020644830678,0.0180105698353861,0.0191465579141146,0.0175367481631498,0.0138513531920066,0.0121436021100544,0.011563872827593,0.0113953987345836,0.0137554822193705,0.0135942379915069,0.0124423969721496,0.0127695113067444,0.0126993294370955,0.0118369748872299,0.0101594495752758,0.0088735026549117,0.0077201109385091,0.0073188937771585,0.006851849696507,0.0065545146522485,0.005726271679191,0.0049892212677951,0.0042853086750913,0.0038766134599063,0.0035743700944123,0.0031799312034172,0.0027636182216996,0.0026439964216928,0.0024380451005225,0.0021313810952856
EMSC-20161030_0000029|IT.MCV.00.HG,EMSC-20161030_0000029,2016-10-30T06:40:18.000000Z,13.12324,42.83794,6.169,Spallarossa_et_al_2021,6.6,161.3,40.0,-90.0,23.99,9.0,0.87,19.9,20.9,13.365868200742614,14.7996223383973,10.023655286699686,12.994388891000924,IT.MCV.00.HG,IT,MCV,00,HG,13.0013,42.993401,709.0,0.0,576.0,False,146.84688336486872,0.8332786625916256,0.037770804,CRETACEOUS,141.95205182765272,3,10.734975814819336,0.3231510957975981,0.3229667838490408,0.3860288311797426,0.4014121714856278,0.3910232117295534,0.4334020529121752,0.4354282639703785,0.4730151048247381,0.4999924076509068,0.5117457363512158,0.5471439062833318,0.5577548729367068,0.4994212469559095,0.4597753596178171,0.4547862973857611,0.4792587779494516,0.53187467265738,0.6149689464183529,0.8018989879315392,0.7824290366414358,0.8156875589957956,0.8094265469387,0.790586037889446,0.7089764222072531,0.6858368906981657,0.705075479935013,0.6991011223360033,0.7487473773302371,1.1855063956376457,1.1954877478595507,0.951028048685888,0.8600221640466348,0.7631587817241319,0.7702582094108097,0.8555789324135957,0.9187529475554614,0.932035642527292,0.9303332939869542,0.80991948398441,0.5558791383674173,0.4497467572518261,0.4603535667504348,0.422409879558537,0.3837801508935154,0.3968238513395874,0.4143171934944053,0.4118418092243169,0.3370456887732509,0.3384510337613467,0.3458879512665492,0.3500906590553248,0.3300941054441345,0.2683684221262896,0.2194689212529781,0.2119620978495965,0.2095495587077162,0.2115828107310645,0.2145022111966719,0.1232786250053281,0.0942971580698022,0.083113858514514,0.0760994306906474,0.066365604015626,0.0680244116749663,0.0701144349657587,0.0572747562355796,0.0492258092155841,0.0430132042006134,0.0430288953091984,0.0450338536933499,0.0433796517518185,0.0348336577486962,0.0306201425631395,0.0307711073210571,0.0320706566089532,0.0326092806486287,0.0305767306443505,0.0274945656100413,0.0238413753689883,0.0161901624359733,0.0161766332059742,0.015606758360958,0.0147352750589667,0.0142265734991631,0.0141768566506628,0.0124032290790727,0.0099233710665746,0.0096686811847718,0.0093762100526874,0.0087051856968825,0.0080246995792572,0.0074374783105822,0.0075169915048146,0.0078874815504086,0.0081173043585982,0.0081684278362058,0.0074520687382011,0.0065218652179493,0.0054535870696311,0.0046716220996326,0.0038719785372011,0.0032178242389773,0.0028573475369913,0.0025786822907275,0.0023053694664945,0.0020410390787587
EMSC-20161030_0000029|IT.MMO.00.HG,EMSC-20161030_0000029,2016-10-30T06:40:18.000000Z,13.12324,42.83794,6.169,Spallarossa_et_al_2021,6.6,161.3,40.0,-90.0,23.99,9.0,0.87,18.0,19.0,11.715514564480614,11.74755410956212,-11.715514564480614,0.0,IT.MMO.00.HG,IT,MMO,00,HG,13.3268,42.8993,1030.0,0.0,891.0,False,16.441239995212076,0.5058869644694474,0.044381924,CENOZOIC,-110.60743122079433,2,10.278587818145752,0.1939665215889656,0.1939338849905949,0.2030987274965499,0.206276604392939,0.2069234587013635,0.2315879442182531,0.2465450144230431,0.2586019934017749,0.2920357501173971,0.3005478777293401,0.3143823286411757,0.358446046243585,0.3595230000378557,0.3542002980182179,0.3517119881769142,0.3833383700033881,0.3920509764770962,0.4332888712031542,0.423152059036362,0.424008200404014,0.439588327868058,0.4650752289553239,0.4702186595814756,0.4546506876902398,0.4876862729259806,0.5264731776520797,0.5069559130367505,0.519644136616092,0.4758501388636255,0.453039316288241,0.4891646812405654,0.4884966501845847,0.5641835737683628,0.5046094433175459,0.523415925397497,0.4531676082558485,0.4098654315472969,0.4154247417523121,0.4805842324828616,0.4591504739212291,0.5032639920712614,0.5686411116540844,0.5860430650727857,0.5616537127607893,0.532532285680553,0.5007158374638943,0.4584125657414491,0.3548254040136017,0.3480339027501195,0.3385982641290788,0.3028237720633556,0.2657802242055257,0.2896142039491358,0.2852925926052576,0.2712000010671402,0.2538527694646491,0.2391781660386924,0.2309792686213583,0.2583483805855498,0.2270782124062353,0.1730841477255731,0.1653214291579038,0.1601283748872133,0.1496849186006441,0.1582661220331468,0.1603723780380954,0.1471690185371058,0.1249407620256261,0.0926948905045288,0.0673913224688607,0.0620453166430189,0.0542600814753005,0.0545511496141189,0.0441633604430444,0.0423356049796307,0.0423084589714274,0.0371368385518347,0.0357407278294144,0.0376429843719379,0.0352622327931946,0.0316361257888533,0.0258062636356038,0.0262312665784508,0.0272951081266637,0.0268783595267744,0.0254242382055838,0.0274874283378149,0.028256823214084,0.0286511006667453,0.0274845967872939,0.0265481228460515,0.0256059421873215,0.0242628294044702,0.022498805708408,0.0215637373553754,0.0205990134063152,0.0181274397123537,0.0145629490989542,0.0128407849822187,0.0114865565343783,0.0102613852301643,0.0089779889644358,0.0077960756871326,0.006854204271146,0.0060018623329852,0.0052915607697263
EMSC-20161030_0000029|IT.MNF.00.HG,EMSC-20161030_0000029,2016-10-30T06:40:18.000000Z,13.12324,42.83794,6.169,Spallarossa_et_al_2021,6.6,161.3,40.0,-90.0,23.99,9.0,0.87,25.1,25.9,16.497808969079824,16.519607537968213,-6.444509763129334,15.187033596223584,IT.MNF.00.HG,IT,MNF,00,HG,13.184466,43.059684,644.0,0.0,1062.0,True,5.363666280872532,0.4138349207351089,0.05059139,CRETACEOUS,87.16497824875795,2,6.577031373977661,0.1226662698445339,0.1226867912460305,0.1260716755266513,0.1265292153907213,0.1289708481232787,0.1341032210181058,0.135915376903956,0.1336718338585315,0.1313504327190701,0.1296880757434848,0.1362308750961254,0.14234542720186,0.1554407730055045,0.16034278751733,0.1580103221587812,0.155593854065622,0.1552085573340971,0.1776145901130028,0.1523097421340626,0.19033264175235,0.2044321578702717,0.2055256712720413,0.2073232451716702,0.1917330163734936,0.189831794895894,0.1899802984299716,0.1935138888117581,0.2096502340468429,0.2425731377871994,0.2265744100057183,0.251813283338291,0.2448398292219276,0.272338321517456,0.3287986794315596,0.3565437738058526,0.3476790825581065,0.3425303406908039,0.3788680974234573,0.4126818755897771,0.3508758668070976,0.3308610941399144,0.3186735440916752,0.3031190503864281,0.314381203487271,0.2949004271263519,0.2983553438901165,0.2601772681150864,0.2454781179402087,0.2320688923203591,0.2372729517831962,0.2115623937631725,0.1747812122156012,0.158439692049659,0.1517175984349054,0.1627324734725762,0.1773486604461577,0.1860180490730699,0.1741722452631381,0.1309773167594624,0.1085307378287828,0.0886795244019223,0.0821531436874481,0.0777617314958183,0.0832150715326298,0.0653538409836552,0.0488317647922934,0.0416655822549591,0.0378521023874778,0.0387533428508668,0.0407346860139209,0.0372470088004453,0.0282817437043699,0.0261258732018975,0.0269548915768695,0.0258307810584407,0.0248488210227114,0.0237573558215274,0.0220351977622497,0.0213463663439621,0.0185429980424506,0.014620933034488,0.012539455224567,0.0118868039251321,0.0113235945245586,0.0110539444284752,0.0109465368367306,0.0107685509464964,0.0106971887652433,0.0106464239404738,0.0106628547104344,0.0105743625324456,0.0102870414104466,0.0098364376045848,0.0095751662002292,0.0091856539464255,0.0087610899128757,0.0081288001605815,0.0070805057175619,0.0061669735685453,0.0056066440007928,0.0048880505322631,0.0041611806434279,0.0035004271972723,0.0030512659742072,0.0025826195010123,0.0022672577750617
EMSC-20161030_0000029|IT.MSC.00.HG,EMSC-20161030_0000029,2016-10-30T06:40:18.000000Z,13.12324,42.83794,6.169,Spallarossa_et_al_2021,6.6,161.3,40.0,-90.0,23.99,9.0,0.87,39.3,39.8,21.305927810302418,21.329280679147463,-0.374592268064015,21.30304960531129,IT.MSC.00.HG,IT,MSC,00,HG,13.350837,42.52676,1335.0,0.0,652.0,True,88.62388156873384,0.723126592460474,0.10637969,CENOZOIC,-120.15677104248432,3,8.861555576324463,0.0933023802763044,0.0933085568724924,0.0943194065528266,0.0946526638702244,0.0952430442129676,0.0968148731621836,0.0974575855958061,0.0986513366254481,0.1061186653686238,0.1067934337065746,0.0977601931337258,0.103154496041903,0.1035428986737382,0.1027772500934374,0.1022460955047055,0.1018568843497707,0.1053329153687302,0.109038690248257,0.1289347605264253,0.1313612389158684,0.1257808077851731,0.1287598355321702,0.1165389684285419,0.1209412615700478,0.1376133133506934,0.1399979001454634,0.1394175749605193,0.1445241714601166,0.1377960627918459,0.1557019820824134,0.1616580728143032,0.1612034254282834,0.1583757244084559,0.1931142297986099,0.1986437448049662,0.2269769266398574,0.243064024694439,0.1959945315694095,0.2003303429346106,0.2297574413893372,0.188305410991205,0.19703507728591,0.2201818473874857,0.25282137475864,0.243427403136249,0.2254999216666311,0.2428480824351534,0.2073757358054671,0.2108228058954462,0.2139568748956583,0.197751562282344,0.1672060058121,0.1603147545943056,0.1702436428809071,0.1792962121107462,0.1862466441773233,0.1849138972111745,0.1660401974263429,0.1338063314646207,0.1560002381100225,0.1712227483890525,0.1713424905509911,0.1786660415702537,0.1687259288996103,0.1501696156123953,0.1282009913756898,0.1159654490238153,0.1170096792555264,0.1063971578046914,0.1072349914190022,0.1101673330806442,0.1084842630411244,0.1089113233303503,0.1049761262496475,0.0967481190967045,0.0765963470342175,0.0639967833764445,0.061293750125867,0.0546023428507914,0.0591396042119203,0.0460103866295116,0.0370526442687143,0.0309855524781077,0.0324689694982177,0.032784177864244,0.0327355911661166,0.0320756819070656,0.0306524866662972,0.0285669738365328,0.0240904631668708,0.020417037712069,0.0165100606294384,0.014363844345995,0.0124001488789271,0.0109127225623762,0.0097914398780195,0.0081181020637551,0.0065055805389468,0.0056247313899464,0.0051682227702025,0.0044909560487638,0.0037342968137145,0.0030337765373166,0.0024489349674018,0.0020423328835971,0.0017755751679479
EMSC-20161030_0000029|IT.MSCT.00.HG,EMSC-20161030_0000029,2016-10-30T06:40:18.000000Z,13.12324,42.83794,6.169,Spallarossa_et_al_2021,6.6,161.3,40.0,-90.0,23.99,9.0,0.87,39.3,39.8,21.31404892626448,21.33739446975583,-0.3773250441601186,21.311126823626825,IT.MSCT.00.HG,IT,MSCT,00,HG,13.3509,42.526699,1382.0,0.0,652.0,True,88.62388156873384,0.723126592460474,0.10637969,CENOZOIC,-120.15367971190824,3,8.948825359344482,0.0974175301960974,0.0974025629778079,0.0984779962938212,0.0988358274373328,0.0995335913908074,0.1012019892191407,0.1017650874175222,0.1028419220975173,0.1121470429707712,0.1124895538661971,0.1023531039952531,0.1080024854206035,0.108645520684269,0.1076804665789246,0.1070789452107252,0.1066559975167264,0.1102221546472738,0.1148012935264749,0.1358503029048116,0.1374969364927099,0.1318689448946143,0.1350796556263871,0.1223893064178761,0.1262721564515479,0.1430729444568635,0.1476219661095424,0.1464811256158427,0.151374277401672,0.1437851136292655,0.1624241429816718,0.1679441558962784,0.1672139819733652,0.1639242121736204,0.2006613968086944,0.2060938955954019,0.2356692420761277,0.2525419300625212,0.2038414155106025,0.2093224996011666,0.2392889240536994,0.1964315430124315,0.2053726784473543,0.2295051419561246,0.2635234808619937,0.2537378436136915,0.234830488638443,0.2524080590825642,0.2167926997145603,0.2202604687318625,0.2234559750289302,0.2063311352536246,0.1744283514727747,0.1669550091073728,0.1769897009232358,0.1862863378609038,0.193471290015868,0.1918558630190983,0.1721266884428784,0.138307904100625,0.1624392998853374,0.1773905741679375,0.1774622361760748,0.1842062953582217,0.1730573467893409,0.1559478815404155,0.1333272586780801,0.120640919543446,0.1216326705387887,0.1105204474439928,0.1108946616707709,0.1132699499456958,0.1112729493048195,0.112194127517531,0.1079351293621524,0.1002025666946933,0.0795310344035113,0.0658825751157633,0.0632946266878581,0.056554340687728,0.0605138460587646,0.0469127031183523,0.0377418371072222,0.0315627464435744,0.0329220374591721,0.0327450145266889,0.0323090446176471,0.031539743936295,0.0300212273472654,0.0278094670629139,0.0235049539761152,0.0197588267086988,0.0157031853678992,0.0135323695384476,0.0115637372122091,0.0100600491633317,0.008861831699185,0.0069755874661201,0.0054542040396154,0.0045862980416803,0.0040473276968986,0.0034002568485827,0.0027808941109408,0.0022592892233985,0.0018505776293052,0.0015408675376059,0.0013079267366483
EMSC-20161030_0000029|IT.MTL.00.HG,EMSC-20161030_0000029,2016-10-30T06:40:18.000000Z,13.12324,42.83794,6.169,Spallarossa_et_al_2021,6.6,161.3,40.0,-90.0,23.99,9.0,0.87,46.7,47.1,39.75636376467044,39.76428493754496,0.3065495162092306,39.75636376467044,IT.MTL.00.HG,IT,MTL,00,HG,13.0083,43.2494,376.0,0.0,579.0,True,144.08432739044315,0.8283412810442575,0.025533352,CENOZOIC,150.0,2,4.851182460784912,0.0982491382066095,0.0982226148721709,0.1000788279373095,0.1009395449534489,0.1017491324636078,0.1029027680213351,0.1038732344041066,0.1043578954161722,0.1065601574393582,0.1073819994304938,0.1145178007340095,0.1169302649164812,0.1223904201023842,0.1266088510326505,0.1304963880566275,0.1361376562628493,0.1283766373939803,0.1460691511023799,0.1877792840780537,0.2140457445616021,0.222018256871628,0.2047721648111641,0.1709460120168621,0.2039554121996662,0.2026190854539014,0.2123715637217696,0.2354239506995759,0.2478004706423019,0.2330449756643917,0.2430659791936956,0.2622202957339181,0.2819626056333078,0.2995629277215532,0.3393347228168906,0.4086536958674394,0.40402615046606,0.3564396296508251,0.2982747925733862,0.2967456622794723,0.2503270028626038,0.2217330862014227,0.2351628259311974,0.2313631641756732,0.2285187179025494,0.2091231431083316,0.1892283333669452,0.1829754251310131,0.1760100434580034,0.1810288038655609,0.1825734309285812,0.153794479493306,0.1462596349448604,0.1541857371034473,0.159255110296725,0.1548437289692235,0.1548949338750492,0.1509618219942732,0.1541321116441212,0.1093955798411971,0.1029050069161052,0.0773387949660409,0.0798439519027564,0.0909440406397216,0.1100678126633877,0.0912045498198883,0.0748447149579232,0.0562361406060646,0.0527242082563602,0.0570128782690549,0.0400453298502022,0.0304672512504301,0.0276818007368347,0.0281053545519028,0.0260907271701207,0.028625038713812,0.0271438993248507,0.0233374984287373,0.0221733497836237,0.0225586024770506,0.0144700386210323,0.0116659697355629,0.0113799883845189,0.0108191451688448,0.010395192246344,0.0085107577202213,0.0077523720128345,0.0081442715975005,0.0084692708935085,0.0087189010043245,0.0082302827546273,0.0075268805702875,0.0067239884265517,0.0060568258582451,0.0055559003424023,0.0047237200997716,0.0039435926855821,0.0027242267189116,0.0021534947291425,0.0017677159785196,0.0014072146239574,0.0012835350352394,0.0012451901765507,0.0011021311336892,0.0010313972165295,0.0009481657941461,0.0008591815896047
EMSC-20161030_0000029|IT.NCR.00.HG,EMSC-20161030_0000029,2016-10-30T06:40:18.000000Z,13.12324,42.83794,6.169,Spallarossa_et_al_2021,6.6,161.3,40.0,-90.0,23.99,9.0,0.87,41.1,41.5,34.78827649146178,35.39168450979356,22.43952514445164,31.121855187580813,IT.NCR.00.HG,IT,NCR,00,HG,12.7845,43.1115,492.0,0.0,555.0,True,167.26006186908847,0.8694455910546944,0.024523223,CRETACEOUS,150.0,3,5.50464653968811,0.2016895306617711,0.2015862114928502,0.2061942860162551,0.2078485726570894,0.212587371800333,0.2368684959204623,0.2393572296807171,0.2587243448981229,0.2436419095072286,0.2582240957760957,0.3141669743703564,0.291261202841005,0.3044024320276018,0.3075109536709245,0.3102942429423487,0.3111106362490893,0.292648343053411,0.2995667754038361,0.3129117725261431,0.3049519132323947,0.3093369549695657,0.3277851028540021,0.3362822023356872,0.34236232287327,0.4194949766005595,0.4836057001601748,0.5914273268988074,0.5806994323970917,0.6045629159413763,0.6407390192972278,0.8484805660010327,0.8615715889433604,0.8275327709079084,0.970765876235545,0.9007284243327076,0.722667073203382,0.6786141560452771,0.5866219129151479,0.5228800682897394,0.4294162128446941,0.3788895164610195,0.3573582121450714,0.304586623055467,0.2337097711406011,0.2174346417119919,0.1812048776332309,0.1354676095692355,0.1557077540054161,0.1364270323937251,0.1263047409941336,0.1298315018498363,0.1266914177437195,0.1201530222689746,0.1180688262808546,0.116708989111627,0.1114242280482204,0.0945950447358984,0.0860953652184319,0.0616142640961123,0.0696193910685429,0.0682409809988493,0.0643565202643461,0.0535824686160562,0.0475151344469646,0.0359073044377031,0.0260370577384744,0.0227851317869712,0.0202273840147776,0.0206666876163477,0.0171075355919627,0.0134509832311546,0.0118540773928065,0.0137326549005953,0.0145650464146393,0.0123610306981728,0.0123546446389697,0.0137241697626448,0.0120651043936334,0.0103492711943157,0.010998455253703,0.0112224865437626,0.011137567089304,0.012271595129571,0.0112667148007902,0.0101487894928544,0.0087566744538242,0.0076695995508258,0.0073699550486605,0.0070065900904287,0.0061895822967682,0.0060510863324961,0.0060568365806703,0.0056094231726446,0.0053458049963161,0.0051461700534875,0.0048814619862548,0.0043272050075218,0.0039622197006525,0.0037679976473998,0.0033992693199442,0.0031989995578074,0.0028527141850988,0.0024612643972378,0.002125157492857,0.001781139544074,0.0015391390053955
EMSC-20161030_0000029|IT.NOR.00.HG,EMSC-20161030_0000029,2016-10-30T06:40:18.000000Z,13.12324,42.83794,6.169,Spallarossa_et_al_2021,6.6,161.3,40.0,-90.0,23.99,9.0,0.87,5.7,8.4,3.289630248332771,7.227385083504661,10.194075254968652,0.0,IT.NOR.00.HG,IT,NOR,00,HG,13.0924,42.7924,661.0,0.0,423.0,True,326.7652372603306,1.186260861626447,0.077045344,PLEISTOCENE,-132.26602229204508,3,48.71979522705078,0.3371311162907074,0.3371562948906398,0.3434226224984794,0.3422171546147372,0.3414572590594226,0.3464332782876611,0.3487242620098415,0.3537246400985747,0.360078082812159,0.3574557437172259,0.3669934527711228,0.3624891708781225,0.35933743295038,0.3643852960531699,0.3693473741453544,0.3678312868958637,0.3615607151326088,0.3668568754875743,0.3624356146815099,0.400111303054873,0.4031382462154527,0.4054608935688388,0.4084734652801442,0.4196753580542403,0.4365164353308636,0.3967396006002739,0.4098128058262825,0.4645044183736885,0.4519446374945935,0.5227528723820155,0.5950996049565157,0.5999437538183544,0.6592143818381111,0.7434221925903193,0.6503240627449075,0.6212104606783151,0.622054381010777,0.6315091727143932,0.6659910249586988,0.6607552485374774,0.6159214599488038,0.6269589084691994,0.6268409490700991,0.6086998996726632,0.6194692365441792,0.6538669092767136,0.6628049991003592,0.6578472419356073,0.6439018136966509,0.6441010886882056,0.6914400546234786,0.6674566263339339,0.7006452975486122,0.6678424273447559,0.6349357177670999,0.5847957983903098,0.5960968202527201,0.676026231380951,0.699061383235635,0.7343349761683746,0.6840639895491583,0.6962802374949484,0.7476144880197791,0.776443126870921,0.7985962821943461,0.9899580295523144,1.051665681027882,0.9465408195221338,0.8901448103414588,0.7877823108210804,0.668862143062647,0.7459755565150336,0.6835934296220297,0.5215521708468315,0.4389899177001899,0.4397756457428151,0.3622333429999381,0.2989397361118755,0.2536489649473146,0.2254317443078002,0.1955698457316123,0.1853115766768344,0.1691899938601603,0.1437166833220076,0.1134898875604718,0.1005441270992584,0.0851252036834657,0.0767155237057724,0.0724517235290499,0.0635034263819658,0.0551753951244156,0.0529273479409685,0.0499077232012347,0.0485075491588132,0.0440103514346331,0.0421359461115452,0.0383935395773121,0.0358866499977486,0.0308020711153252,0.0253170922842284,0.0205508426885689,0.0174166800061053,0.0157229096705332,0.0147816744884379,0.0132657240104409,0.011744828781199
EMSC-20161030_0000029|IT.NRC.00.HG,EMSC-20161030_0000029,2016-10-30T06:40:18.000000Z,13.12324,42.83794,6.169,Spallarossa_et_al_2021,6.6,161.3,40.0,-90.0,23.99,9.0,0.87,5.5,8.3,2.969571740801777,7.021909291149486,9.874103896750816,0.0,IT.NRC.00.HG,IT,NRC,00,HG,13.096475,42.792543,616.0,0.0,498.0,True,231.3142421238153,0.9841996677676552,0.077045344,PLEISTOCENE,-131.94223636418437,3,41.59253883361816,0.3768007781281149,0.3768603213376704,0.3789450594908907,0.3832219477983549,0.3920344809998751,0.414080286917318,0.422558949145041,0.416051665990188,0.4128726411643055,0.4089591524861466,0.4018079156040244,0.4036524963786033,0.4087648864882364,0.4174361930468007,0.4239549841814482,0.4335189696177131,0.4439142913378284,0.4363773670026344,0.4402667781273925,0.4818727347619453,0.4969671500504021,0.4917653792073126,0.509254895193223,0.4917576098997335,0.500961966526509,0.5380068697266771,0.5529649727819683,0.5821698159757013,0.6666940643582315,0.5969190783103957,0.6798526555136334,0.6541322635046518,0.7261881304636951,0.8649468864186614,0.9639258402582948,1.0981013886559987,1.2077502304493155,1.3130456008212452,1.365552641945626,1.5389863336708816,1.5209580673666354,1.6049145467690644,1.685887048838378,1.5470051096241393,1.5067333801739449,1.470756400251077,1.2317733122942651,0.9693359637081692,0.9085385590183576,0.8885339811171432,0.8903586426939751,0.8729471117706499,0.93381924907863,0.932532125536902,0.9162647159614437,0.9156357997588608,0.9522511200639556,0.8435345060256457,0.7808397986564642,0.7706194866663946,0.7989309548987141,0.8176863173785899,0.7377607463450746,0.6775584100203111,0.6843833807434602,0.8031481997494093,0.7835992721120361,0.7288877372511424,0.6144849702760217,0.6196609039494295,0.4671520896348251,0.5009242054763723,0.5165753479169767,0.4111020677715062,0.3144013744462615,0.2785121783456949,0.2325310768723726,0.1955645596490886,0.1715016776939898,0.1550164537198035,0.1413387055655608,0.1352841346065546,0.1272209680968983,0.106366890718558,0.0955041685883172,0.0837770639129225,0.0717338175553234,0.0668173900128148,0.0619548321137375,0.0524569724556858,0.0466137198485558,0.0448023534736538,0.0441066840758932,0.043760383530678,0.0410178048452575,0.0386555928084299,0.0336114190981394,0.0286403528594819,0.0239167361815566,0.0191852774635982,0.015240664308343,0.0129837832418142,0.0117708894403201,0.0106351156224239,0.0095609046676637,0.0085712345888689
EMSC-20161030_0000029|IT.PCB.00.HG,EMSC-20161030_0000029,2016-10-30T06:40:18.000000Z,13.12324,42.83794,6.169,Spallarossa_et_al_2021,6.6,161.3,40.0,-90.0,23.99,9.0,0.87,35.7,36.3,17.678931362413664,17.706166666682897,-0.4846297941459005,17.67282349233058,IT.PCB.00.HG,IT,PCB,00,HG,13.33799,42.558022,1315.0,0.0,799.0,False,31.29142799416116,0.5730599620352455,0.056127455,HOLOCENE,-120.20918629936556,3,9.147284507751465,0.2021334236973842,0.2022456026496461,0.2069410445438907,0.2083233766504506,0.2093662814292038,0.2096628617279617,0.2072095635855451,0.2127749757305592,0.2263478621950612,0.2311177821662758,0.2376471669839303,0.2410633788493667,0.2587774554932,0.2589378557806432,0.2635099480812282,0.2836149068280206,0.3151234153918322,0.3698986253086706,0.3200588108288194,0.349058870996495,0.3617013101685387,0.4029331008888445,0.3968708632143537,0.4486184318730077,0.4439258166762717,0.4305470805900244,0.4826735449548681,0.5263257472408114,0.6321456153391904,0.6738190077583194,0.5824607406007858,0.5656996100337129,0.6124286440280097,0.7505845585480487,0.6878394347715228,0.5751725547002535,0.4829570738352715,0.3874633199934594,0.3816414947345197,0.3227012054934283,0.3076937779361398,0.2803653085971297,0.269330959834757,0.248307472735671,0.246361508554853,0.256254871322525,0.2774754322004146,0.2423113297620032,0.2290680975292419,0.239614954447822,0.2050881862762783,0.1708397451325345,0.1558978570162917,0.1758200515266911,0.1822137988351165,0.1802173884849532,0.1585841076901911,0.1480714575835398,0.1309438592637834,0.1307362354305092,0.1321878142277085,0.1382178824341481,0.1365819199902887,0.1271772167809945,0.1137337793090405,0.1158203735819823,0.1246746665817611,0.1244445159529951,0.1197035373715559,0.104998072909527,0.0965108034591301,0.0971306486523381,0.090751463455534,0.0811446081137539,0.071393132133081,0.0625800172607822,0.049584257645949,0.0485073912000874,0.0446626670661628,0.0429264304966474,0.0339934247297673,0.0299341303079194,0.0312669187694533,0.0288990392350003,0.0301359647774752,0.0300593442306423,0.0285128441157598,0.0273250230940998,0.0258341958090877,0.0218110897124493,0.0190105206717653,0.0159686918010627,0.0145830689786429,0.0134709144555348,0.0124941236090475,0.0115355156596401,0.0097767424637228,0.0085147053634335,0.0075721166255848,0.0065365606857007,0.005416593199073,0.0043329463167691,0.0036135460455284,0.0030551271744073,0.0025397185179292,0.0022731801701724
EMSC-20161030_0000029|IT.PRE.00.HG,EMSC-20161030_0000029,2016-10-30T06:40:18.000000Z,13.12324,42.83794,6.169,Spallarossa_et_al_2021,6.6,161.3,40.0,-90.0,23.99,9.0,0.87,8.7,10.6,4.747172709634435,8.148010763958988,11.63945812656386,0.1416792733455398,IT.PRE.00.HG,IT,PRE,00,HG,13.0334,42.879299,622.0,0.0,923.0,False,13.220804101443216,0.4858730786298122,0.08489171,CRETACEOUS,-134.18656777243314,3,13.86275053024292,0.2822072399233715,0.2824318135517906,0.2913884481357165,0.2955368395522233,0.2954159361241834,0.2990916917373726,0.3000965104927101,0.305670081391961,0.3452424986963106,0.3577804348358893,0.3737963432068189,0.3866418411293305,0.3908243703566872,0.3840933213723859,0.3800366641917527,0.4120585989080052,0.4219034370168829,0.4909900646752138,0.5541281387818777,0.65820867132138,0.7221987925586508,0.7369024819398214,0.6318975987880944,0.7224526247402824,0.6748203370960542,0.7234440471571267,0.8148478667225642,0.7557296908182607,0.7252612126680843,0.7388437449589687,0.8071674505230617,0.8231709130617586,0.8320786381324381,0.7050791932298841,0.6672153636951064,0.7559386354768695,0.8059327431118223,0.7502559137639777,0.7546142137009937,0.7329228223169766,0.6455480004646222,0.6950673784129147,0.740988502875216,0.5384474056807234,0.4792633874000493,0.442344774954638,0.3897216650135401,0.3472110287406635,0.3506312145989669,0.3206036578525345,0.2782620199804295,0.2296222167068838,0.2072084538595158,0.2137021132222353,0.2116016983949429,0.2072250204355083,0.1888339825284188,0.1956810657553199,0.2266925865142563,0.2182559994957788,0.2379273940755125,0.2412144671962514,0.2341136824756045,0.2175102062774209,0.1797963930592873,0.1791273273978542,0.1773442897507761,0.1565171079439931,0.1352311854254819,0.1159983605470243,0.0993378326357625,0.0966559053042824,0.1110762594284633,0.0985760197472022,0.0688866181182952,0.0578564299277704,0.0546231743588919,0.0497358212494449,0.0450469858836864,0.0398744776116247,0.0355617813261634,0.0340882488788726,0.0315971657815099,0.0256522688666378,0.0208558812670976,0.0179468004881783,0.0155082666261742,0.0143949121314228,0.0133996103001353,0.0117572774531457,0.0114206508405774,0.0115771916726098,0.011669549784386,0.0105704969089057,0.010268687132466,0.0103541744219018,0.009562732356128,0.0086778747352606,0.007839715158956,0.0069901620778978,0.0062916092352862,0.0058066212676869,0.0054986678588111,0.0048975037767483,0.0044749558331411,0.0041085721691873
EMSC-20161030_0000029|IT.PZI1.00.HG,EMSC-20161030_0000029,2016-10-30T06:40:18.000000Z,13.12324,42.83794,6.169,Spallarossa_et_al_2021,6.6,161.3,40.0,-90.0,23.99,9.0,0.87,47.7,48.1,30.26124306466412,30.49251471150619,4.771108312476214,30.26124306466412,IT.PZI1.00.HG,IT,PZI1,00,HG,13.3261995316,42.4356002808,908.0,0.0,705.0,True,61.11828955243705,0.661279763130525,0.25440356,CRETACEOUS,-124.89663890838484,3,6.73615837097168,0.0634744479456582,0.0634811183430224,0.0640509108075898,0.0641115400683126,0.06440473869829,0.0646176873380244,0.0646355583450359,0.0642910460441272,0.0650945545022468,0.0651848544317347,0.0664838462373529,0.0673336352769544,0.0673747284923005,0.0671049368043745,0.0670852345852832,0.0655040469080875,0.0669218400713811,0.0658838429026971,0.0727797733845358,0.0773354749228586,0.078106991120424,0.082871283118549,0.0860804081444884,0.0992695306023446,0.0987044706749224,0.1043146803349992,0.1096173259042002,0.1008599572726019,0.1253076893312536,0.1338797467687682,0.1411016677010426,0.146348598955075,0.1437789222149013,0.1727675388266129,0.2023223682674994,0.216200426640734,0.196307937049525,0.2032794864257965,0.1904518563935857,0.1544450849233212,0.146831627877125,0.1317408595948793,0.1363275441286002,0.1286756375619982,0.1263878484456405,0.1197763410076074,0.1035707274723907,0.0884089485868391,0.0926402830919372,0.0939934139633874,0.0824843859465675,0.0779079167625421,0.0747378110888456,0.0738666167115646,0.0712246405048038,0.0696564011167537,0.0737250396034979,0.0765622117737456,0.0770461355220791,0.0726333235145514,0.0668124893830807,0.0689695016289559,0.0748594889657869,0.0860089239807386,0.0912474840560384,0.0828791046941797,0.0822014809494146,0.0872259913276766,0.0807624989856654,0.1002720481352806,0.1134335188080389,0.1156328443139757,0.0954771633015339,0.0760310818749573,0.0742178188538422,0.0684175926658167,0.0596261828534201,0.0480050698352832,0.0409056762486642,0.0297938085772895,0.0386876862445089,0.0390464668848095,0.0350395459489386,0.0277411713532883,0.0275194657374418,0.0253126234530372,0.0225309327447789,0.0214331461194311,0.0206222666528318,0.0200438415971519,0.019900368998107,0.019776877434017,0.0178785109167173,0.0163602188066236,0.0146789096069798,0.0124385102205178,0.0090416530863396,0.0069835110150705,0.0056650245924596,0.0048393076745387,0.0041773120823057,0.0040039329685465,0.0034299975997279,0.0029291619470609,0.0024579409157986,0.0020435716685487
EMSC-20161030_0000029|IT.SNO.00.HG,EMSC-20161030_0000029,2016-10-30T06:40:18.000000Z,13.12324,42.83794,6.169,Spallarossa_et_al_2021,6.6,161.3,40.0,-90.0,23.99,9.0,0.87,26.6,27.3,17.73884281163637,17.758954772344506,-14.852411226880564,9.69908694096361,IT.SNO.00.HG,IT,SNO,00,HG,13.3041,43.0371,528.0,0.0,446.0,False,297.1443576309747,1.1165405593755076,0.055012908,CENOZOIC,-56.394857329136265,2,6.61606764793396,0.0924532326676923,0.0922858672772846,0.095789649819972,0.0976946217899939,0.1009557191134837,0.1121651970196809,0.1105652360389166,0.1133149244932497,0.1212808710694927,0.1294261567079502,0.1581749110064546,0.1661329481547556,0.1792027457444044,0.1730925054158921,0.1653964284995553,0.1658695663385049,0.1800925095608388,0.2201777470772851,0.2048614596352839,0.2044837637391743,0.2151224101915987,0.2399561704694317,0.23869179777275,0.2067700304346097,0.2051701907945716,0.2070440815500459,0.1968331510846735,0.1864434549062212,0.1796774142631996,0.1933635313380405,0.1831040545463153,0.185525399520178,0.1955045504013478,0.1968797726959472,0.2363385116883335,0.2550295627474939,0.2461567764706713,0.2256613348208883,0.2105122647688383,0.2462928544641777,0.2573612086089121,0.2243859559987022,0.1784447503612219,0.1411882889520365,0.1276259997087797,0.1211735776384554,0.1151883466918444,0.1088383369826919,0.1205216327835378,0.1278375458145428,0.1167922171703439,0.1138798060394672,0.1145937496097495,0.1103114875408832,0.1092609948426211,0.1012151779452661,0.1080879504803348,0.0973433934628306,0.0761111677099849,0.0709060235513226,0.0638697466185389,0.0635211495436505,0.0623981620526346,0.0521033834529359,0.049937724385171,0.0567956939484085,0.0588710527367483,0.0603423088840398,0.0596820915418993,0.0529863454044247,0.045154621529935,0.038476344524566,0.0327583727328024,0.0285318052100781,0.0307604337608819,0.0321630947891207,0.0323295092563334,0.0294925697419582,0.02632875365534,0.0209230983743518,0.0196939435818633,0.0180846159720884,0.0178067082362309,0.017248826304754,0.015632553646419,0.0166682859544682,0.0183817694022879,0.019025373550607,0.0193734388216865,0.0196765480032127,0.0196227377954442,0.0191762238707779,0.0185675581473373,0.0186494541962305,0.0184051501890161,0.0180667228634051,0.0155255974794067,0.0131881012698592,0.0113317615215186,0.0092844109760011,0.0073648579411989,0.0059679486957194,0.0050670247322902,0.0045333372087526,0.0040430942536427,0.0036048204758669
EMSC-20161030_0000029|IT.SPD.00.HG,EMSC-20161030_0000029,2016-10-30T06:40:18.000000Z,13.12324,42.83794,6.169,Spallarossa_et_al_2021,6.6,161.3,40.0,-90.0,23.99,9.0,0.87,41.2,41.7,23.105656283020853,23.127490611085605,-1.532432798007542,23.05649213194954,IT.SPD.00.HG,IT,SPD,00,HG,13.371038,42.515139,1338.0,0.0,1000.0,False,7.945725847415341,0.4433161798921641,0.103818305,HOLOCENE,-118.92168827545412,3,6.884032487869263,0.0891706982447517,0.0891704991165394,0.0897136414008576,0.089943447204805,0.089919664961643,0.0905955233275362,0.0909180995574024,0.0907345392914124,0.0914251607267192,0.0910284176424319,0.0926426402204281,0.0923340710877859,0.0941409767336327,0.095005052816499,0.0956618591422537,0.0956321738152178,0.094174997785564,0.0930464608257089,0.0986101728832234,0.0995834206275531,0.0997767749816989,0.1022773564771185,0.1024294006368786,0.1108322489113785,0.1055607042350808,0.1188577345539396,0.1228619256240051,0.1218589540417755,0.1399539370832017,0.1557525457704533,0.1599659957287426,0.1618744465101782,0.1573177860741258,0.1880768853516432,0.1918978498673959,0.1768056479666698,0.1769912096364649,0.1748002794952274,0.1688288758946282,0.1845783498248311,0.2011877367148259,0.2229232053564154,0.2000229414449809,0.1867798244148273,0.192419551570378,0.1814485496927437,0.1932345233489231,0.2001791520750331,0.1827248061308771,0.1840007986793045,0.1787322592706509,0.1830729546879013,0.1994793524308137,0.1907447850969572,0.1800939258692485,0.1686035591613486,0.1619226670117306,0.1521174592044216,0.11809694227216,0.1292142984547238,0.1467579978701794,0.1615501727878479,0.1955021538327227,0.1942658015532623,0.1578886602621711,0.120079653106146,0.1009324467170823,0.0934617738642807,0.0833602413067337,0.0850165502179094,0.0873437326974289,0.0744284591633446,0.0607524285293673,0.0545516855881074,0.0530712042491286,0.0479126908734698,0.0398731935334596,0.0324738304209471,0.031179258516731,0.0357977006806393,0.0352105852287162,0.0288041263711015,0.0259258242788922,0.0265265237865433,0.0288290582055426,0.0302949290708495,0.0302831317653226,0.029766591436926,0.0288903001538131,0.0258327768768651,0.0221481986667101,0.0181762722120156,0.0152003375554778,0.0128691584524685,0.0109787709744147,0.0095454315930935,0.0079273571625454,0.0070080702719242,0.0056084712028891,0.0047339921186734,0.0043939573713805,0.003853516326745,0.0032462855400721,0.0026665335590349,0.0021628862272956,0.0017505961636866
EMSC-20161030_0000029|IT.SPM.00.HG,EMSC-20161030_0000029,2016-10-30T06:40:18.000000Z,13.12324,42.83794,6.169,Spallarossa_et_al_2021,6.6,161.3,40.0,-90.0,23.99,9.0,0.87,33.0,33.6,32.13255259846438,32.80835109582167,39.03536608630421,0.0,IT.SPM.00.HG,IT,SPM,00,HG,12.751268,42.72324,778.0,0.0,909.0,False,14.537537611207556,0.4944433039696165,0.14190878,CRETACEOUS,-150.0,3,5.765787363052368,0.0875606456052382,0.0875742499218597,0.0900681573261726,0.0913396073093507,0.0944415354500599,0.0982974957377276,0.0992381675366013,0.1042029105521567,0.1043319922832867,0.1068736568281346,0.1457727603478839,0.1563484072840305,0.1673145092729329,0.1760764163823004,0.1776393893986958,0.1859452259511439,0.1904634347354399,0.2095622866684327,0.2126372348824739,0.1980007290839493,0.2064104011978454,0.2058011098169506,0.1856160016904332,0.1678185942627795,0.1680549393087162,0.1754185544450111,0.1709669376982366,0.1759817436903929,0.1749465295237679,0.1692667226474238,0.1705581208174911,0.1609206230005506,0.1669648627038143,0.1798728992074539,0.2278154738168603,0.3102586122606177,0.3337262144301102,0.3367544113473565,0.3430704646667901,0.3148245189692994,0.2568994280489777,0.2332660444182153,0.2074035908845456,0.1960013048658402,0.1813793292440708,0.1591985422352835,0.1287303543976587,0.119535992447436,0.1158783938218986,0.1094260926768794,0.0970533554269309,0.0993116618797107,0.0927920663410244,0.0804607164215907,0.0787499323046004,0.0748056167276929,0.0676323143278809,0.0667955485696418,0.064298558361505,0.0715177816738923,0.0646155018574652,0.0625456418342893,0.059477340240787,0.0562618247023535,0.0437323890548467,0.045349576916334,0.0536683613430188,0.0623467928124058,0.0665081550640727,0.0610616917238514,0.0514032478471316,0.0448431252173467,0.0380239400505729,0.0283238257733461,0.024531091262695,0.0174027799085614,0.0141382945295271,0.0137032341235114,0.0143676975249277,0.013958600326615,0.0126844739466997,0.013227688177207,0.0140974097444777,0.0154875260309758,0.0175715444046534,0.0181107866841921,0.0204178626911603,0.0214922291178804,0.0219965779493919,0.020681226559225,0.0184677708849873,0.0167689221507893,0.0155223769069011,0.0133580822574478,0.0113202430916979,0.0096443595360519,0.0063719322385255,0.0050261512766649,0.0041511078165368,0.0034494436535346,0.0029051027351317,0.0024725742349563,0.002108185509571,0.0017576896912046,0.0014996303804494,0.0013247478919772
EMSC-20161030_0000029|IT.SPO1.00.HG,EMSC-20161030_0000029,2016-10-30T06:40:18.000000Z,13.12324,42.83794,6.169,Spallarossa_et_al_2021,6.6,161.3,40.0,-90.0,23.99,9.0,0.87,33.7,34.2,32.88623202803814,33.544618193782654,39.78755136268178,0.0,IT.SPO1.00.HG,IT,SPO1,00,HG,12.7363004684,42.7344017029,428.0,0.0,599.0,False,126.65999100853188,0.796777932505431,0.041837495,PLEISTOCENE,-150.0,3,9.047831058502195,0.0764434306119862,0.0764288462688599,0.0771389264564106,0.0772661887482648,0.0777099225466629,0.077905157221331,0.0782408306090986,0.0796232354257403,0.0803656846036802,0.0809272456094963,0.0821430262345278,0.0828216498965201,0.0829182277328006,0.0858514176194131,0.0881405587577153,0.0923688528208946,0.095258655169864,0.0976876702796827,0.1049566509031529,0.1182976670767209,0.1258665895750572,0.1293174446873314,0.1246195490838369,0.1426000033698376,0.1375111201694724,0.144496713884015,0.1522956751864772,0.162482649176032,0.1516979668189193,0.1509356089041434,0.1859717347200853,0.1874028433778385,0.1789246971764199,0.174026311639136,0.2226852953168454,0.2121548723918188,0.1921992566810998,0.1762134178488393,0.1728627919896837,0.1769150391203955,0.1644105710641385,0.1561317722701412,0.1567605395892398,0.16440881728457,0.1712748543264009,0.1764015504835177,0.1913817806021844,0.1809177626970419,0.1560948869680174,0.1456904432671773,0.1475963623307236,0.1350156003704091,0.1209028229508604,0.110487131991231,0.1091337001309809,0.1082860664354178,0.1221927674845433,0.1209684925393087,0.1111991792482125,0.1507154663828105,0.131049546013649,0.1308352184180817,0.1395854617090638,0.1278632150957588,0.1422611179513459,0.1249635331777064,0.1148562863679707,0.1269528345749763,0.1408590561600958,0.1907404073378302,0.1479182096701242,0.1143248798100867,0.0915459286736569,0.0654964639892448,0.0451768695724301,0.0360258341300075,0.0309518034015132,0.0251886599734672,0.0213304580749986,0.0170257363555014,0.0172021225123738,0.0174759350123051,0.0178076049654175,0.0156105214422761,0.0179395307121467,0.0190583127147202,0.0196196619176551,0.0206485341345207,0.0211885616282928,0.0198070911266598,0.0173481227867118,0.0166816813157509,0.015662071832618,0.0134141929895001,0.011706771739387,0.0102152021721935,0.0061470848774404,0.0051316541403574,0.004312274056924,0.0038276664281246,0.0033471128721944,0.0028948345754059,0.0025659371692637,0.0022890603778355,0.0020086539494227,0.0017524194308977
EMSC-20161030_0000029|IT.TER.00.HG,EMSC-20161030_0000029,2016-10-30T06:40:18.000000Z,13.12324,42.83794,6.169,Spallarossa_et_al_2021,6.6,161.3,40.0,-90.0,23.99,9.0,0.87,50.6,50.9,35.284406147865354,35.29600055964653,-31.24498387503417,16.428154465004035,IT.TER.00.HG,IT,TER,00,HG,13.689544,42.656555,312.0,0.0,649.0,True,90.47667816661168,0.7269518549572096,0.039489985,CENOZOIC,-89.53653564103156,2,5.809688091278076,0.0807525547164882,0.0807820636450801,0.0841360187869191,0.0851327453807492,0.0859747399528063,0.087879656793556,0.0884576024220987,0.0900730238380411,0.0923481825809214,0.0939886018541138,0.1139889356720745,0.1192942527486246,0.1264276612815655,0.1302013703752732,0.1341720487579952,0.1329962501336475,0.1307392431101609,0.1513958634412029,0.2054386905952723,0.2054288381668635,0.2191935646509794,0.2285490206348364,0.2217705105321245,0.2707177177015676,0.2731198332376993,0.3537563723573982,0.3251821572059459,0.264919270669016,0.2040012304431258,0.1701957930112334,0.1918553072152246,0.212220280414542,0.1964115946865602,0.1710885741230115,0.1523880837053182,0.1617741078766554,0.187298804708984,0.1734646888915645,0.1635748722994315,0.1595660233930541,0.1282972044416657,0.1290272060436744,0.1392041049405576,0.1475968563478401,0.1444608147503603,0.1380755928211051,0.1425705539916727,0.1630252992755929,0.1630998559251841,0.1557049266571335,0.1453527785019174,0.1296069481704504,0.1160017331832223,0.0955987945952831,0.0951430269512824,0.0941444297433953,0.093237450000303,0.0863531663481269,0.0776571175590107,0.0958675200210209,0.0682705057828329,0.067322367843348,0.0724532492093461,0.0718067583329292,0.0619142488278001,0.0600932817689938,0.0488230812547593,0.0512851708916421,0.0496895135727081,0.0436050190587278,0.0345450488890868,0.0269798346226726,0.0219232961431603,0.0186109548925768,0.0183276875618055,0.018251186442046,0.0216273631084245,0.0247613676778391,0.0234777668054518,0.0192174951844759,0.0146776265160387,0.0136776469023185,0.0129883399519279,0.0126993092962854,0.0134502432313553,0.0138464174469133,0.0135704637977442,0.0137987030145634,0.0138800536913161,0.014358367374907,0.0149993688468971,0.0147547906209415,0.0147264915796528,0.0145113330303746,0.0140817510060684,0.0134973780800672,0.0113343885636776,0.0091966156890583,0.0080594411341899,0.007062512718924,0.0061860522829742,0.0052576011490066,0.0045437063300048,0.0039632119929153,0.003544264099265,0.0031582994023574
EMSC-20161030_0000029|IT.TLN.00.HG,EMSC-20161030_0000029,2016-10-30T06:40:18.000000Z,13.12324,42.83794,6.169,Spallarossa_et_al_2021,6.6,161.3,40.0,-90.0,23.99,9.0,0.87,43.4,43.8,34.58828699860101,34.596865876235604,-17.686943471645314,29.72406477854449,IT.TLN.00.HG,IT,TLN,00,HG,13.2584,43.2159,412.0,0.0,1002.0,False,7.843743271445716,0.4423040425989842,0.117302366,CENOZOIC,150.0,2,8.331654071807861,0.1139299162291181,0.1137891354444708,0.1173238426185675,0.1183779653401694,0.119823411021549,0.1237417192615833,0.1257889374499885,0.127306260353077,0.1237143123726099,0.1278027474988058,0.152759356608988,0.1609542229289431,0.1644526675752833,0.169682349186904,0.1665537837671924,0.1822126739546948,0.1908261386588135,0.2179796209993178,0.2840707453587225,0.283173972328645,0.3049609451167032,0.3118489320618532,0.2978539363378801,0.2811340028824512,0.2640468189337031,0.2629527008415164,0.2738278921977882,0.287077263888618,0.288967502744832,0.2343088680698841,0.2300423435382316,0.2482802869923208,0.2969670777326396,0.2556175180710964,0.2701334812687948,0.2674859551323529,0.238162999830803,0.2705899102764231,0.2906257358284699,0.3068198095326364,0.331636035811672,0.3167902432234533,0.2959886491919318,0.3203610412090022,0.3622373992683853,0.386681079867692,0.3324116384439198,0.2827508818199667,0.2713021843358502,0.2736115088129081,0.2734681048878599,0.2399060106932526,0.2063405037378603,0.2078250394827058,0.2150831511246939,0.2140440477600301,0.1880920638320966,0.1527838910047822,0.1563596481197965,0.1725955455811102,0.1419949790884248,0.13479423519513,0.1435822175307693,0.1432294147372135,0.1198545431734805,0.0931684366679709,0.0807949532879358,0.0857277280992577,0.0770180829965395,0.0769503288843304,0.0639964087150463,0.0465218885081684,0.0416780474706833,0.0458287294748252,0.0411160383307159,0.0472476230698987,0.0478737243850404,0.0450985689901377,0.0383108410624252,0.0228763419842055,0.018684393382474,0.0165453005174023,0.0152256859924237,0.0148906268957622,0.01344428295961,0.0128659883604484,0.0131392908676288,0.0135114449890069,0.0139462374056282,0.0144365151620701,0.0134342680321332,0.0128946373032951,0.0124029499336774,0.0119818396210582,0.0111617074907225,0.0102119114886284,0.0077105595630029,0.0077707175921117,0.0073735804266172,0.0066150797941272,0.0058444673737274,0.0050506284075932,0.0041873815195189,0.0036105375826309,0.0031753505276668,0.0027693042880639
EMSC-20161030_0000029|IT.TRE.00.HG,EMSC-20161030_0000029,2016-10-30T06:40:18.000000Z,13.12324,42.83794,6.169,Spallarossa_et_al_2021,6.6,161.3,40.0,-90.0,23.99,9.0,0.87,32.0,32.5,28.83592386364568,29.576408925516265,34.683407052093,7.699479154111617,IT.TRE.00.HG,IT,TRE,00,HG,12.7358,42.876499,261.0,0.0,346.0,False,417.2794287828699,1.4928305881183046,0.092147335,PLEISTOCENE,150.0,3,7.468780040740967,0.1168649301032335,0.1168402488146296,0.118671316406875,0.1192034000661446,0.1201512198316184,0.1218382700147982,0.1220677195095185,0.1233310006613343,0.1243530325968901,0.1243766803231946,0.1267099783200511,0.126862408435921,0.1263447485501302,0.1265255759946254,0.1264807156280575,0.1266517070415745,0.1277008853532205,0.133090389001123,0.1356299686398936,0.1407308359063327,0.1395774982504884,0.148040469370361,0.1858337415533275,0.1785443667279224,0.1695387119678054,0.1702149214145869,0.1768126561741302,0.1939955520173966,0.2069012702743102,0.2187781146916915,0.2230262579867925,0.2364244108983399,0.2354882061979077,0.1807307687490969,0.2070019450126527,0.1970451300238485,0.2192676120130854,0.2330028404967331,0.2224916235512335,0.2899074344562781,0.2275000194698052,0.2479914552980434,0.2596715244051087,0.2722825114651014,0.2871950546036982,0.3050929234070103,0.332430234877302,0.289728398118186,0.2608609270700923,0.2532244139736721,0.2567398218525794,0.2545769402460456,0.2562836680510091,0.2520180730238971,0.2428773601083767,0.2426891920753696,0.2558815964734221,0.277057232133461,0.3386128411578546,0.2919740885400563,0.1954193810538083,0.1794571404552238,0.1598128039635074,0.1328687930328529,0.1136334948640784,0.1096531959380728,0.111485449624076,0.1154383221175862,0.1259860960956572,0.1205128692905953,0.0805918486264104,0.0580643839801008,0.0530676242745958,0.0485510035353045,0.0450607924631982,0.0434908608261794,0.0401859235016658,0.0324867780048001,0.0290208368446281,0.0225771115838448,0.0165299359980205,0.0145827160760379,0.0127004098866323,0.0137653813562116,0.0143779956189967,0.015307755374211,0.0152887582538943,0.0157387282422907,0.0160587843523298,0.0150259156213323,0.0142913099497555,0.0135330044555869,0.0124942291115422,0.0114365106731656,0.0093512217525629,0.0087350260150464,0.006818113437321,0.0056297959982703,0.0048455732420607,0.0044838074529519,0.0038491481805478,0.0032493854166926,0.002979350985576,0.0025678815814772,0.0022967448614021,0.0020780949709554
EMSC-20161030_0000029|IT.TRL.00.HG,EMSC-20161030_0000029,2016-10-30T06:40:18.000000Z,13.12324,42.83794,6.169,Spallarossa_et_al_2021,6.6,161.3,40.0,-90.0,23.99,9.0,0.87,44.7,45.1,32.478888350570536,33.13907323723709,34.46067278217929,17.144058349627645,IT.TRL.00.HG,IT,TRL,00,HG,12.932308,42.461314,1226.0,0.0,380.0,True,379.8112556831563,1.3410381956948454,0.25191888,JURASSIC-TRIASSIC,-149.87166171018745,3,8.202943801879883,0.0844679854032902,0.0844850339069451,0.0864132817536731,0.0869742589229313,0.0877938403817583,0.0889152269769126,0.0890888979121369,0.0892597488157262,0.0898088178496769,0.0898842776179772,0.0920471932915465,0.0931993612415076,0.0941367902274297,0.0941370098072154,0.0940654695331413,0.0945184774590134,0.0948910715428024,0.0964049860081871,0.1015127859350318,0.1070262585977476,0.1134493371684535,0.1204607819058162,0.1294773843830472,0.1278348234442309,0.1353690152476632,0.1373149024353651,0.12813278041479,0.1343500582357557,0.1682912813886935,0.1621006662044063,0.1558388709745366,0.1508644388292566,0.1581915319926059,0.1595920355226605,0.1894750031844943,0.2001319466137753,0.2214876558564149,0.2267185464009665,0.2398795516084173,0.2540855915466629,0.286720978930755,0.2838627931133773,0.2553921119945185,0.222093305542517,0.2085149252821757,0.2026133423378341,0.1728090010681361,0.1857922651180714,0.1947403568140707,0.1872147933151805,0.1960761123837231,0.1794445031126113,0.1678959600742272,0.1643718365880861,0.1749199118101831,0.1822292981496635,0.1854882418190439,0.2045552376674633,0.2629574954259068,0.2612675879066007,0.2478210776102604,0.2236658532235521,0.1846151510565874,0.1474092129783346,0.1125056040118575,0.1096612866246114,0.1101321188870251,0.0993525159334995,0.0912466716870927,0.1045071805913368,0.0917664360180298,0.0859399299112614,0.0807198638020739,0.0672140070442608,0.0492971066786093,0.0393971844095514,0.0365235630836742,0.0325684594272565,0.0278761138410537,0.0197523106184063,0.0165085083228483,0.0158200200100967,0.0158155415784567,0.0153055082950524,0.0143728338756789,0.013961500975448,0.0136496996859349,0.0146556241956135,0.0150627202135598,0.0154122412383733,0.0144893005289509,0.0131951482081347,0.0122331532574053,0.0108230688640185,0.0094598498557843,0.0090152552820244,0.0071927954815473,0.006763500011315,0.0057295017921086,0.0052685856119941,0.0049629650516944,0.004340927064598,0.0036926063410692,0.0034484905769808,0.0031489279743757,0.0028082905432699
EMSC-20161030_0000029|IV.GAG1..HN,EMSC-20161030_0000029,2016-10-30T06:40:18.000000Z,13.12324,42.83794,6.169,Spallarossa_et_al_2021,6.6,161.3,40.0,-90.0,23.99,9.0,0.87,44.7,45.1,37.21686099879945,37.22448789750493,-3.821972262928303,37.02014155315048,IV.GAG1..HN,IV,GAG1,,HN,13.067434,43.238063,484.0,0.0,995.0,False,8.20709217856195,0.4458656117520098,0.081168294,CRETACEOUS,150.0,2,8.270676612854004,0.177010627621288,0.1770198035525505,0.1789038545551201,0.1796268140241031,0.179346333262938,0.1814097472980365,0.1816706478119567,0.1828033702785682,0.1832858007984973,0.1886328068918425,0.2001031088379147,0.2047423784406563,0.2082607681235643,0.2051060219219291,0.2035381181327367,0.2129256497310644,0.2220818821223537,0.2345637204036845,0.2200305982102289,0.2489830002719533,0.2570585375020442,0.2709117480198391,0.3079598936753441,0.3765235208328927,0.4402565746076826,0.3931051124968652,0.3829728001989587,0.469634895863174,0.4626802829904207,0.4509870254245696,0.3892990506889258,0.4007964422484439,0.3942784791752708,0.3735853614970226,0.463979254406246,0.4527392257691467,0.4040719821408958,0.3301814781694812,0.2956326933419955,0.3344919824888026,0.3686128668710934,0.4191020420766209,0.4529716960346628,0.4820525052005083,0.5303431163316598,0.5708485100832545,0.58977805704856,0.4715761541845917,0.4309812196773432,0.4619090707703869,0.4271132069528,0.3570491300856082,0.3415512304009207,0.3666297852562826,0.3649541896785573,0.3520956328974146,0.3109938886418416,0.2636389803720165,0.1577729860425698,0.1689706123119932,0.1734864112004281,0.1584598912178501,0.138257083139798,0.1318340540193144,0.1216702758810177,0.0925108925248205,0.069886759523595,0.0607960659564261,0.0583567987889623,0.0473259951822084,0.0372704819869356,0.0295574702313088,0.0311589501057272,0.0258724793275192,0.0239672685819852,0.024388823386955,0.0213387392360419,0.0195275658274926,0.0176192405242149,0.0173834216953841,0.0166825756822975,0.0160692796630678,0.015517988948162,0.0119818203265305,0.0086812171180238,0.0070637624078384,0.0069562069094112,0.0067470162581953,0.0067558306180077,0.007038721425671,0.0067880730466204,0.0062922698795892,0.0058855448546419,0.0057847290459101,0.0054959353850305,0.0048550075524114,0.0036117826062673,0.0034090135721459,0.0032666066236382,0.0031830373593422,0.0029365817591178,0.0025619851091446,0.0022123855347997,0.0019299973620333,0.0017048425697982,0.001532355180097
EMSC-20161030_0000029|IV.MDAR..HN,EMSC-20161030_0000029,2016-10-30T06:40:18.000000Z,13.12324,42.83794,6.169,Spallarossa_et_al_2021,6.6,161.3,40.0,-90.0,23.99,9.0,0.87,39.4,39.9,31.31653797909121,31.32648283437107,-7.976981621635575,30.28356536810081,IV.MDAR..HN,IV,MDAR,,HN,13.1427,43.1927,940.0,0.0,596.0,False,129.16363634613842,0.8013677504354905,0.058890037,CRETACEOUS,150.0,2,5.24748682975769,0.091984646491973,0.0918506281961125,0.1005230408447998,0.1065161560114039,0.1091068985710945,0.1266815014637548,0.1308431462176749,0.1277747496863237,0.1167575839608627,0.1262337917597416,0.1289631847961422,0.1369293572377921,0.1485577586804613,0.156013322426499,0.1554581948717885,0.1483910609115296,0.1472797144094788,0.1585718276654572,0.1682732984257427,0.1899723542297501,0.1905206800708866,0.1968914781346366,0.1868357617384933,0.2057841114858757,0.2309035108108877,0.2652554785146541,0.2743259654027286,0.2594994511504664,0.2364285347425064,0.2292284348112055,0.2044906162341286,0.1910004240251938,0.1993000210379654,0.2201023724056302,0.2099599268001986,0.1753068257241002,0.1742472266686728,0.1785985120698816,0.1837829956435346,0.1787115731258286,0.1752077508099941,0.1742328595946616,0.1855942322623983,0.1821247365102869,0.1660758708499324,0.1591727911650226,0.2003989473933436,0.2187284313821757,0.2169791021760713,0.2112541028090223,0.214278629312307,0.2306627136065426,0.2165454610122656,0.1928536369932622,0.1823041598166412,0.172702403736201,0.151740615343077,0.1233383616878236,0.0975102434601301,0.0936516258899975,0.0713215715822362,0.0616132719829717,0.0504740327445642,0.0441000307276891,0.0359395168681531,0.0281213859528982,0.0259497253716332,0.0271597607821533,0.0262951133168257,0.0230678846868043,0.0205428625561119,0.0181501264085092,0.0195911811863423,0.0195091640167585,0.017832066955627,0.0169283905567917,0.0142667335837724,0.0144301792430269,0.0124447685983389,0.0096497563146568,0.0090790624074808,0.010451477857337,0.0102939219185582,0.0092750698310405,0.0089024131448527,0.0085917287348762,0.0079220760529225,0.0074528038853268,0.0070659680046386,0.0072291067308167,0.006587947378118,0.0057268878957553,0.0050503734868879,0.0044578062767589,0.0040095676076481,0.0036357466867765,0.0032833753759978,0.00360168966616,0.0037809411595105,0.0036517870383139,0.0033148854553782,0.0028144823116515,0.0023236498334428,0.002016221742101,0.0017580020851439,0.0015627421950431
EMSC-20161030_0000029|IV.MNTP..HN,EMSC-20161030_0000029,2016-10-30T06:40:18.000000Z,13.12324,42.83794,6.169,Spallarossa_et_al_2021,6.6,161.3,40.0,-90.0,23.99,9.0,0.87,43.6,44.0,34.98881841131802,34.99724473806135,-31.114636421489585,16.002994061086103,IV.MNTP..HN,IV,MNTP,,HN,13.469252,43.137378,325.0,0.0,581.0,False,142.26417555489633,0.8250800510008023,0.05137409,PLEISTOCENE,76.45841482627016,2,9.602856908073724,0.0881000474880092,0.088059646263645,0.0903365713164662,0.0908653822107587,0.0926765417023695,0.095180717328002,0.0957469645433275,0.0943696246522308,0.0987186776921147,0.1013967586205165,0.100054556231051,0.100023401069142,0.1028148784147652,0.1065450351952193,0.106405456695924,0.1097622892984594,0.1225510107093952,0.1286032658996666,0.1373097083177842,0.1495446540982856,0.1701248453343253,0.1999695373387965,0.1974315312960335,0.2017600378850053,0.1874688036904597,0.2181799836003693,0.2189695354642079,0.1997210980800056,0.2362412135351366,0.2463226461112204,0.215651698509019,0.2132592426996975,0.2244181892195322,0.2273578106116594,0.2262929734988246,0.2121981222299567,0.1767264040391023,0.194997066654499,0.2256574164483465,0.3091296690741345,0.2210618819888421,0.1885796475501433,0.1570765973852806,0.1427172046655226,0.1529869574711715,0.1366650663678026,0.1153504080947138,0.10985116610231,0.1118246727128031,0.114101568153284,0.1285948615822775,0.1195393973172831,0.116200867351384,0.1062513124393848,0.111829376274158,0.1106166573065882,0.0937368947508802,0.0968738569038192,0.0823538989789588,0.0870355608298835,0.0919131008959922,0.087846840785158,0.0847785515370174,0.076574620718514,0.0775366395817578,0.0740738271627975,0.0697432386596159,0.0679184874853366,0.0647057911046157,0.0625273390033393,0.0774508624731018,0.0607976579942581,0.0516512900102457,0.0538224714582871,0.0589599826257012,0.0596394181837462,0.0658760930169416,0.0637258888309344,0.0557869767115133,0.0387362485804532,0.0330100584397295,0.0316828301965148,0.0304852132553345,0.0298468473988391,0.0312107588419867,0.0306195881895548,0.0329785096944967,0.0347195044120628,0.036254124268568,0.0384599557069911,0.0384921987974224,0.0372996371247059,0.0348615379199881,0.0320003610002423,0.0295450212776368,0.028679587988932,0.0263641759128233,0.0234784038868404,0.0191332604393469,0.015491152319029,0.0131318845494939,0.0112236849570375,0.0093705256542998,0.0079412639472995,0.00671945838077,0.0055595165971395
EMSC-20161030_0000029|IV.RM33..HN,EMSC-20161030_0000029,2016-10-30T06:40:18.000000Z,13.12324,42.83794,6.169,Spallarossa_et_al_2021,6.6,161.3,40.0,-90.0,23.99,9.0,0.87,37.3,37.8,19.99469199826628,21.032256017804663,10.844059061143165,19.59628636851438,IV.RM33..HN,IV,RM33,,HN,13.21452,42.50898,1097.0,0.0,552.0,False,170.32727402518478,0.8748533865076107,0.025839625,CRETACEOUS,-131.43982564867343,3,12.631407702147287,0.1231211468633409,0.1230898775153,0.1244950624187039,0.1251185468088821,0.1253787267187384,0.1275412951396011,0.1269449922767479,0.1249327644892289,0.1308867076443314,0.1332240682323588,0.142381843231634,0.1442440627751391,0.143824080591242,0.1469991755230155,0.1516249252195186,0.1618131010256327,0.1878523655274514,0.1882339797742987,0.166635603684972,0.1889471488973501,0.1940312408685633,0.2081600769548282,0.2071541878366231,0.2192075702635262,0.222846704179001,0.2206708457675916,0.2261800273141564,0.2488586118261996,0.2671151626724655,0.3189846304672104,0.3754526417386924,0.3627024124184919,0.3231915034314074,0.3169245920820396,0.3347752080690397,0.2849096532689259,0.2846587781697909,0.3092276298336594,0.3372122407197711,0.3389274522656726,0.3244647535378151,0.3392659462157239,0.3395705371713968,0.3391374559117122,0.3352032098612314,0.2995979218976515,0.2822942001609899,0.2950075090616448,0.3036106798484044,0.2954891015593694,0.2552067703983067,0.2325369097890014,0.2305290977389611,0.2053338254309499,0.1833097383148674,0.1639096030135275,0.1332364779615149,0.1251631257286892,0.1067919407145322,0.0996745241055826,0.0975916637568794,0.1003562048076482,0.1020492953975905,0.1015351621364152,0.1095314579691411,0.1062615211480561,0.1132569632959747,0.1188522368072639,0.1241929571024369,0.1819814217930874,0.1846740422894148,0.1333560727847541,0.1054063127501104,0.0965864864154248,0.0799966742333109,0.0679596173528343,0.0540634286417169,0.0500254161933743,0.0462903042247922,0.0411960747267771,0.0404431800048852,0.037379963725852,0.036293957670714,0.0367598115653911,0.0332061567669909,0.0270557455702595,0.0207349660008281,0.0202310968685639,0.0203538314122134,0.0209159956588978,0.0221158566374061,0.0228280582139632,0.0223812781503443,0.0209099396190775,0.0191509783968054,0.0177252827186404,0.0150397494511889,0.0122343946642578,0.0100368415777402,0.0086364013703958,0.007232258686894,0.006046830045967,0.004973914297412,0.0039918930136654,0.0034040577991287,0.0030369696247015
EMSC-20161030_0000029|IV.SSM1..HN,EMSC-20161030_0000029,2016-10-30T06:40:18.000000Z,13.12324,42.83794,6.169,Spallarossa_et_al_2021,6.6,161.3,40.0,-90.0,23.99,9.0,0.87,43.6,44.1,35.25984434054512,35.26816905414369,-11.893340507134882,33.19345851335961,IV.SSM1..HN,IV,SSM1,,HN,13.176956,43.228783,240.0,0.0,711.0,False,58.57057010859236,0.6548996509797975,0.037290454,CRETACEOUS,149.99999999999997,2,3.725498080253601,0.0788842432619263,0.0788235340218814,0.0877735350891041,0.0835824726955883,0.0836400996269905,0.0905436235212326,0.092023417477254,0.0953666384899034,0.1022044607397093,0.1051267733966182,0.1015083374723566,0.1011787345374178,0.1051515473274328,0.1064769582416314,0.111474114677662,0.1120700445042286,0.1229685814923734,0.1249984926071132,0.1345163416082823,0.1816328791717608,0.2011615705806357,0.2318639522282034,0.2112771743165567,0.1947977019713926,0.2149209609656329,0.2322016095547273,0.2187091302940362,0.1819395734953527,0.1867528784846376,0.2081381642464054,0.2425322395778242,0.238437965014598,0.2199553610247483,0.2110115818404491,0.2405193921174405,0.2508864185028284,0.2413877103182875,0.2353897924695501,0.211610536123288,0.1965750920554416,0.1994848230196409,0.2291684253472116,0.2426570180458707,0.1543419164011619,0.1367121773438126,0.1232345391784487,0.1306164243773606,0.1274784333772135,0.1201956314748952,0.1115395670901633,0.0993815151944787,0.0888325330729298,0.0709476398012218,0.0739596211672597,0.077682005698672,0.0794755235730434,0.0846164472680494,0.0742236175492159,0.0613619843257697,0.074984915911992,0.0633132955918226,0.058724702438588,0.0481009690554124,0.0512817688955518,0.0440718057985872,0.0329465410564648,0.028103810352053,0.0276764446471621,0.0304056606425356,0.0261100257768455,0.0230937190283052,0.0176737296428404,0.0151676726927428,0.0157687138074491,0.0169309611147052,0.0177909023580064,0.0174787673667225,0.0155308667619159,0.0148776136785674,0.0117514842021,0.0093575259177012,0.0095582189389063,0.0090737961952068,0.0078262152639416,0.0075432519167415,0.0077482428172396,0.008275691418494,0.0086385115419319,0.0088630633076754,0.0087147495529139,0.0076604075820295,0.0071813550405318,0.0065158984995398,0.0053005000107421,0.0041529741629807,0.0034672969756288,0.0027465376228751,0.0023540324910304,0.0023035558974465,0.0023140444086211,0.0022282730406991,0.0021607777752339,0.0018269318275708,0.0015771315146474,0.0013698074600863,0.0012361681901699
EMSC-20161030_0000029|IV.T1201..HN,EMSC-20161030_0000029,2016-10-30T06:40:18.000000Z,13.12324,42.83794,6.169,Spallarossa_et_al_2021,6.6,161.3,40.0,-90.0,23.99,9.0,0.87,22.6,23.4,4.929770211605535,5.506202018829991,2.7539111550560427,4.929770211605535,IV.T1201..HN,IV,T1201,,HN,13.2508,42.6573,934.0,0.0,693.0,False,66.53556890791819,0.6743956523064207,0.02347326,CENOZOIC,-124.0134160650675,3,59.04665184020996,0.3737879660810123,0.3738356930718582,0.3772915389853427,0.3782192394743913,0.3798633218109055,0.3824441813316239,0.3815955473917483,0.3833195702262297,0.3913824118395324,0.3925722047042915,0.4111793884236985,0.4364729793324238,0.4564318321185815,0.4711367237434372,0.4705771054242256,0.4613206955140389,0.4482675415815821,0.4915380976830114,0.4709313230851066,0.5013969288182623,0.5085492699553009,0.520739203828852,0.5620433570617579,0.5892166384421671,0.6701990013928473,0.6844402012820555,0.7215541214583776,0.862403992837817,1.0644701278805,1.134728495548154,1.120083685143589,1.0612932942084763,0.8901412285051759,0.8410224793870839,0.8693968273836827,0.9089964756259594,0.9344626326252372,0.9377711094669668,0.8930673248575183,0.8093748465881624,0.7327045618717187,0.6855057285293804,0.6194862965625223,0.5736920329847374,0.6110154120135888,0.6315312497862113,0.8174345985476195,0.8225994711594875,0.8346491957413102,0.8122074074381731,0.7715512112299724,0.7387047801658798,0.7957684566820993,0.7881733634255486,0.7413611814250592,0.6825899544669086,0.6333819449729976,0.6587547641907643,0.9065799647650892,1.033531410815396,1.0604527537998305,1.0761224473496156,1.0757376395212914,1.0038341623144662,0.9264692676971772,0.8655365536245097,0.7941473075734949,0.7213180934244912,0.6689001026222444,0.6088480120493898,0.5663564047642756,0.4874117943258056,0.4119019202286801,0.3318538287986823,0.258092123446551,0.1996621192612309,0.1629412470599008,0.1330627746237742,0.1146481923871507,0.0986759154983931,0.0895037660923434,0.0855986696630423,0.082026060614385,0.0797263511933301,0.0754446216362128,0.072178249343303,0.0718535263530426,0.0713672060582204,0.0701465237929024,0.0665883627211575,0.0615709819804932,0.0552800567093691,0.0489880587700439,0.0455562328766336,0.0413678635785978,0.0375801412339447,0.030902232503268,0.0241185899378999,0.0197032848501337,0.0166439034940616,0.0139957861604826,0.0118146063889735,0.0100207803896204,0.0085549325540042,0.0073382268653858,0.0063437677923078
EMSC-20161030_0000029|IV.T1211..HN,EMSC-20161030_0000029,2016-10-30T06:40:18.000000Z,13.12324,42.83794,6.169,Spallarossa_et_al_2021,6.6,161.3,40.0,-90.0,23.99,9.0,0.87,40.4,40.9,31.895956458659438,32.56743050231855,37.871523362519184,7.566087302000859,IV.T1211..HN,IV,T1211,,HN,12.855145,42.532852,979.0,1.0,458.0,False,281.6600134262118,1.0831372089299425,0.13094658,CRETACEOUS,-149.99999999999997,3,4.53087854385376,0.0702860319723753,0.0702672519401181,0.0729243435131602,0.0735692160712521,0.0744568329398554,0.0765488188214926,0.0774020155177823,0.0789611865348719,0.0803674294267022,0.0808740212530135,0.0895872487497674,0.0936439177438737,0.094853936698127,0.0958858308286133,0.0986768870811915,0.1049456473466972,0.1115084732914466,0.1109445941756293,0.1259951591238716,0.1291366582622326,0.1237107498379695,0.1309800705435266,0.1357328761411926,0.1545343766293179,0.161650293210222,0.1695726542643369,0.1724590270074176,0.1662005272366075,0.1870528887215735,0.220153742440087,0.2302606924164261,0.2240220100373706,0.2602032483927197,0.2542127604035286,0.1965251851624672,0.1668688792527951,0.1384744374457899,0.1251638575925996,0.1314212255581473,0.1301993019812514,0.1511392365506345,0.1591438266670885,0.153428569260929,0.1525642492973664,0.1536845223587029,0.1738406786359799,0.1773216905367116,0.1591102744346781,0.1445215598566458,0.1299610013108004,0.1015559609561522,0.0936632546070894,0.0961888397947349,0.0987125429650443,0.0997385333310567,0.097866932616133,0.0898299810162999,0.0912350687621685,0.0758088226309963,0.0559330700023581,0.0400937927250917,0.0436500057202838,0.0465653326052206,0.0423338480294212,0.0379416576825485,0.0419941826389678,0.0491446876715729,0.048763816118056,0.0456422080306355,0.0427637629207382,0.0342930110396108,0.0277655954259903,0.0265459749696645,0.0240383871050115,0.0209420782541735,0.0180970913647199,0.016842186534425,0.0144564830493353,0.013138702712661,0.0118595796139469,0.0103662529615211,0.0106592079748254,0.0110736816157656,0.0117155052767403,0.01199706499059,0.0130602654336437,0.013391778955913,0.013442168716477,0.0139032638072301,0.015368459510264,0.0148694769534725,0.0134666636298723,0.0118994568415485,0.010642172662808,0.0093174841401044,0.0083605548140404,0.0069091658025931,0.0057894115193163,0.0047338473273867,0.0040666355405705,0.0036454290265558,0.0031946660219255,0.0027858491567962,0.0025404280289805,0.0023168223251694,0.0021055232229771
EMSC-20161030_0000029|IV.T1212..HN,EMSC-20161030_0000029,2016-10-30T06:40:18.000000Z,13.12324,42.83794,6.169,Spallarossa_et_al_2021,6.6,161.3,40.0,-90.0,23.99,9.0,0.87,11.6,13.1,8.439360166959599,10.761242728362255,15.346702103277618,0.0,IV.T1212..HN,IV,T1212,,HN,13.044636,42.751556,869.0,1.0,643.0,False,94.2856405005419,0.7347172376072951,0.04567372,CRETACEOUS,-137.27754417065245,3,25.50257778167725,0.2791900711785816,0.2792018431157208,0.2828706152754032,0.2837326482356355,0.2872272700677282,0.2944998115575131,0.2938336065844503,0.2958204335019591,0.3065891612932937,0.303624152336142,0.3238662021706797,0.3562715085365144,0.3552053589127174,0.3522667913412791,0.3468482225834188,0.3665811327282159,0.386757859812941,0.3577577246570525,0.3500528378298608,0.3473467157072792,0.3632754574936025,0.4116682858619385,0.4955413097420059,0.5279711072074762,0.5095338354266422,0.5219919784045589,0.4662795256560362,0.4749114215779361,0.4977365944723463,0.5448151976612239,0.5443943037000318,0.5574600186434143,0.5721408084483943,0.5470499503008627,0.5690373961966592,0.5704699305885281,0.5327470974786753,0.5545008476262092,0.6163869715635566,0.6280189176806678,0.5607430655436109,0.5680080942132384,0.5427784196368519,0.4626555189994994,0.4306141165831362,0.4603096367422464,0.5478842959317399,0.5383375172192159,0.5113794614902206,0.5346117295828067,0.5860333413499519,0.5786359283892271,0.5793147674041619,0.6023955471291594,0.5960156225158589,0.5756061380384715,0.5123364511599039,0.491988432340231,0.5079480256152892,0.5621199265982438,0.6198838618561658,0.6097418939529634,0.613989621480249,0.5807654442133467,0.5042376724399,0.4690531993182582,0.4046351693982303,0.3293578098965876,0.3164570444471042,0.2879745846241534,0.2010562629481312,0.1666748807175402,0.1646907529741311,0.1345509682880213,0.095418690567663,0.0779013947452496,0.0689490780538776,0.0647893682855563,0.0634032451969133,0.0520197019100173,0.0565280659854207,0.0568899512731258,0.0562880975501854,0.0541766705752982,0.0563408529918026,0.0581389486112486,0.0595787302968743,0.0595928070347203,0.0589201551962646,0.0552353005267927,0.0491261535541341,0.0465704458511183,0.043845363081578,0.0404764608542976,0.0391065882843223,0.0367135230439478,0.0307578531071494,0.0255571637480465,0.0214195223948915,0.0189237494013002,0.0159098886574882,0.0134999323382914,0.0114686812265497,0.0098087604505491,0.0090168851581093,0.0079768117364953
EMSC-20161030_0000029|IV.T1213..HN,EMSC-20161030_0000029,2016-10-30T06:40:18.000000Z,13.12324,42.83794,6.169,Spallarossa_et_al_2021,6.6,161.3,40.0,-90.0,23.99,9.0,0.87,12.6,14.0,3.11255773507558,7.116095178252116,10.024584438179676,0.0,IV.T1213..HN,IV,T1213,,HN,13.125775,42.724918,860.0,1.0,666.0,False,80.42021270148182,0.7057632885156508,0.13572687,CRETACEOUS,-131.740571417266,3,47.307485580444336,0.8136220687341307,0.8130993177616157,0.8764268775894082,0.9051199127609412,0.9726084661059978,1.0738936028817736,1.116402924722916,1.1274492218201029,1.1483078502552382,1.1287742921711732,1.2197414262895765,1.2263407116258185,1.3162604303569116,1.3416182865351776,1.352507246626517,1.4918431106536645,1.6489050218781518,1.6695905673962057,1.5789347565777514,2.025914196495348,2.183084076841634,2.289863133168331,2.190815771456432,2.11150782958502,1.8322042792524007,1.742423996681394,1.7752981073633538,2.0056408539034347,2.097060463469023,2.1729126058981865,2.419738302076999,2.503514068217961,3.0006429792285574,3.4445366419656755,3.274828247140295,2.8032376023771506,2.321992725327087,2.073195615231428,1.889526105184081,1.5893060876645595,1.4833671500083645,1.5033977493973092,1.3585412789132498,1.4046799867867614,1.392950577515653,1.3590617816551984,1.2140278723695144,1.1060747886879967,1.2448949482839635,1.2997218652451037,1.23731183178773,1.0883793294294797,1.0095339720046557,0.991510189752403,0.9869108240217758,0.971867396114828,0.9072604446772712,0.8016543807049439,0.8397264819729331,0.8791508647653153,0.7966037325119782,0.7544058822899941,0.7050491213978456,0.6255070908698473,0.5418652848456343,0.4628309429028734,0.4520033857296894,0.4467379238605174,0.3934456063661248,0.2995214304270844,0.2975384012954454,0.2846855186708851,0.2596256810554142,0.2359224520428364,0.2145370548093145,0.193936837615029,0.1721572661869692,0.1655302263460058,0.1600333680979678,0.1291149178102096,0.1029034835444322,0.0925898939155788,0.0821633552226173,0.066721011145026,0.0598220784859838,0.0539357519508251,0.0484368778198945,0.0458700022831542,0.0435374684467751,0.0390877296993966,0.0350753769449304,0.0321070509218149,0.0295202031451155,0.027211658733004,0.0250942552329422,0.0231303614371932,0.0207162094606562,0.0184607151613385,0.0167757597482104,0.0148320732393523,0.0130184723930725,0.0117375899353181,0.0104827197791368,0.0092326772732547,0.0080348953160282,0.0070665512922994
EMSC-20161030_0000029|IV.T1214..HN,EMSC-20161030_0000029,2016-10-30T06:40:18.000000Z,13.12324,42.83794,6.169,Spallarossa_et_al_2021,6.6,161.3,40.0,-90.0,23.99,9.0,0.87,11.2,12.8,0.0,2.2016478833340454,2.37616645821505,0.0,IV.T1214..HN,IV,T1214,,HN,13.208697,42.759537,1490.0,1.0,435.0,False,311.349484087633,1.148899055096044,0.0662445,CRETACEOUS,-124.16556934562142,3,42.79189300537109,0.5604758073025543,0.5607676739551661,0.5776397330984063,0.5816809392280394,0.5893966948215864,0.6244342854721546,0.6285853394337862,0.6557454249114095,0.6788044784116555,0.7140844906398477,0.7918611148235667,0.7858797534288063,0.8077161612193621,0.843428457878312,0.8447930208600474,0.9335770459464116,0.9988809054053748,1.0143422878102164,1.2236521286337534,1.296056212898747,1.2878639054135683,1.3754715450427435,1.5283738662217077,1.7600923003000006,2.064035698464153,2.17042333156194,2.100978770544065,2.10954695614588,1.7042323533326955,1.868085669739391,1.5781972285206165,1.5453973408882908,1.6369193583744133,1.476558412306484,1.4373742276550292,1.3951573048904309,1.5174599456217603,1.4479811123886874,1.6581524510520635,1.9319770012981967,1.469943052678489,1.349141009167487,1.4345106287662177,1.5751240674716995,1.578035814735415,1.5408660249233184,1.4124224029748154,1.354707648434782,1.329096924618432,1.2469716209192647,0.9918862653139982,0.8906441315032688,0.7439543098339998,0.5803891565290349,0.528920709332333,0.4876278392375797,0.4674937831516037,0.4869207482075157,0.470806461408728,0.4865982999196941,0.5283097890726351,0.53427939917338,0.5556495964328532,0.5407548769394717,0.4625554028305427,0.3762664372936619,0.3559582584748724,0.3413343570212254,0.3227279985712292,0.3209572143517895,0.3209582876936051,0.3224249841228817,0.2740607835471139,0.2315040450997727,0.2019609164441588,0.2006048310028069,0.2013077649273097,0.1984786121069551,0.1995250841352854,0.1925330970610441,0.1645178953886738,0.151662333730337,0.1421473227331657,0.1302929333770928,0.1160397149656287,0.1016799074739406,0.0877930348401315,0.0814019859433485,0.0753562246325349,0.0691163004492738,0.0644225087597075,0.0595568809318093,0.0549249629810378,0.0504301408811499,0.0461800847134539,0.0423158614861343,0.0336343872780171,0.0278104001310266,0.0234662606101466,0.0199087995883362,0.016981294781672,0.0147435263064059,0.013253997433187,0.011979900881403,0.0107381250680581,0.0098364600797398
EMSC-20161030_0000029|IV.T1215..HN,EMSC-20161030_0000029,2016-10-30T06:40:18.000000Z,13.12324,42.83794,6.169,Spallarossa_et_al_2021,6.6,161.3,40.0,-90.0,23.99,9.0,0.87,21.2,22.1,20.245770775037524,21.306602622772772,27.143666558196664,0.0,IV.T1215..HN,IV,T1215,,HN,12.868511,42.80188,695.0,1.0,787.0,False,34.07677523387868,0.5830670351194217,0.12408647,CRETACEOUS,-148.2917714900969,3,5.781639575958252,0.0802729212002048,0.0802976467949772,0.0837397814755345,0.0849689704027426,0.0859962762758481,0.0965524270985992,0.103011348523828,0.1066512357675441,0.1269974050382671,0.1309022741697889,0.1827141144600835,0.1806284951309841,0.1655046775000278,0.1707673224295321,0.1819945506872272,0.2016468994914504,0.2030830844455403,0.2716645038155042,0.2926598491038391,0.2741658754650782,0.2436394236234519,0.2424032616546322,0.2533402789095893,0.229029753946238,0.236410714313787,0.2304832951919835,0.2000978481828019,0.1811801677711788,0.1771861621298608,0.1900954967493722,0.1733625674665965,0.1745402431309055,0.1506028942519072,0.1294816491971132,0.1240855863475328,0.1328820060423615,0.1360130303634892,0.1129453879154281,0.1090596187406955,0.1004238050710057,0.0842110711333495,0.0798250551038389,0.0764707162631364,0.0826916538545582,0.0971820844366552,0.1008782345217907,0.1093808844557856,0.1053652066460039,0.0981114571211799,0.0911269019938269,0.0743364258218974,0.0695754147394442,0.0641396221408837,0.0704482490166334,0.0722145412424487,0.068741369656551,0.0625333448833267,0.0629049709308971,0.0446268242758221,0.0412106153844601,0.041511986179755,0.0432861817006767,0.0462469964728754,0.0504905960916916,0.0429210961578953,0.0422238065298935,0.0479403983592542,0.0617038428001995,0.0620271440694165,0.0455066920764783,0.0453796021116209,0.0515981110591599,0.0469231353289639,0.0342653727276425,0.0274156877606394,0.0260471264984286,0.023952348965388,0.0252356558736853,0.0252771328908929,0.0231253881909598,0.0192183766390305,0.0190686082339379,0.018857639056175,0.0172258208812027,0.0144352134923722,0.0121983790038588,0.0107924832285248,0.0104295667789393,0.0101066981406445,0.0096588368376207,0.0097430990108709,0.0095830900487346,0.0094076664278356,0.0093964123442935,0.0095099859234139,0.009383084851593,0.008349673554892,0.007488254766646,0.006283873028545,0.005422908734528,0.0050729747894966,0.00464224698193,0.0040221230481256,0.0035511499076004,0.0031112326655608,0.0028363099047257
EMSC-20161030_0000029|IV.T1216..HN,EMSC-20161030_0000029,2016-10-30T06:40:18.000000Z,13.12324,42.83794,6.169,Spallarossa_et_al_2021,6.6,161.3,40.0,-90.0,23.99,9.0,0.87,10.3,12.0,5.712363400181853,8.765842122444793,12.342810666283562,1.716366720939558,IV.T1216..HN,IV,T1216,,HN,13.019,42.890667,620.0,1.0,797.0,False,31.73887077150682,0.5747053797530507,0.08460502,CRETACEOUS,-134.95945896652304,3,15.436495780944824,0.2716290379019355,0.2716453448255869,0.275028343901061,0.2763992987671094,0.2792467094997471,0.2850397330245451,0.2851190630840065,0.2830409037567743,0.2928715411775933,0.2952379262528364,0.305574503383152,0.3311578810960426,0.3506716152217392,0.3473893073830664,0.3564795758729941,0.3731937093674597,0.3810874084034852,0.4498408631756423,0.4544104818547006,0.4548973974983374,0.4715479306513401,0.539457951739526,0.5309222505372934,0.6366083903446025,0.689059122891227,0.7709995133457966,0.8140543813324325,0.7350859198398522,0.6765634952476108,0.683739064881744,0.647431002360117,0.5653971247676514,0.5563558006407346,0.6173172804430295,0.6547021249799064,0.6970743347410983,0.7287629139121673,0.7181633004402578,0.6598454557382336,0.6949728382134412,0.8146132751291851,0.7845736283569448,0.8372546389262011,0.6435405116399111,0.6565403245982679,0.6511391946039818,0.5358185876271332,0.5408409627679203,0.5534940258107758,0.6269965448830189,0.6967158924370561,0.5823431978876996,0.5071760644530081,0.457214865047077,0.4354490943191915,0.4150565962961634,0.3850959292496007,0.416103574796428,0.4095109537355725,0.3961503657868548,0.310758957448133,0.2790905459726739,0.2413551263665468,0.2078348703119641,0.1714670797721891,0.1495069618930847,0.1386228673267866,0.1297555717267828,0.1161237003184314,0.1217031417117411,0.1025708997602581,0.0988283151674264,0.1063059867434648,0.0992667822924708,0.0664008699805124,0.0585993418128254,0.0609852994813286,0.0602046030049632,0.056751182305656,0.046529865122206,0.037478397337678,0.0349562154360522,0.0314598446621271,0.026309672481353,0.0229692161326766,0.0200867820694785,0.0165474772869563,0.0148961147055565,0.0135318185569063,0.0117942599917705,0.0108843142110876,0.010178652934966,0.0098823095742302,0.0099903213360663,0.0098306052783059,0.0092804588271678,0.0078077086303655,0.0072840496656232,0.0071160798790386,0.0063059854053347,0.0055626909229733,0.0052107943062889,0.0047413520240647,0.0044157611864285,0.0040303717012144,0.0036338248525502
EMSC-20161030_0000029|IV.T1217..HN,EMSC-20161030_0000029,2016-10-30T06:40:18.000000Z,13.12324,42.83794,6.169,Spallarossa_et_al_2021,6.6,161.3,40.0,-90.0,23.99,9.0,0.87,21.0,21.9,18.620206082337475,19.781426693497437,25.52868090586393,0.0,IV.T1217..HN,IV,T1217,,HN,12.931333,42.711902,1004.0,1.0,865.0,False,19.67573785282899,0.5233197861764072,0.24083124,CRETACEOUS,-147.39652680131334,3,5.449295520782471,0.1132454673527199,0.113299873776797,0.1171389726689352,0.1198016055018742,0.1218147606467597,0.1336373038137323,0.1347822889401438,0.1408821164055396,0.1644605692028618,0.169143978684607,0.1711569709329279,0.1756910535394507,0.1899263954171519,0.1903815115000912,0.1934147406963852,0.2326513501276108,0.2480179215341795,0.2611962101844789,0.2822829205661067,0.316586007611268,0.3576631784085292,0.3689403536922301,0.3593990768259682,0.3198342381307261,0.3313856689381743,0.3384935969762522,0.3671701951392213,0.3237671568470431,0.319659845649605,0.3444515893281262,0.2770661245153085,0.2508738455738285,0.2477109284802168,0.2747752577061725,0.2276408908980621,0.2024178787895709,0.2040648124056145,0.2165594599498929,0.1854783771684455,0.1809510842244676,0.2237786696600517,0.2338479511673976,0.250926447843845,0.2263970137670438,0.2008784618151529,0.1778302665794473,0.1748303113916418,0.161640815727303,0.1583623315641264,0.1551630907970672,0.1305201624625236,0.1429385839428607,0.1466569983988871,0.1309322994352475,0.123836749959244,0.1185897182887502,0.123302239312901,0.1405010081663291,0.1178908701729956,0.0881895426596491,0.0726880395917044,0.068737384804937,0.0644923069613869,0.0745741094973433,0.068724484074128,0.0530351403944063,0.0395804504637014,0.0359207890092605,0.0408026670818935,0.0428626492754528,0.0540446900209817,0.0552964989588485,0.044031719089787,0.0341856326479536,0.0281591704821295,0.0239101784026114,0.01930431929127,0.0175786911077099,0.0191269830659687,0.0187825339724708,0.0167253365345337,0.0154771092066617,0.0151382867305981,0.0132170548188003,0.0113313680176395,0.0120017390859591,0.0132080220385402,0.0135537491048732,0.0136484772500067,0.0140234524184422,0.0145304560543878,0.0143431781000471,0.0135766572705139,0.0132218797779339,0.0125508747099117,0.0121956132456372,0.010701265239103,0.0091254333166382,0.008070847793694,0.006792610087164,0.0059357303160423,0.0052962067637836,0.0045686285823989,0.0037733031306141,0.0034040956306475,0.0030657317708297
EMSC-20161030_0000029|IV.T1219..HN,EMSC-20161030_0000029,2016-10-30T06:40:18.000000Z,13.12324,42.83794,6.169,Spallarossa_et_al_2021,6.6,161.3,40.0,-90.0,23.99,9.0,0.87,26.1,26.8,19.48546839111029,20.22530353697194,7.5210879256816145,19.475394573598937,IV.T1219..HN,IV,T1219,,HN,13.00473,43.05583,717.0,1.0,624.0,False,107.2851662362408,0.7603655143252634,0.12861864,CRETACEOUS,150.0,3,9.181517124176024,0.2327536020529197,0.2328591249476974,0.2358841946585714,0.236898362074954,0.2443809234203406,0.2457050130166465,0.2518814318205881,0.2741622657210478,0.2877695390261038,0.2960474750874409,0.3132806659834629,0.322382762020543,0.3300734552910919,0.3330582829560001,0.3406631845643116,0.3491150911912412,0.3500894718913278,0.3373116519377585,0.3796494020468222,0.4002573263625764,0.4216606733265749,0.4600671182085791,0.5560905552069124,0.5993626358438425,0.6321948597365666,0.6869244870189587,0.6742533137906712,0.7400962206745277,0.7644493789376223,0.6703177103223746,0.6268169024352545,0.6328874730688479,0.5710752272600645,0.4794958943567369,0.5704784268761729,0.636402490122673,0.612524391944464,0.5781804056675505,0.60977737138194,0.8586004865056829,0.8284854733217593,0.734044085959751,0.6131971544052328,0.6058595646047026,0.5860025737273608,0.6483856418649964,0.6371344731548177,0.5149600414515078,0.4796312985591606,0.4509755244336434,0.4105469740902561,0.3655236396213926,0.3253421341197567,0.2905928358575018,0.2943675101209713,0.2817300074636206,0.2342042872644215,0.2047489899863515,0.1758445710893165,0.1382525377557653,0.110975908925498,0.1052450354776657,0.0908924475697408,0.066689992814474,0.0574967021733312,0.0508165574921349,0.0408896345113218,0.0355932830582861,0.0335239861326544,0.0292846332487713,0.02315796848556,0.0193320378286408,0.0187564739151084,0.0177071090841847,0.0166499459343622,0.0146057897949533,0.0137681571001948,0.0133346014304041,0.01416105131956,0.0121966356793931,0.0121927891432965,0.0131310023896986,0.0126554896348645,0.0119145429937466,0.0105922852065505,0.0087608722069765,0.0071868225211942,0.0068482328486568,0.0068566313402756,0.0060714130629449,0.0057076887932775,0.0056321293798895,0.0056490119265808,0.005632473216279,0.0054929958946044,0.0054875825147343,0.0051200154225437,0.0045116048107876,0.0038152703018491,0.003416994621306,0.0028135047675936,0.0023817079171151,0.0020394337904825,0.0017300466250051,0.0014620925182618,0.001239565844445
EMSC-20161030_0000029|IV.T1220..HN,EMSC-20161030_0000029,2016-10-30T06:40:18.000000Z,13.12324,42.83794,6.169,Spallarossa_et_al_2021,6.6,161.3,40.0,-90.0,23.99,9.0,0.87,30.4,31.0,23.01247197382581,23.027341351400704,-0.8995689310402801,22.99489532130088,IV.T1220..HN,IV,T1220,,HN,13.08894,43.11018,474.0,1.0,701.0,False,62.87551191238516,0.6655982472828651,0.059018034,CENOZOIC,150.00000000000003,2,16.260265350341797,0.2433639113803476,0.2434115161538314,0.2450357530845808,0.2454451678761414,0.2468527818556836,0.246169242001957,0.2473037902132152,0.2498611326175353,0.2601739108486732,0.2680609707237727,0.2793932542635482,0.2809263809643187,0.2873884032256634,0.2932568828684417,0.3015646243742519,0.3189124195278174,0.345748873580485,0.369925185864324,0.3496128635509416,0.3396046243071892,0.3526990694417556,0.3608071368173767,0.3658392286449431,0.4033588426914796,0.4212767911115705,0.4183555909438633,0.4079272005946016,0.4196433730808706,0.459200599751662,0.5390675818057656,0.5553519795439059,0.5639902704724636,0.6192595637804633,0.625872954677226,0.6247903932629145,0.7101970111329663,0.6595971796298088,0.6352078849507818,0.6823803509558446,0.8863573315413474,0.976007867063736,0.9358614658538946,0.8783080856943659,0.6338136831475795,0.6019388034916243,0.5596671379766432,0.5856038843031505,0.5725129910674804,0.5347668297949312,0.5086364809167622,0.565645179138221,0.5106179689345135,0.4983823247821172,0.4830686999127655,0.5121571333369205,0.5650397101168929,0.6571798502195568,0.6813246445341476,0.5831419809817734,0.6645966768971852,0.4783079151092351,0.4438704278260061,0.4128694265422997,0.3918423692100626,0.4664877841802675,0.4229003408087884,0.2742560969462151,0.1937773280236148,0.1510704884556451,0.1111927125981995,0.085681125679552,0.0730434612243709,0.0636789961364537,0.0539417740299339,0.050610565609934,0.0465736714587073,0.044684885059992,0.0418908709942378,0.036601069692144,0.0298771018637637,0.0224557061048806,0.0191470413696804,0.016302903034148,0.013149928157721,0.010825978191539,0.0100218396475384,0.009834409911576,0.0096183309818743,0.009252170709761,0.008487643151426,0.007620215312376,0.0068813801673918,0.0063598248059299,0.0056206041175106,0.0053449428589045,0.0050770222062113,0.004341944197751,0.0043068629357295,0.0041157990871485,0.0037207061132932,0.0033713721612956,0.0027860596143913,0.0023508713938709,0.0020804806983344,0.0019305459473686,0.0017425231907462
EMSC-20161030_0000029|IV.T1241..HN,EMSC-20161030_0000029,2016-10-30T06:40:18.000000Z,13.12324,42.83794,6.169,Spallarossa_et_al_2021,6.6,161.3,40.0,-90.0,23.99,9.0,0.87,25.3,26.0,18.25715099645357,18.27714033625876,-18.25715099645357,0.0,IV.T1241..HN,IV,T1241,,HN,13.43116,42.85635,664.0,0.0,894.0,False,16.106258885797395,0.5039453714333935,0.07604503,CENOZOIC,-103.74981805804016,2,8.984825378850939,0.1053598870054223,0.1053970811270284,0.1077698389820507,0.1088802087869389,0.1104903857206717,0.1196664392519137,0.119872996905998,0.1224339885193467,0.1216089308266576,0.1288828147369522,0.1573961415644949,0.1743863844437692,0.1832076893013741,0.182985853854725,0.1729802056455395,0.1607731953888109,0.1677044268957014,0.1881572574931743,0.2033794826956171,0.2034152042999589,0.1949732758303175,0.2018049177334054,0.2442719950344722,0.2325392980384341,0.236985197459446,0.2406962844780171,0.2452018007679361,0.2532959591038322,0.2291453777382262,0.2128047576213348,0.2589482211248698,0.2571291869215327,0.2281425983731431,0.2370935157078742,0.244575198859185,0.2317544696079369,0.2163394457081362,0.2303955222684621,0.2298073457772857,0.2485031571111328,0.2386041249935359,0.2250762297292352,0.2140300939599562,0.2145257585925362,0.227528472604061,0.2461809887290277,0.2804777356421437,0.2644643020924577,0.2433968347910614,0.2220337352983642,0.1928705989201125,0.1778257170357835,0.1655508721673976,0.1482053301673813,0.1375726116666479,0.12928718273886,0.1394224834689719,0.1507192178002589,0.1240968510455691,0.1267950450094142,0.1500036146940984,0.1584900297099741,0.1472249250144392,0.1185366593800465,0.0962100384870668,0.0928238336931078,0.0926817042007449,0.0866367755012908,0.088522749349685,0.0639869556384916,0.056986628787669,0.0623599709432033,0.0615628852659524,0.0601582883641703,0.0588912231814659,0.0552022048813594,0.0517750820407201,0.04874341597905,0.0474065521675,0.0434477852751679,0.0364236935389602,0.0340276064212049,0.0315182061515895,0.0277864362079513,0.0266934491959707,0.025964906864143,0.0259076502534922,0.0259450993221127,0.0269487321752207,0.0278614444227557,0.0272867029022038,0.0254895841438841,0.0241193519368643,0.0224583563864336,0.0212770523056186,0.0200874538939849,0.0174926057804667,0.014583506267257,0.0117944769559355,0.0093583582391701,0.007987387980504,0.0066245274555624,0.0053841722241416,0.0042975618482017,0.0036453263222772,0.0031526419301944
EMSC-20161030_0000029|IV.T1244..HN,EMSC-20161030_0000029,2016-10-30T06:40:18.000000Z,13.12324,42.83794,6.169,Spallarossa_et_al_2021,6.6,161.3,40.0,-90.0,23.99,9.0,0.87,16.9,18.0,4.4246655646068245,4.510384710063597,-4.4246655646068245,0.0,IV.T1244..HN,IV,T1244,,HN,13.29779,42.75697,950.0,0.0,854.0,False,21.24185780253993,0.5310382185317823,0.2029995,CENOZOIC,-117.25572178728386,3,19.89790725708008,0.2196562640708887,0.2195553574152594,0.2247939757233492,0.2274813245650604,0.222241864518496,0.2419290675958333,0.2426374673642475,0.2296213300696093,0.2571454598941785,0.2632317932324556,0.3067307945731871,0.3220746076164702,0.3171273908784178,0.3137274734944767,0.3061207488922327,0.3438809008117179,0.3504401767713954,0.4206061928583456,0.4247275224591589,0.4821871317676643,0.5379603280050202,0.5482739782912072,0.4542595890261032,0.5164254535536638,0.4958929902535711,0.4497913454623907,0.4437991593304402,0.4544195995580098,0.4215387464361897,0.4051154577898034,0.3719970756135933,0.3673137161928317,0.4186049531946151,0.4252168132975827,0.4674809017711854,0.512815688300579,0.5017561075087675,0.5113632336889516,0.5839957181522538,0.6574544225342314,0.5875525194599293,0.5633496172540523,0.5729412620862835,0.5421247567166196,0.5449176573473357,0.4922028157272462,0.4927744721776816,0.5300558715047081,0.5319359623379767,0.5896882961900314,0.5850763668540248,0.4964116647407571,0.4625779423767725,0.4273676944052805,0.4487584737710482,0.4788835011274511,0.4828114730596092,0.4187062451301988,0.4671138640235424,0.4381862778330516,0.3914689426777863,0.3658549043109734,0.3932377717478555,0.380505874751443,0.3977703633646426,0.3662907804283765,0.3564661372926208,0.3863042891629883,0.384364873601575,0.4006683341652183,0.3939489790566943,0.3543855974123441,0.2987803788813303,0.2442919344178348,0.187441406607152,0.1550971264771465,0.1369189461888496,0.107689421839065,0.0821864623962253,0.0611791312277246,0.0514400998376802,0.0468395085583733,0.0457915507238312,0.0477682876587857,0.0467176041754294,0.0497924197872211,0.0490092326964442,0.0477888249210979,0.0467064716456149,0.0454874696636532,0.0419295171190204,0.0398775210653798,0.0370273507463303,0.0342665950258481,0.0310622851560255,0.0285967769669601,0.022895185523986,0.0176616547546535,0.0141162364727307,0.0114777111921451,0.0100607602393416,0.0086231918726391,0.0072673367582465,0.0063452704019089,0.00574276915936,0.0052160269417306
EMSC-20161030_0000029|IV.T1256..HN,EMSC-20161030_0000029,2016-10-30T06:40:18.000000Z,13.12324,42.83794,6.169,Spallarossa_et_al_2021,6.6,161.3,40.0,-90.0,23.99,9.0,0.87,20.5,21.4,11.486684959035466,11.51880261038202,-7.7452924016779985,8.482590512699053,IV.T1256..HN,IV,T1256,,HN,13.22604,43.00631,1536.0,0.0,870.0,False,19.00474666194022,0.5198805350309917,0.20110661,CRETACEOUS,-82.13789266832293,2,10.988179571532974,0.1062962021015331,0.1063234270378333,0.1082183242329058,0.108735534408869,0.1144616726644045,0.1161211076649436,0.1214405134390465,0.12913989541066,0.1270445865458472,0.128968227661018,0.1258692759396088,0.143413327314978,0.1481118809438631,0.1488066861919527,0.1440375736628301,0.13360377800569,0.1389020639270437,0.1677880235284251,0.188913545432826,0.1735364480562245,0.1883166132872801,0.1892717382760082,0.2164490872371087,0.2168871220140469,0.2429654668641276,0.2151261631462616,0.2220977533064849,0.2157382486236205,0.2010653132114171,0.1930138817640307,0.2082024784052838,0.210133898288581,0.2293707138204844,0.2297089132236686,0.2314339021211333,0.2772255845370642,0.2766817706506244,0.2875107117504904,0.2775071759581101,0.2339531594256837,0.2019150216872322,0.241438463354362,0.2903954382273253,0.3546900326500547,0.3705564188605751,0.3766017294326554,0.3583899829166102,0.3204274489444809,0.2970445514513419,0.2709191746397132,0.2611457483819064,0.2184967474051762,0.2114260771012004,0.2100988410425666,0.2147420647314709,0.2230081514188364,0.2210795448263707,0.2087706481549998,0.176269699799652,0.1482876013889181,0.14716434157145,0.1452206817525664,0.1428265458497207,0.1475700112700839,0.1490340193087174,0.1618569867730634,0.166877671831757,0.1736938463441364,0.164451872050787,0.1351975599631314,0.1201257324025825,0.0931509910890689,0.078031025487225,0.0783194155265252,0.0743168966685926,0.0628525018074611,0.0527422388427499,0.0495421729141662,0.040985134421024,0.0329327235067306,0.0277236973140158,0.0283769612967455,0.0281147155319473,0.0268184738906149,0.0262459042531861,0.0248824954009402,0.0227469841354888,0.0228487496857741,0.0230089598278109,0.0231025234496752,0.0233839951979769,0.0230661832767005,0.0218044722326783,0.0202561849962626,0.0192711407882784,0.0179782649701608,0.0149319620188876,0.0123374345915634,0.0107656423961256,0.0088478430604173,0.0074392815743394,0.0060199639169915,0.0048921010256185,0.0043177739090085,0.0038433164561187,0.0034052476283785
EMSC-20161030_0000029|IV.T1299..HN,EMSC-20161030_0000029,2016-10-30T06:40:18.000000Z,13.12324,42.83794,6.169,Spallarossa_et_al_2021,6.6,161.3,40.0,-90.0,23.99,9.0,0.87,26.1,26.8,8.183829019751004,8.309754266488103,1.139844378151217,8.183829019751004,IV.T1299..HN,IV,T1299,,HN,13.282205,42.634223,940.0,0.0,897.0,False,15.77857039231654,0.502017697365705,0.04919048,CENOZOIC,-122.25556865913816,3,26.37498569488525,0.4498839150432598,0.4498841449840712,0.4521493342219554,0.4581341426142393,0.475845126903542,0.4871396816448659,0.4871008092675996,0.4804391225130672,0.4876223157269193,0.4910868524893915,0.5044761366576719,0.5178747738256719,0.5335328529368191,0.535338597750226,0.5341495593478252,0.5292519112034196,0.5171527011087113,0.5241842386164672,0.5919725987525195,0.6537486049783822,0.6836457243244468,0.6792546296218185,0.722692991130691,0.8005075033949607,0.7827435859818542,0.7176735710675425,0.7492220674966579,0.8282107400089902,0.9991829774693056,1.1391720030490715,1.223731975650583,1.2269336527598085,1.1369081023859913,1.0258063390636627,1.026677856204588,0.8844090473339152,0.8484594922875521,0.8230894517038302,0.7489015792722101,0.6936025771080049,0.7588531331956118,0.7182778762725432,0.6904700869497639,0.7053946842760568,0.7235782614462234,0.7597200364543307,0.8067791367687851,0.7670969296933344,0.7518838517068981,0.7308758339492175,0.6995927803195426,0.6836180363155098,0.654632600922692,0.5806175603374674,0.5304490010372763,0.4832930954740332,0.4286967825261993,0.4219169496225144,0.4660631569186061,0.4464493847290348,0.4350552814925991,0.4169411924349781,0.3714106739508947,0.3108875583777012,0.2651913395522687,0.2377914652959538,0.2241356619419636,0.2053883242647469,0.1843454115848332,0.1507387265400343,0.1230515174171227,0.1202012988756487,0.1177147194849873,0.1039503510760712,0.0845154031399336,0.0648867778609426,0.0587540081492269,0.0537728401518097,0.0560781875502792,0.066678021787205,0.0635813797350105,0.0581243576120763,0.0514565027676521,0.0409066873414699,0.0391138645025879,0.0418974761856025,0.045276309671848,0.0458342010877422,0.0455958823650689,0.0447047839882586,0.0443075732480333,0.0419889678701872,0.0396308758500831,0.0375609067798104,0.0338445750652212,0.0301554641372005,0.0243076577347555,0.0194477426090978,0.0149764112129891,0.0111952690206663,0.0087644600843843,0.0074549650960636,0.0063836463839998,0.0054459644295752,0.0046477307751323,0.0039819738999152
EMSC-20161030_0000029|IV.TERO..HN,EMSC-20161030_0000029,2016-10-30T06:40:18.000000Z,13.12324,42.83794,6.169,Spallarossa_et_al_2021,6.6,161.3,40.0,-90.0,23.99,9.0,0.87,46.1,46.5,29.381882974808143,29.39701751146308,-23.415395584565108,17.77474775519242,IV.TERO..HN,IV,TERO,,HN,13.60393,42.62279,673.0,0.0,912.0,True,14.24393848987804,0.49258307684562,0.12193358,CENOZOIC,-97.29775618457651,2,6.055360794067383,0.1072452871509901,0.1071462926002921,0.1097818770791275,0.1106286758865125,0.1117310034913588,0.1196090151705198,0.1203313107689357,0.1211830512574836,0.1273504474421095,0.1272595413407466,0.1412021031611846,0.153982393344718,0.1706454648437836,0.1877731844602213,0.200076296774359,0.212454057076319,0.2219471275787015,0.2407240710244783,0.2709766365977595,0.3380651988178056,0.3488666679458551,0.3171457127298686,0.3018849851391403,0.2914739042415278,0.2832352472364254,0.2989891997284867,0.30217685602367,0.3291847291306764,0.3673013632884788,0.3886377760374686,0.4134080908585136,0.3684829511807778,0.3088933306682552,0.2518362308361691,0.2417175710026371,0.2731644709616623,0.281429107171863,0.2278785201506871,0.1763837958655769,0.1875306294244395,0.1969322996442445,0.1894231512237412,0.1820174725604446,0.1822264154838394,0.1845355048412699,0.1972721789080593,0.2173262339331741,0.168174591702152,0.1633864315967987,0.1566556890696375,0.1815760180752848,0.2007350127476177,0.2156349912361224,0.2291689222871757,0.2322575814392361,0.233557568681829,0.2307397615871633,0.2696478958236799,0.2113611802002642,0.1437762148923417,0.1410193015937645,0.134297967166662,0.1154343537431387,0.0831342041657459,0.0537172399650272,0.0433940712775002,0.0409300958491008,0.036105609936549,0.0349142715731321,0.0363007472073765,0.0333015129808328,0.0280748492973952,0.0256609363795753,0.0214104439941716,0.0226150169511843,0.0203688842038528,0.0168928304267616,0.0153568547070181,0.0131387589170091,0.0107686478622128,0.0096415914696772,0.01041584701627,0.0107155935783339,0.0103185990892267,0.0097392832514047,0.0104503067696494,0.0112786689169774,0.0116147161950014,0.0119956772091628,0.0130568531339799,0.01368307252114,0.0139449977005388,0.0132711226329966,0.0128114327600015,0.0122688944717728,0.0116018449987256,0.0100200472463476,0.0087313965115946,0.00745176646566,0.0065753353087246,0.0057581375247627,0.0050128396658003,0.0042223411318497,0.0034704572431825,0.0030406933339911,0.0026467190303148
EMSC-20161030_0000029|XO.AM05..HN,EMSC-20161030_0000029,2016-10-30T06:40:18.000000Z,13.12324,42.83794,6.169,Spallarossa_et_al_2021,6.6,161.3,40.0,-90.0,23.99,9.0,0.87,24.3,25.1,16.62735085736011,16.648962219488855,-16.488359926503154,2.1454416424005105,XO.AM05..HN,XO,AM05,,HN,13.352786,42.977404,464.0,0.0,756.0,False,42.50253773099927,0.6104985659872405,0.06613902,CENOZOIC,-106.17603208313778,2,8.063970565795898,0.2454793526213119,0.2454990191394417,0.2539630813149622,0.2569186614063029,0.2617664282028422,0.2674865728157802,0.2686126127985628,0.2755055395477498,0.2771319835495501,0.274581602862289,0.3196445620796553,0.3693372938013348,0.3706832798623733,0.3623636588337731,0.3687890153320089,0.3807764908689631,0.3692450854358321,0.4050478527692552,0.429121554674053,0.4634420780197928,0.4843460802051461,0.4639237358335484,0.5622692003014256,0.6577825398853733,0.7858418502513306,0.9255280253105952,1.07722764430544,1.0776608036279405,0.8230833490669288,0.8572808255148067,0.8155956279752253,0.8051192978194739,0.7656553453722471,0.7507884637026584,0.6339895671805376,0.5155202433085573,0.4295620727448445,0.3814687694813655,0.3423895675083382,0.298912658711946,0.2700151987612613,0.2290424785033964,0.2208685425069477,0.2050555830133193,0.1937779207729894,0.2029019260712109,0.1770592872280349,0.1506511962871233,0.1560452866798426,0.1570041168476701,0.1509672485100728,0.1409848041760171,0.1205072752852482,0.1242491864022099,0.1207962236634064,0.1200693482876772,0.1105938282242756,0.100119529608115,0.0789497483478997,0.0801346325899139,0.0808451477921656,0.0788112204822986,0.0781177509690504,0.0713776650248088,0.0765295255836384,0.0777529651865861,0.0698541392096711,0.0660540744288261,0.0561008153496132,0.0450340609133924,0.0480049272790127,0.0529453602495009,0.0412378865049795,0.0375969814473534,0.0337366223212159,0.0367672164133084,0.0386723489658035,0.0331019333548845,0.0306315117234213,0.0254141810341222,0.022258312341287,0.0192923834840272,0.0176797467644965,0.0181643137143925,0.0180874679476314,0.018688225677252,0.0205678994868073,0.0213968886886381,0.0219886127790618,0.0229199701421071,0.0228242172947982,0.0228286536715288,0.0225590520265267,0.0220785956383988,0.020963734261175,0.0196022507786497,0.0161844439388682,0.0132478030362274,0.0109822226009627,0.0093362416539555,0.0081966476943992,0.0070321147711006,0.0060276256234461,0.0053489826221986,0.0047560788105434,0.0042086020328499
EMSC-20190926_0000070|KO.DST..HN,EMSC-20190926_0000070,2019-09-26T10:59:25.000000Z,28.1928,40.8901,12.0105,ISC-webservice,5.69,27.0,62.0,40.0,9.98,8.7,10.0,147.5,147.9,141.28237953279717,142.18536329482956,97.69443902578196,105.81574783103252,KO.DST..HN,KO,DST,,HN,28.6267,39.6041,693.0,0.0,399.0,False,356.9497987425192,1.2682374971627408,0.016824069,CRETACEOUS,-150.0,4,1.6242051720619202,0.0117758567569545,0.0117754387897586,0.0118484059570741,0.0118634451162431,0.0118960924454381,0.0119543644809807,0.0119698129575108,0.0120250488327261,0.0121058286633047,0.0121145770976416,0.0122659737969988,0.0124357238102824,0.0126207463855669,0.012743605425233,0.012865071388205,0.0129037949008349,0.0129841063208517,0.0129349920558463,0.0140874710002328,0.0144487006169183,0.0140354472056197,0.0138555951962533,0.0151340167816426,0.0159988362703437,0.0144594149587613,0.0154844410636551,0.0162630331901535,0.017782724613351,0.0217240750005608,0.0227515182330167,0.0205877527171146,0.0198867020944987,0.0201082109790383,0.0235090712955165,0.0273903801533995,0.0274944552157938,0.0343260245647091,0.0350809409398721,0.0283279849440444,0.0256636518686134,0.027928858155879,0.0250056653027507,0.0217806787871576,0.026446406194546,0.0267392268132447,0.0282490687939376,0.0272886367469081,0.0245808570024096,0.0235055064213408,0.0230089073832086,0.0216966767017165,0.0235724091200241,0.0242876491331345,0.0226879789726868,0.0227868215463498,0.0230647213469571,0.0235244282427679,0.0243982459061326,0.0200691695977751,0.0273532275468156,0.0287931149523351,0.0288267706874733,0.0271505619088059,0.0218669429359374,0.0182641642579199,0.0179445381233065,0.0165325080909456,0.0184059536553086,0.0197075489364107,0.0240070347973861,0.0204920540649651,0.0206054513777616,0.023579353393055,0.0204345043156744,0.0154903519002812,0.011711187476532,0.0099258736802194,0.0083435114257322,0.009391515892356,0.0095031307259404,0.0080991357617324,0.0067099074250183,0.0057088479217025,0.0041040135456458,0.0030005024768455,0.0027545007101541,0.0023913554080118,0.0021676998074323,0.0021809973630335,0.0018547264301538,0.0016912568775725,0.0016062656014978,0.0015561697474128,0.0014730693281517,0.0013689759547612,0.0012625074321827,0.0010715387162041,0.0009062789667525,0.0007916494149509,0.0006709331902483,0.0006054218469245,0.0005920055825848,0.0005857290085536,0.0004862237988172,0.0004133905293606,0.0003437972866376
EMSC-20190926_0000070|KO.GONE..HN,EMSC-20190926_0000070,2019-09-26T10:59:25.000000Z,28.1928,40.8901,12.0105,ISC-webservice,5.69,27.0,62.0,40.0,9.98,8.7,10.0,103.1,103.7,98.43566620940572,98.93662417924811,3.7811768675945143,98.43566620940572,KO.GONE..HN,KO,GONE,,HN,27.686,40.0466,143.0,0.0,647.0,False,91.73092752397376,0.7295231620731369,0.056531683,CENOZOIC,-150.0,4,0.8541003167629242,0.0116085313639251,0.0116082916557787,0.0117038719801239,0.0117291903347798,0.0117783862236515,0.0118394511760068,0.0118350351367508,0.0118196679319166,0.0119595267630197,0.0120744902328716,0.0123562862247363,0.0124612364520845,0.0124188305118226,0.0122791639856289,0.0121240292161498,0.012321162724975,0.0127504167353393,0.0135634314934965,0.0136520864483853,0.0143918063484638,0.0151059483779322,0.0154434651467111,0.0138241027572211,0.0147719319963918,0.0166646859250039,0.0177426381053114,0.0176514541250867,0.0199700551249069,0.019759203210833,0.0178206097828974,0.0183769237652729,0.0183660631958271,0.020502006260671,0.0253131715782893,0.0270511984655602,0.0291812146910227,0.0279235977824663,0.0298862693820581,0.0322913760569705,0.0365345184455652,0.0339585340238293,0.0378213356604412,0.0375015938885875,0.0340144711146418,0.0312494582151544,0.0279742878614116,0.023034390570278,0.0174955678477304,0.0169094707607587,0.0170461090855062,0.0184147337447648,0.0200959992335894,0.0232174604304199,0.0250906005591852,0.0249758325117469,0.0251362712215681,0.0251114812501366,0.0225180808529616,0.0148738936954502,0.0150265305758881,0.0162677331958098,0.0161192628026213,0.014441227265295,0.0106931895803261,0.0101262163939813,0.0109631207836156,0.0114862613973572,0.0110074886745034,0.0106571009334957,0.0102614792491369,0.0087048809480549,0.0079622473243105,0.0075744421114705,0.0077139573611392,0.0079609815799221,0.0095448917149478,0.0090100560094405,0.0080821541368615,0.0073748469204731,0.0076790678309775,0.0060436546221859,0.0053681387149205,0.0048130372514932,0.0034781397709359,0.002397501446677,0.0023509678052689,0.0021170611384011,0.0020255443215532,0.002014945676042,0.0020368562865655,0.0020703022951111,0.0019643018595123,0.0020010452303838,0.0017592736382619,0.0015038434551798,0.0015435786255189,0.0017367452037847,0.0016317525730655,0.0012480414805507,0.0009099898787336,0.0006258901511404,0.0006116934314678,0.0005835211208913,0.000524221865309,0.0004746996993795,0.0004104707856265
EMSC-20190926_0000070|KO.KAVV..HN,EMSC-20190926_0000070,2019-09-26T10:59:25.000000Z,28.1928,40.8901,12.0105,ISC-webservice,5.69,27.0,62.0,40.0,9.98,8.7,10.0,75.5,76.4,68.43413405264035,70.5902766604281,55.5047630715989,45.12489113656349,KO.KAVV..HN,KO,KAVV,,HN,29.06,41.0638,138.0,0.0,456.0,False,284.23589660327127,1.0885736114557505,0.04975514,PALEOZOIC,-150.0,4,2.459065556526184,0.0596390894302421,0.0596411736343281,0.0606993310985436,0.0613091130793798,0.0620693749402441,0.0643169880866615,0.064718445385185,0.0637401239617128,0.0675968127974043,0.06705730679352,0.0729485724556375,0.0727937578906254,0.0733207620553595,0.0714917732711935,0.0689397953556432,0.0718835112342027,0.0779054725113799,0.079211109980921,0.080827958509405,0.0992265927827964,0.1031724926535231,0.1102295114549501,0.1012146573102089,0.1165807139361457,0.1226228592310602,0.132964508967555,0.1447102751603454,0.1542270794827032,0.1442066244237864,0.140520058509725,0.1502360346283383,0.1565010411095042,0.1573976016611711,0.169839940320317,0.1779951780001584,0.1690212262965359,0.1739846303027113,0.159770428365868,0.1569573364216902,0.1402319190856795,0.1463607814777196,0.140146171135016,0.1470398643554289,0.154116569948136,0.1634295662473019,0.1555298571428907,0.1172681926083774,0.0938888991202378,0.0776441138338354,0.0766308777419993,0.0773774813436127,0.0771890346821949,0.0591673853855407,0.0612983567180656,0.0643097321993131,0.0667179976879867,0.0722139267534759,0.0766039978935331,0.0732192208566854,0.0665316025929889,0.059244097740299,0.0548349793982972,0.045808584246869,0.0374965706767264,0.0304870331167096,0.026168607193159,0.0229194819325783,0.0211992123395352,0.0188309321331456,0.0176154462824127,0.0156845207991173,0.0144212704381279,0.0121754624124237,0.0105326873802392,0.0089186715793952,0.0076386118898329,0.0065281627961768,0.0057936572338048,0.005178345865881,0.004789292782151,0.0049455485879836,0.0051054167526013,0.0048787222624371,0.0055548906092356,0.0055985625884168,0.00427926074426,0.0032910524587205,0.003222485993838,0.0031099747295509,0.0029223879511782,0.0028705561952171,0.0028203614613878,0.0025519728939704,0.0022229426401293,0.0022166872595844,0.002490987437193,0.0029142140336292,0.0023713669220028,0.0015839896489604,0.0012708889391094,0.0010496084761515,0.0008684662697908,0.000767599007079,0.0006812170467049,0.0006091587912715,0.0005022719642317
EMSC-20190926_0000070|KO.ORLT..HN,EMSC-20190926_0000070,2019-09-26T10:59:25.000000Z,28.1928,40.8901,12.0105,ISC-webservice,5.69,27.0,62.0,40.0,9.98,8.7,10.0,111.0,111.6,104.85748771342624,106.19130189877296,95.21502300029992,51.866745577957424,KO.ORLT..HN,KO,ORLT,,HN,28.8914,40.0452,650.0,0.0,753.0,False,43.42220876088791,0.6132818746445517,0.098282665,CENOZOIC,-150.0,4,4.052851915359497,0.0569699663719451,0.0569662573533119,0.0571802162628503,0.0572380569483669,0.0573492605191614,0.0575129102398816,0.0575522609885753,0.0576341117196685,0.0577722655184838,0.057849339141539,0.0581324133361042,0.0582461521903958,0.0583916931244382,0.0584222215632847,0.0584458425909001,0.0586914087654391,0.0589622028081348,0.059175399775624,0.0598537764439648,0.0630123324755659,0.0639558164047876,0.0629356765355924,0.0628166477291489,0.0642860526702391,0.0681633752598502,0.0686500238760723,0.0647562949259414,0.0651584725960287,0.0635964900362161,0.0642589382221501,0.0759593586470205,0.0791197090556186,0.0913689406016703,0.0929578473733938,0.1128157990426398,0.1213159750789914,0.1094044943454092,0.1177831067409665,0.1197034900729412,0.1510407761814751,0.1941808053630785,0.2092553513541168,0.2162548430843122,0.1973605035016891,0.1783091257476088,0.177157075191512,0.1681378309756998,0.1443655414739155,0.1179134903314694,0.1099226583378648,0.1046600762816525,0.0973781567597542,0.0965496014255928,0.0987527333742064,0.0995560661513314,0.1043118052595375,0.1195422183279677,0.1343985729772993,0.1555109382826792,0.1470201466497996,0.1059527014384984,0.0950081535822162,0.0810217915017314,0.0786080438776025,0.0763018376194547,0.0704183324833935,0.0588665079633097,0.0513466231717178,0.0432077811870046,0.0372584756955527,0.0337951445343625,0.0291256811161709,0.0214308407090018,0.0175789226270149,0.0146242604422515,0.0127760316163332,0.010834974147482,0.0097421348850777,0.0089733203210062,0.0062770931552471,0.0052101293797535,0.0044753782108316,0.0041538977303853,0.0032283791579673,0.0032623587647009,0.0035860987719928,0.0032238275058163,0.0028364347955454,0.0024117363625025,0.002056614250443,0.0018484564132104,0.0017715460748312,0.0016861988357752,0.0015662274209539,0.0015558949513607,0.0015821477518312,0.0013092457234108,0.0011276335606316,0.0011810108218239,0.0011092904350311,0.0008835858860317,0.0006889383435817,0.0006150369634634,0.000521070273023,0.0004325531104119,0.0003880537744313
EMSC-20190926_0000070|KO.OSMT..HN,EMSC-20190926_0000070,2019-09-26T10:59:25.000000Z,28.1928,40.8901,12.0105,ISC-webservice,5.69,27.0,62.0,40.0,9.98,8.7,10.0,131.3,131.8,125.5115919632262,126.5785996703474,127.13816279143688,24.64812651776245,KO.OSMT..HN,KO,OSMT,,HN,29.7,40.6009,798.0,0.0,558.0,False,164.23006419573196,0.8641001064316913,0.2029128,PALEOZOIC,-150.0,4,1.728838562965393,0.0168066751269337,0.0168053446993481,0.0169403973594063,0.0169651998578126,0.0170115443234782,0.0172306997744612,0.0172343226364086,0.017249276170125,0.0174203267867265,0.0174383225883838,0.0173876789347576,0.0173142239580331,0.0174873107925165,0.0177209692546426,0.0178747746425516,0.0177747853440969,0.0175811260104014,0.0199984349777717,0.0222782492681485,0.0235616586293273,0.0247787272617389,0.0266537206075936,0.0270738369856941,0.0241204498424648,0.0262984269086754,0.0259901890571544,0.0287728545116953,0.0314066101394851,0.0361197070225599,0.0353087098213473,0.0378207492306247,0.0381888508013125,0.0394057893269717,0.0389117760478484,0.0520966233014938,0.0580288817490471,0.0571309562390985,0.0497420807121621,0.0468991045607474,0.0515157689778384,0.0525988702873161,0.0487547696582533,0.0423741782503468,0.0354759580924801,0.0370260923515282,0.0369997065820954,0.0313904019110222,0.0325072399885626,0.0330890229756159,0.0332069594742536,0.0360605665945233,0.0353732998927797,0.0317484834921485,0.0282087840536135,0.0274039300626558,0.0284005954423196,0.0286291128219243,0.0261312179950411,0.0187548872470217,0.0186311403957905,0.0213862095388415,0.0219939523776798,0.0222011652940889,0.0219002600636233,0.0198878255296382,0.0200501181524178,0.0217619015222134,0.0196615877045999,0.0200273335163534,0.0155727287387762,0.0146512519773831,0.0170714501272928,0.015232449223677,0.0152386142858456,0.0152873305351766,0.0154256186937284,0.0156842168996304,0.0154391234366657,0.0143188234977656,0.0114785121803833,0.0098104907504236,0.0087623837501743,0.0077774614492419,0.0063812291877833,0.0055584276243088,0.0047325635243076,0.00399030308787,0.0038120531107664,0.0034039572143859,0.0026696122062684,0.0023657355847464,0.0022192119655183,0.0022694963654436,0.0021181471208003,0.0020817712792198,0.002096412631133,0.0015488795413792,0.0011999631344359,0.0012312368057186,0.001136825466202,0.0009393746630479,0.0006924738145624,0.0005707243312484,0.0005002510391911,0.00046586067481,0.0004468170404623
EMSC-20190926_0000070|KO.UKOP..HN,EMSC-20190926_0000070,2019-09-26T10:59:25.000000Z,28.1928,40.8901,12.0105,ISC-webservice,5.69,27.0,62.0,40.0,9.98,8.7,10.0,133.9,134.4,132.796382376503,133.06840064014818,-129.34944514755904,30.066430795665863,KO.UKOP..HN,KO,UKOP,,HN,26.6323,41.1288,70.0,0.0,380.0,False,379.8112556831563,1.3410381956948454,0.018317968,CENOZOIC,150.0,2,2.3769012689590454,0.0337469355517495,0.0337460114356423,0.0338889838043628,0.0339282329838259,0.0339923363052095,0.0341017902686651,0.0341392202967271,0.0341590463469134,0.0342753905416267,0.0343190379671104,0.034506239536674,0.0346012112421112,0.0346232160702401,0.034620073235081,0.0346274738400402,0.0347294948096105,0.0348219833571848,0.0352732115461257,0.0354062804551368,0.0359234061379033,0.0360780760151558,0.036319992244631,0.0365814122109736,0.0367433912057103,0.0380302524730831,0.0384948802887973,0.0399841787069462,0.0411218596963929,0.0468814730654764,0.0518660341576359,0.0588114789101586,0.0612604137030825,0.0691503601943331,0.0702674592656238,0.0680059246462617,0.074266197236897,0.0812445748710923,0.0941401335152993,0.1082192864859973,0.1192460751274391,0.1367829937998885,0.142970356642749,0.1277686312410655,0.1052105780550796,0.0989073492377762,0.0959223627384781,0.0893179325692067,0.0999635635681996,0.1021233253790112,0.1085460668122974,0.116114888523474,0.1098211059459579,0.0964881489888796,0.0822478833891132,0.0765433304644614,0.0695081460221129,0.0564159539631678,0.0508354613543699,0.0602403595881202,0.0669579213567359,0.0636318756403245,0.0599383322043271,0.0517246926364628,0.0392407188811073,0.0282379767699094,0.0208059797638531,0.0152177438055164,0.0122203286225784,0.0126408933996786,0.0133056993218044,0.0121512680639007,0.0106277699679919,0.0096514816484643,0.0094483516186387,0.0088829017910019,0.0071446023416292,0.00582439795087,0.005565413167923,0.0057383821572746,0.005940971883672,0.0054840547271337,0.0052221397823716,0.0046846369308263,0.0040076252707613,0.003780210700444,0.0034134095018097,0.0029048160386617,0.00258091346678,0.002351394286752,0.0020455310114333,0.0017794785495314,0.0015719656111052,0.0014322799677202,0.0012877141745003,0.0011289193504544,0.000956119349372,0.0009283722528617,0.0009298143607467,0.0009084877850748,0.0009437256104991,0.0009066802895336,0.0008748731360124,0.0006686652031537,0.0005007059213326,0.0004525625110511,0.0004143506642389
